[0.010s] Invoking command in '/home/yahboom/5550_ros2_ws/build/ydlidar_ros2_driver': CMAKE_PREFIX_PATH=${CMAKE_PREFIX_PATH}:/home/yahboom/5550_ros2_ws/install/yahboomcar_nav:/home/yahboom/5550_ros2_ws/install/drone_description:/opt/ros/humble /usr/bin/cmake --build /home/yahboom/5550_ros2_ws/build/ydlidar_ros2_driver -- -j4 -l4
[0.053s] [35m[1mConsolidate compiler generated dependencies of target ydlidar_ros2_driver_node[0m
[0.057s] [35m[1mConsolidate compiler generated dependencies of target ydlidar_ros2_driver_client[0m
[0.070s] [ 25%] [32mBuilding CXX object CMakeFiles/ydlidar_ros2_driver_node.dir/src/ydlidar_ros2_driver_node.cpp.o[0m
[0.074s] [ 75%] Built target ydlidar_ros2_driver_client
[1.767s] [01m[K/home/yahboom/5550_ros2_ws/src/ydlidar_ros2_driver/src/ydlidar_ros2_driver_node.cpp:[m[K In function ‘[01m[Kint main(int, char**)[m[K’:
[1.767s] [01m[K/home/yahboom/5550_ros2_ws/src/ydlidar_ros2_driver/src/ydlidar_ros2_driver_node.cpp:51:26:[m[K [01;31m[Kerror: [m[Kno matching function for call to ‘[01m[Krclcpp::Node::declare_parameter(const char [13])[m[K’
[1.767s]    51 |   [01;31m[Knode->declare_parameter("ignore_array")[m[K;
[1.767s]       |   [01;31m[K~~~~~~~~~~~~~~~~~~~~~~~^~~~~~~~~~~~~~~~[m[K
[1.767s] In file included from [01m[K/opt/ros/humble/include/rclcpp/rclcpp/node.hpp:1321[m[K,
[1.767s]                  from [01m[K/opt/ros/humble/include/rclcpp/rclcpp/executors/single_threaded_executor.hpp:28[m[K,
[1.767s]                  from [01m[K/opt/ros/humble/include/rclcpp/rclcpp/executors.hpp:22[m[K,
[1.767s]                  from [01m[K/opt/ros/humble/include/rclcpp/rclcpp/rclcpp.hpp:155[m[K,
[1.767s]                  from [01m[K/home/yahboom/5550_ros2_ws/src/ydlidar_ros2_driver/src/ydlidar_ros2_driver_node.cpp:23[m[K:
[1.767s] [01m[K/opt/ros/humble/include/rclcpp/rclcpp/node_impl.hpp:195:1:[m[K [01;36m[Knote: [m[Kcandidate: ‘[01m[Ktemplate<class ParameterT> auto rclcpp::Node::declare_parameter(const string&, const ParameterT&, const ParameterDescriptor&, bool)[m[K’
[1.767s]   195 | [01;36m[KNode[m[K::declare_parameter(
[1.767s]       | [01;36m[K^~~~[m[K
[1.767s] [01m[K/opt/ros/humble/include/rclcpp/rclcpp/node_impl.hpp:195:1:[m[K [01;36m[Knote: [m[K  template argument deduction/substitution failed:
[1.767s] [01m[K/home/yahboom/5550_ros2_ws/src/ydlidar_ros2_driver/src/ydlidar_ros2_driver_node.cpp:51:26:[m[K [01;36m[Knote: [m[K  candidate expects 4 arguments, 1 provided
[1.767s]    51 |   [01;36m[Knode->declare_parameter("ignore_array")[m[K;
[1.768s]       |   [01;36m[K~~~~~~~~~~~~~~~~~~~~~~~^~~~~~~~~~~~~~~~[m[K
[1.768s] In file included from [01m[K/opt/ros/humble/include/rclcpp/rclcpp/executors/single_threaded_executor.hpp:28[m[K,
[1.768s]                  from [01m[K/opt/ros/humble/include/rclcpp/rclcpp/executors.hpp:22[m[K,
[1.768s]                  from [01m[K/opt/ros/humble/include/rclcpp/rclcpp/rclcpp.hpp:155[m[K,
[1.768s]                  from [01m[K/home/yahboom/5550_ros2_ws/src/ydlidar_ros2_driver/src/ydlidar_ros2_driver_node.cpp:23[m[K:
[1.768s] [01m[K/opt/ros/humble/include/rclcpp/rclcpp/node.hpp:434:3:[m[K [01;36m[Knote: [m[Kcandidate: ‘[01m[Ktemplate<class ParameterT> auto rclcpp::Node::declare_parameter(const string&, const ParameterDescriptor&, bool)[m[K’
[1.768s]   434 |   [01;36m[Kdeclare_parameter[m[K(
[1.768s]       |   [01;36m[K^~~~~~~~~~~~~~~~~[m[K
[1.768s] [01m[K/opt/ros/humble/include/rclcpp/rclcpp/node.hpp:434:3:[m[K [01;36m[Knote: [m[K  template argument deduction/substitution failed:
[1.768s] [01m[K/home/yahboom/5550_ros2_ws/src/ydlidar_ros2_driver/src/ydlidar_ros2_driver_node.cpp:51:26:[m[K [01;36m[Knote: [m[K  couldn’t deduce template parameter ‘[01m[KParameterT[m[K’
[1.768s]    51 |   [01;36m[Knode->declare_parameter("ignore_array")[m[K;
[1.768s]       |   [01;36m[K~~~~~~~~~~~~~~~~~~~~~~~^~~~~~~~~~~~~~~~[m[K
[1.768s] In file included from [01m[K/opt/ros/humble/include/rclcpp/rclcpp/executors/single_threaded_executor.hpp:28[m[K,
[1.768s]                  from [01m[K/opt/ros/humble/include/rclcpp/rclcpp/executors.hpp:22[m[K,
[1.769s]                  from [01m[K/opt/ros/humble/include/rclcpp/rclcpp/rclcpp.hpp:155[m[K,
[1.769s]                  from [01m[K/home/yahboom/5550_ros2_ws/src/ydlidar_ros2_driver/src/ydlidar_ros2_driver_node.cpp:23[m[K:
[1.769s] [01m[K/opt/ros/humble/include/rclcpp/rclcpp/node.hpp:366:3:[m[K [01;36m[Knote: [m[Kcandidate: ‘[01m[Kconst rclcpp::ParameterValue& rclcpp::Node::declare_parameter(const string&, const rclcpp::ParameterValue&, const ParameterDescriptor&, bool)[m[K’
[1.769s]   366 |   [01;36m[Kdeclare_parameter[m[K(
[1.769s]       |   [01;36m[K^~~~~~~~~~~~~~~~~[m[K
[1.769s] [01m[K/opt/ros/humble/include/rclcpp/rclcpp/node.hpp:366:3:[m[K [01;36m[Knote: [m[K  candidate expects 4 arguments, 1 provided
[1.769s] [01m[K/opt/ros/humble/include/rclcpp/rclcpp/node.hpp:391:3:[m[K [01;36m[Knote: [m[Kcandidate: ‘[01m[Kconst rclcpp::ParameterValue& rclcpp::Node::declare_parameter(const string&, rclcpp::ParameterType, const ParameterDescriptor&, bool)[m[K’
[1.769s]   391 |   [01;36m[Kdeclare_parameter[m[K(
[1.769s]       |   [01;36m[K^~~~~~~~~~~~~~~~~[m[K
[1.769s] [01m[K/opt/ros/humble/include/rclcpp/rclcpp/node.hpp:391:3:[m[K [01;36m[Knote: [m[K  candidate expects 4 arguments, 1 provided
[1.770s] [01m[K/home/yahboom/5550_ros2_ws/src/ydlidar_ros2_driver/src/ydlidar_ros2_driver_node.cpp:67:26:[m[K [01;31m[Kerror: [m[Kno matching function for call to ‘[01m[Krclcpp::Node::declare_parameter(const char [11])[m[K’
[1.770s]    67 |   [01;31m[Knode->declare_parameter("lidar_type")[m[K;
[1.770s]       |   [01;31m[K~~~~~~~~~~~~~~~~~~~~~~~^~~~~~~~~~~~~~[m[K
[1.770s] In file included from [01m[K/opt/ros/humble/include/rclcpp/rclcpp/node.hpp:1321[m[K,
[1.770s]                  from [01m[K/opt/ros/humble/include/rclcpp/rclcpp/executors/single_threaded_executor.hpp:28[m[K,
[1.770s]                  from [01m[K/opt/ros/humble/include/rclcpp/rclcpp/executors.hpp:22[m[K,
[1.770s]                  from [01m[K/opt/ros/humble/include/rclcpp/rclcpp/rclcpp.hpp:155[m[K,
[1.770s]                  from [01m[K/home/yahboom/5550_ros2_ws/src/ydlidar_ros2_driver/src/ydlidar_ros2_driver_node.cpp:23[m[K:
[1.770s] [01m[K/opt/ros/humble/include/rclcpp/rclcpp/node_impl.hpp:195:1:[m[K [01;36m[Knote: [m[Kcandidate: ‘[01m[Ktemplate<class ParameterT> auto rclcpp::Node::declare_parameter(const string&, const ParameterT&, const ParameterDescriptor&, bool)[m[K’
[1.770s]   195 | [01;36m[KNode[m[K::declare_parameter(
[1.770s]       | [01;36m[K^~~~[m[K
[1.770s] [01m[K/opt/ros/humble/include/rclcpp/rclcpp/node_impl.hpp:195:1:[m[K [01;36m[Knote: [m[K  template argument deduction/substitution failed:
[1.771s] [01m[K/home/yahboom/5550_ros2_ws/src/ydlidar_ros2_driver/src/ydlidar_ros2_driver_node.cpp:67:26:[m[K [01;36m[Knote: [m[K  candidate expects 4 arguments, 1 provided
[1.771s]    67 |   [01;36m[Knode->declare_parameter("lidar_type")[m[K;
[1.771s]       |   [01;36m[K~~~~~~~~~~~~~~~~~~~~~~~^~~~~~~~~~~~~~[m[K
[1.771s] In file included from [01m[K/opt/ros/humble/include/rclcpp/rclcpp/executors/single_threaded_executor.hpp:28[m[K,
[1.771s]                  from [01m[K/opt/ros/humble/include/rclcpp/rclcpp/executors.hpp:22[m[K,
[1.771s]                  from [01m[K/opt/ros/humble/include/rclcpp/rclcpp/rclcpp.hpp:155[m[K,
[1.771s]                  from [01m[K/home/yahboom/5550_ros2_ws/src/ydlidar_ros2_driver/src/ydlidar_ros2_driver_node.cpp:23[m[K:
[1.771s] [01m[K/opt/ros/humble/include/rclcpp/rclcpp/node.hpp:434:3:[m[K [01;36m[Knote: [m[Kcandidate: ‘[01m[Ktemplate<class ParameterT> auto rclcpp::Node::declare_parameter(const string&, const ParameterDescriptor&, bool)[m[K’
[1.771s]   434 |   [01;36m[Kdeclare_parameter[m[K(
[1.771s]       |   [01;36m[K^~~~~~~~~~~~~~~~~[m[K
[1.771s] [01m[K/opt/ros/humble/include/rclcpp/rclcpp/node.hpp:434:3:[m[K [01;36m[Knote: [m[K  template argument deduction/substitution failed:
[1.771s] [01m[K/home/yahboom/5550_ros2_ws/src/ydlidar_ros2_driver/src/ydlidar_ros2_driver_node.cpp:67:26:[m[K [01;36m[Knote: [m[K  couldn’t deduce template parameter ‘[01m[KParameterT[m[K’
[1.771s]    67 |   [01;36m[Knode->declare_parameter("lidar_type")[m[K;
[1.771s]       |   [01;36m[K~~~~~~~~~~~~~~~~~~~~~~~^~~~~~~~~~~~~~[m[K
[1.771s] In file included from [01m[K/opt/ros/humble/include/rclcpp/rclcpp/executors/single_threaded_executor.hpp:28[m[K,
[1.772s]                  from [01m[K/opt/ros/humble/include/rclcpp/rclcpp/executors.hpp:22[m[K,
[1.772s]                  from [01m[K/opt/ros/humble/include/rclcpp/rclcpp/rclcpp.hpp:155[m[K,
[1.772s]                  from [01m[K/home/yahboom/5550_ros2_ws/src/ydlidar_ros2_driver/src/ydlidar_ros2_driver_node.cpp:23[m[K:
[1.772s] [01m[K/opt/ros/humble/include/rclcpp/rclcpp/node.hpp:366:3:[m[K [01;36m[Knote: [m[Kcandidate: ‘[01m[Kconst rclcpp::ParameterValue& rclcpp::Node::declare_parameter(const string&, const rclcpp::ParameterValue&, const ParameterDescriptor&, bool)[m[K’
[1.772s]   366 |   [01;36m[Kdeclare_parameter[m[K(
[1.772s]       |   [01;36m[K^~~~~~~~~~~~~~~~~[m[K
[1.772s] [01m[K/opt/ros/humble/include/rclcpp/rclcpp/node.hpp:366:3:[m[K [01;36m[Knote: [m[K  candidate expects 4 arguments, 1 provided
[1.772s] [01m[K/opt/ros/humble/include/rclcpp/rclcpp/node.hpp:391:3:[m[K [01;36m[Knote: [m[Kcandidate: ‘[01m[Kconst rclcpp::ParameterValue& rclcpp::Node::declare_parameter(const string&, rclcpp::ParameterType, const ParameterDescriptor&, bool)[m[K’
[1.772s]   391 |   [01;36m[Kdeclare_parameter[m[K(
[1.772s]       |   [01;36m[K^~~~~~~~~~~~~~~~~[m[K
[1.773s] [01m[K/opt/ros/humble/include/rclcpp/rclcpp/node.hpp:391:3:[m[K [01;36m[Knote: [m[K  candidate expects 4 arguments, 1 provided
[1.773s] [01m[K/home/yahboom/5550_ros2_ws/src/ydlidar_ros2_driver/src/ydlidar_ros2_driver_node.cpp:72:26:[m[K [01;31m[Kerror: [m[Kno matching function for call to ‘[01m[Krclcpp::Node::declare_parameter(const char [12])[m[K’
[1.773s]    72 |   [01;31m[Knode->declare_parameter("device_type")[m[K;
[1.773s]       |   [01;31m[K~~~~~~~~~~~~~~~~~~~~~~~^~~~~~~~~~~~~~~[m[K
[1.773s] In file included from [01m[K/opt/ros/humble/include/rclcpp/rclcpp/node.hpp:1321[m[K,
[1.773s]                  from [01m[K/opt/ros/humble/include/rclcpp/rclcpp/executors/single_threaded_executor.hpp:28[m[K,
[1.773s]                  from [01m[K/opt/ros/humble/include/rclcpp/rclcpp/executors.hpp:22[m[K,
[1.773s]                  from [01m[K/opt/ros/humble/include/rclcpp/rclcpp/rclcpp.hpp:155[m[K,
[1.773s]                  from [01m[K/home/yahboom/5550_ros2_ws/src/ydlidar_ros2_driver/src/ydlidar_ros2_driver_node.cpp:23[m[K:
[1.773s] [01m[K/opt/ros/humble/include/rclcpp/rclcpp/node_impl.hpp:195:1:[m[K [01;36m[Knote: [m[Kcandidate: ‘[01m[Ktemplate<class ParameterT> auto rclcpp::Node::declare_parameter(const string&, const ParameterT&, const ParameterDescriptor&, bool)[m[K’
[1.774s]   195 | [01;36m[KNode[m[K::declare_parameter(
[1.774s]       | [01;36m[K^~~~[m[K
[1.774s] [01m[K/opt/ros/humble/include/rclcpp/rclcpp/node_impl.hpp:195:1:[m[K [01;36m[Knote: [m[K  template argument deduction/substitution failed:
[1.774s] [01m[K/home/yahboom/5550_ros2_ws/src/ydlidar_ros2_driver/src/ydlidar_ros2_driver_node.cpp:72:26:[m[K [01;36m[Knote: [m[K  candidate expects 4 arguments, 1 provided
[1.774s]    72 |   [01;36m[Knode->declare_parameter("device_type")[m[K;
[1.774s]       |   [01;36m[K~~~~~~~~~~~~~~~~~~~~~~~^~~~~~~~~~~~~~~[m[K
[1.774s] In file included from [01m[K/opt/ros/humble/include/rclcpp/rclcpp/executors/single_threaded_executor.hpp:28[m[K,
[1.774s]                  from [01m[K/opt/ros/humble/include/rclcpp/rclcpp/executors.hpp:22[m[K,
[1.774s]                  from [01m[K/opt/ros/humble/include/rclcpp/rclcpp/rclcpp.hpp:155[m[K,
[1.774s]                  from [01m[K/home/yahboom/5550_ros2_ws/src/ydlidar_ros2_driver/src/ydlidar_ros2_driver_node.cpp:23[m[K:
[1.774s] [01m[K/opt/ros/humble/include/rclcpp/rclcpp/node.hpp:434:3:[m[K [01;36m[Knote: [m[Kcandidate: ‘[01m[Ktemplate<class ParameterT> auto rclcpp::Node::declare_parameter(const string&, const ParameterDescriptor&, bool)[m[K’
[1.774s]   434 |   [01;36m[Kdeclare_parameter[m[K(
[1.774s]       |   [01;36m[K^~~~~~~~~~~~~~~~~[m[K
[1.774s] [01m[K/opt/ros/humble/include/rclcpp/rclcpp/node.hpp:434:3:[m[K [01;36m[Knote: [m[K  template argument deduction/substitution failed:
[1.774s] [01m[K/home/yahboom/5550_ros2_ws/src/ydlidar_ros2_driver/src/ydlidar_ros2_driver_node.cpp:72:26:[m[K [01;36m[Knote: [m[K  couldn’t deduce template parameter ‘[01m[KParameterT[m[K’
[1.774s]    72 |   [01;36m[Knode->declare_parameter("device_type")[m[K;
[1.774s]       |   [01;36m[K~~~~~~~~~~~~~~~~~~~~~~~^~~~~~~~~~~~~~~[m[K
[1.774s] In file included from [01m[K/opt/ros/humble/include/rclcpp/rclcpp/executors/single_threaded_executor.hpp:28[m[K,
[1.774s]                  from [01m[K/opt/ros/humble/include/rclcpp/rclcpp/executors.hpp:22[m[K,
[1.774s]                  from [01m[K/opt/ros/humble/include/rclcpp/rclcpp/rclcpp.hpp:155[m[K,
[1.774s]                  from [01m[K/home/yahboom/5550_ros2_ws/src/ydlidar_ros2_driver/src/ydlidar_ros2_driver_node.cpp:23[m[K:
[1.774s] [01m[K/opt/ros/humble/include/rclcpp/rclcpp/node.hpp:366:3:[m[K [01;36m[Knote: [m[Kcandidate: ‘[01m[Kconst rclcpp::ParameterValue& rclcpp::Node::declare_parameter(const string&, const rclcpp::ParameterValue&, const ParameterDescriptor&, bool)[m[K’
[1.774s]   366 |   [01;36m[Kdeclare_parameter[m[K(
[1.774s]       |   [01;36m[K^~~~~~~~~~~~~~~~~[m[K
[1.774s] [01m[K/opt/ros/humble/include/rclcpp/rclcpp/node.hpp:366:3:[m[K [01;36m[Knote: [m[K  candidate expects 4 arguments, 1 provided
[1.775s] [01m[K/opt/ros/humble/include/rclcpp/rclcpp/node.hpp:391:3:[m[K [01;36m[Knote: [m[Kcandidate: ‘[01m[Kconst rclcpp::ParameterValue& rclcpp::Node::declare_parameter(const string&, rclcpp::ParameterType, const ParameterDescriptor&, bool)[m[K’
[1.775s]   391 |   [01;36m[Kdeclare_parameter[m[K(
[1.775s]       |   [01;36m[K^~~~~~~~~~~~~~~~~[m[K
[1.775s] [01m[K/opt/ros/humble/include/rclcpp/rclcpp/node.hpp:391:3:[m[K [01;36m[Knote: [m[K  candidate expects 4 arguments, 1 provided
[1.775s] [01m[K/home/yahboom/5550_ros2_ws/src/ydlidar_ros2_driver/src/ydlidar_ros2_driver_node.cpp:77:26:[m[K [01;31m[Kerror: [m[Kno matching function for call to ‘[01m[Krclcpp::Node::declare_parameter(const char [12])[m[K’
[1.775s]    77 |   [01;31m[Knode->declare_parameter("sample_rate")[m[K;
[1.775s]       |   [01;31m[K~~~~~~~~~~~~~~~~~~~~~~~^~~~~~~~~~~~~~~[m[K
[1.775s] In file included from [01m[K/opt/ros/humble/include/rclcpp/rclcpp/node.hpp:1321[m[K,
[1.775s]                  from [01m[K/opt/ros/humble/include/rclcpp/rclcpp/executors/single_threaded_executor.hpp:28[m[K,
[1.775s]                  from [01m[K/opt/ros/humble/include/rclcpp/rclcpp/executors.hpp:22[m[K,
[1.775s]                  from [01m[K/opt/ros/humble/include/rclcpp/rclcpp/rclcpp.hpp:155[m[K,
[1.775s]                  from [01m[K/home/yahboom/5550_ros2_ws/src/ydlidar_ros2_driver/src/ydlidar_ros2_driver_node.cpp:23[m[K:
[1.775s] [01m[K/opt/ros/humble/include/rclcpp/rclcpp/node_impl.hpp:195:1:[m[K [01;36m[Knote: [m[Kcandidate: ‘[01m[Ktemplate<class ParameterT> auto rclcpp::Node::declare_parameter(const string&, const ParameterT&, const ParameterDescriptor&, bool)[m[K’
[1.775s]   195 | [01;36m[KNode[m[K::declare_parameter(
[1.775s]       | [01;36m[K^~~~[m[K
[1.775s] [01m[K/opt/ros/humble/include/rclcpp/rclcpp/node_impl.hpp:195:1:[m[K [01;36m[Knote: [m[K  template argument deduction/substitution failed:
[1.775s] [01m[K/home/yahboom/5550_ros2_ws/src/ydlidar_ros2_driver/src/ydlidar_ros2_driver_node.cpp:77:26:[m[K [01;36m[Knote: [m[K  candidate expects 4 arguments, 1 provided
[1.775s]    77 |   [01;36m[Knode->declare_parameter("sample_rate")[m[K;
[1.775s]       |   [01;36m[K~~~~~~~~~~~~~~~~~~~~~~~^~~~~~~~~~~~~~~[m[K
[1.775s] In file included from [01m[K/opt/ros/humble/include/rclcpp/rclcpp/executors/single_threaded_executor.hpp:28[m[K,
[1.775s]                  from [01m[K/opt/ros/humble/include/rclcpp/rclcpp/executors.hpp:22[m[K,
[1.775s]                  from [01m[K/opt/ros/humble/include/rclcpp/rclcpp/rclcpp.hpp:155[m[K,
[1.775s]                  from [01m[K/home/yahboom/5550_ros2_ws/src/ydlidar_ros2_driver/src/ydlidar_ros2_driver_node.cpp:23[m[K:
[1.775s] [01m[K/opt/ros/humble/include/rclcpp/rclcpp/node.hpp:434:3:[m[K [01;36m[Knote: [m[Kcandidate: ‘[01m[Ktemplate<class ParameterT> auto rclcpp::Node::declare_parameter(const string&, const ParameterDescriptor&, bool)[m[K’
[1.775s]   434 |   [01;36m[Kdeclare_parameter[m[K(
[1.776s]       |   [01;36m[K^~~~~~~~~~~~~~~~~[m[K
[1.776s] [01m[K/opt/ros/humble/include/rclcpp/rclcpp/node.hpp:434:3:[m[K [01;36m[Knote: [m[K  template argument deduction/substitution failed:
[1.776s] [01m[K/home/yahboom/5550_ros2_ws/src/ydlidar_ros2_driver/src/ydlidar_ros2_driver_node.cpp:77:26:[m[K [01;36m[Knote: [m[K  couldn’t deduce template parameter ‘[01m[KParameterT[m[K’
[1.776s]    77 |   [01;36m[Knode->declare_parameter("sample_rate")[m[K;
[1.776s]       |   [01;36m[K~~~~~~~~~~~~~~~~~~~~~~~^~~~~~~~~~~~~~~[m[K
[1.776s] In file included from [01m[K/opt/ros/humble/include/rclcpp/rclcpp/executors/single_threaded_executor.hpp:28[m[K,
[1.776s]                  from [01m[K/opt/ros/humble/include/rclcpp/rclcpp/executors.hpp:22[m[K,
[1.776s]                  from [01m[K/opt/ros/humble/include/rclcpp/rclcpp/rclcpp.hpp:155[m[K,
[1.776s]                  from [01m[K/home/yahboom/5550_ros2_ws/src/ydlidar_ros2_driver/src/ydlidar_ros2_driver_node.cpp:23[m[K:
[1.776s] [01m[K/opt/ros/humble/include/rclcpp/rclcpp/node.hpp:366:3:[m[K [01;36m[Knote: [m[Kcandidate: ‘[01m[Kconst rclcpp::ParameterValue& rclcpp::Node::declare_parameter(const string&, const rclcpp::ParameterValue&, const ParameterDescriptor&, bool)[m[K’
[1.776s]   366 |   [01;36m[Kdeclare_parameter[m[K(
[1.776s]       |   [01;36m[K^~~~~~~~~~~~~~~~~[m[K
[1.776s] [01m[K/opt/ros/humble/include/rclcpp/rclcpp/node.hpp:366:3:[m[K [01;36m[Knote: [m[K  candidate expects 4 arguments, 1 provided
[1.776s] [01m[K/opt/ros/humble/include/rclcpp/rclcpp/node.hpp:391:3:[m[K [01;36m[Knote: [m[Kcandidate: ‘[01m[Kconst rclcpp::ParameterValue& rclcpp::Node::declare_parameter(const string&, rclcpp::ParameterType, const ParameterDescriptor&, bool)[m[K’
[1.776s]   391 |   [01;36m[Kdeclare_parameter[m[K(
[1.776s]       |   [01;36m[K^~~~~~~~~~~~~~~~~[m[K
[1.776s] [01m[K/opt/ros/humble/include/rclcpp/rclcpp/node.hpp:391:3:[m[K [01;36m[Knote: [m[K  candidate expects 4 arguments, 1 provided
[1.776s] [01m[K/home/yahboom/5550_ros2_ws/src/ydlidar_ros2_driver/src/ydlidar_ros2_driver_node.cpp:82:26:[m[K [01;31m[Kerror: [m[Kno matching function for call to ‘[01m[Krclcpp::Node::declare_parameter(const char [21])[m[K’
[1.776s]    82 |   [01;31m[Knode->declare_parameter("abnormal_check_count")[m[K;
[1.776s]       |   [01;31m[K~~~~~~~~~~~~~~~~~~~~~~~^~~~~~~~~~~~~~~~~~~~~~~~[m[K
[1.776s] In file included from [01m[K/opt/ros/humble/include/rclcpp/rclcpp/node.hpp:1321[m[K,
[1.776s]                  from [01m[K/opt/ros/humble/include/rclcpp/rclcpp/executors/single_threaded_executor.hpp:28[m[K,
[1.776s]                  from [01m[K/opt/ros/humble/include/rclcpp/rclcpp/executors.hpp:22[m[K,
[1.776s]                  from [01m[K/opt/ros/humble/include/rclcpp/rclcpp/rclcpp.hpp:155[m[K,
[1.776s]                  from [01m[K/home/yahboom/5550_ros2_ws/src/ydlidar_ros2_driver/src/ydlidar_ros2_driver_node.cpp:23[m[K:
[1.776s] [01m[K/opt/ros/humble/include/rclcpp/rclcpp/node_impl.hpp:195:1:[m[K [01;36m[Knote: [m[Kcandidate: ‘[01m[Ktemplate<class ParameterT> auto rclcpp::Node::declare_parameter(const string&, const ParameterT&, const ParameterDescriptor&, bool)[m[K’
[1.777s]   195 | [01;36m[KNode[m[K::declare_parameter(
[1.777s]       | [01;36m[K^~~~[m[K
[1.777s] [01m[K/opt/ros/humble/include/rclcpp/rclcpp/node_impl.hpp:195:1:[m[K [01;36m[Knote: [m[K  template argument deduction/substitution failed:
[1.777s] [01m[K/home/yahboom/5550_ros2_ws/src/ydlidar_ros2_driver/src/ydlidar_ros2_driver_node.cpp:82:26:[m[K [01;36m[Knote: [m[K  candidate expects 4 arguments, 1 provided
[1.777s]    82 |   [01;36m[Knode->declare_parameter("abnormal_check_count")[m[K;
[1.777s]       |   [01;36m[K~~~~~~~~~~~~~~~~~~~~~~~^~~~~~~~~~~~~~~~~~~~~~~~[m[K
[1.777s] In file included from [01m[K/opt/ros/humble/include/rclcpp/rclcpp/executors/single_threaded_executor.hpp:28[m[K,
[1.777s]                  from [01m[K/opt/ros/humble/include/rclcpp/rclcpp/executors.hpp:22[m[K,
[1.777s]                  from [01m[K/opt/ros/humble/include/rclcpp/rclcpp/rclcpp.hpp:155[m[K,
[1.777s]                  from [01m[K/home/yahboom/5550_ros2_ws/src/ydlidar_ros2_driver/src/ydlidar_ros2_driver_node.cpp:23[m[K:
[1.777s] [01m[K/opt/ros/humble/include/rclcpp/rclcpp/node.hpp:434:3:[m[K [01;36m[Knote: [m[Kcandidate: ‘[01m[Ktemplate<class ParameterT> auto rclcpp::Node::declare_parameter(const string&, const ParameterDescriptor&, bool)[m[K’
[1.777s]   434 |   [01;36m[Kdeclare_parameter[m[K(
[1.777s]       |   [01;36m[K^~~~~~~~~~~~~~~~~[m[K
[1.777s] [01m[K/opt/ros/humble/include/rclcpp/rclcpp/node.hpp:434:3:[m[K [01;36m[Knote: [m[K  template argument deduction/substitution failed:
[1.777s] [01m[K/home/yahboom/5550_ros2_ws/src/ydlidar_ros2_driver/src/ydlidar_ros2_driver_node.cpp:82:26:[m[K [01;36m[Knote: [m[K  couldn’t deduce template parameter ‘[01m[KParameterT[m[K’
[1.777s]    82 |   [01;36m[Knode->declare_parameter("abnormal_check_count")[m[K;
[1.777s]       |   [01;36m[K~~~~~~~~~~~~~~~~~~~~~~~^~~~~~~~~~~~~~~~~~~~~~~~[m[K
[1.777s] In file included from [01m[K/opt/ros/humble/include/rclcpp/rclcpp/executors/single_threaded_executor.hpp:28[m[K,
[1.777s]                  from [01m[K/opt/ros/humble/include/rclcpp/rclcpp/executors.hpp:22[m[K,
[1.777s]                  from [01m[K/opt/ros/humble/include/rclcpp/rclcpp/rclcpp.hpp:155[m[K,
[1.777s]                  from [01m[K/home/yahboom/5550_ros2_ws/src/ydlidar_ros2_driver/src/ydlidar_ros2_driver_node.cpp:23[m[K:
[1.777s] [01m[K/opt/ros/humble/include/rclcpp/rclcpp/node.hpp:366:3:[m[K [01;36m[Knote: [m[Kcandidate: ‘[01m[Kconst rclcpp::ParameterValue& rclcpp::Node::declare_parameter(const string&, const rclcpp::ParameterValue&, const ParameterDescriptor&, bool)[m[K’
[1.777s]   366 |   [01;36m[Kdeclare_parameter[m[K(
[1.778s]       |   [01;36m[K^~~~~~~~~~~~~~~~~[m[K
[1.778s] [01m[K/opt/ros/humble/include/rclcpp/rclcpp/node.hpp:366:3:[m[K [01;36m[Knote: [m[K  candidate expects 4 arguments, 1 provided
[1.778s] [01m[K/opt/ros/humble/include/rclcpp/rclcpp/node.hpp:391:3:[m[K [01;36m[Knote: [m[Kcandidate: ‘[01m[Kconst rclcpp::ParameterValue& rclcpp::Node::declare_parameter(const string&, rclcpp::ParameterType, const ParameterDescriptor&, bool)[m[K’
[1.778s]   391 |   [01;36m[Kdeclare_parameter[m[K(
[1.778s]       |   [01;36m[K^~~~~~~~~~~~~~~~~[m[K
[1.778s] [01m[K/opt/ros/humble/include/rclcpp/rclcpp/node.hpp:391:3:[m[K [01;36m[Knote: [m[K  candidate expects 4 arguments, 1 provided
[1.778s] [01m[K/home/yahboom/5550_ros2_ws/src/ydlidar_ros2_driver/src/ydlidar_ros2_driver_node.cpp:88:26:[m[K [01;31m[Kerror: [m[Kno matching function for call to ‘[01m[Krclcpp::Node::declare_parameter(const char [14])[m[K’
[1.778s]    88 |   [01;31m[Knode->declare_parameter("intensity_bit")[m[K;
[1.778s]       |   [01;31m[K~~~~~~~~~~~~~~~~~~~~~~~^~~~~~~~~~~~~~~~~[m[K
[1.778s] In file included from [01m[K/opt/ros/humble/include/rclcpp/rclcpp/node.hpp:1321[m[K,
[1.778s]                  from [01m[K/opt/ros/humble/include/rclcpp/rclcpp/executors/single_threaded_executor.hpp:28[m[K,
[1.778s]                  from [01m[K/opt/ros/humble/include/rclcpp/rclcpp/executors.hpp:22[m[K,
[1.778s]                  from [01m[K/opt/ros/humble/include/rclcpp/rclcpp/rclcpp.hpp:155[m[K,
[1.778s]                  from [01m[K/home/yahboom/5550_ros2_ws/src/ydlidar_ros2_driver/src/ydlidar_ros2_driver_node.cpp:23[m[K:
[1.778s] [01m[K/opt/ros/humble/include/rclcpp/rclcpp/node_impl.hpp:195:1:[m[K [01;36m[Knote: [m[Kcandidate: ‘[01m[Ktemplate<class ParameterT> auto rclcpp::Node::declare_parameter(const string&, const ParameterT&, const ParameterDescriptor&, bool)[m[K’
[1.778s]   195 | [01;36m[KNode[m[K::declare_parameter(
[1.778s]       | [01;36m[K^~~~[m[K
[1.778s] [01m[K/opt/ros/humble/include/rclcpp/rclcpp/node_impl.hpp:195:1:[m[K [01;36m[Knote: [m[K  template argument deduction/substitution failed:
[1.778s] [01m[K/home/yahboom/5550_ros2_ws/src/ydlidar_ros2_driver/src/ydlidar_ros2_driver_node.cpp:88:26:[m[K [01;36m[Knote: [m[K  candidate expects 4 arguments, 1 provided
[1.778s]    88 |   [01;36m[Knode->declare_parameter("intensity_bit")[m[K;
[1.778s]       |   [01;36m[K~~~~~~~~~~~~~~~~~~~~~~~^~~~~~~~~~~~~~~~~[m[K
[1.778s] In file included from [01m[K/opt/ros/humble/include/rclcpp/rclcpp/executors/single_threaded_executor.hpp:28[m[K,
[1.778s]                  from [01m[K/opt/ros/humble/include/rclcpp/rclcpp/executors.hpp:22[m[K,
[1.778s]                  from [01m[K/opt/ros/humble/include/rclcpp/rclcpp/rclcpp.hpp:155[m[K,
[1.779s]                  from [01m[K/home/yahboom/5550_ros2_ws/src/ydlidar_ros2_driver/src/ydlidar_ros2_driver_node.cpp:23[m[K:
[1.779s] [01m[K/opt/ros/humble/include/rclcpp/rclcpp/node.hpp:434:3:[m[K [01;36m[Knote: [m[Kcandidate: ‘[01m[Ktemplate<class ParameterT> auto rclcpp::Node::declare_parameter(const string&, const ParameterDescriptor&, bool)[m[K’
[1.779s]   434 |   [01;36m[Kdeclare_parameter[m[K(
[1.779s]       |   [01;36m[K^~~~~~~~~~~~~~~~~[m[K
[1.779s] [01m[K/opt/ros/humble/include/rclcpp/rclcpp/node.hpp:434:3:[m[K [01;36m[Knote: [m[K  template argument deduction/substitution failed:
[1.779s] [01m[K/home/yahboom/5550_ros2_ws/src/ydlidar_ros2_driver/src/ydlidar_ros2_driver_node.cpp:88:26:[m[K [01;36m[Knote: [m[K  couldn’t deduce template parameter ‘[01m[KParameterT[m[K’
[1.779s]    88 |   [01;36m[Knode->declare_parameter("intensity_bit")[m[K;
[1.779s]       |   [01;36m[K~~~~~~~~~~~~~~~~~~~~~~~^~~~~~~~~~~~~~~~~[m[K
[1.779s] In file included from [01m[K/opt/ros/humble/include/rclcpp/rclcpp/executors/single_threaded_executor.hpp:28[m[K,
[1.779s]                  from [01m[K/opt/ros/humble/include/rclcpp/rclcpp/executors.hpp:22[m[K,
[1.779s]                  from [01m[K/opt/ros/humble/include/rclcpp/rclcpp/rclcpp.hpp:155[m[K,
[1.779s]                  from [01m[K/home/yahboom/5550_ros2_ws/src/ydlidar_ros2_driver/src/ydlidar_ros2_driver_node.cpp:23[m[K:
[1.779s] [01m[K/opt/ros/humble/include/rclcpp/rclcpp/node.hpp:366:3:[m[K [01;36m[Knote: [m[Kcandidate: ‘[01m[Kconst rclcpp::ParameterValue& rclcpp::Node::declare_parameter(const string&, const rclcpp::ParameterValue&, const ParameterDescriptor&, bool)[m[K’
[1.779s]   366 |   [01;36m[Kdeclare_parameter[m[K(
[1.779s]       |   [01;36m[K^~~~~~~~~~~~~~~~~[m[K
[1.779s] [01m[K/opt/ros/humble/include/rclcpp/rclcpp/node.hpp:366:3:[m[K [01;36m[Knote: [m[K  candidate expects 4 arguments, 1 provided
[1.779s] [01m[K/opt/ros/humble/include/rclcpp/rclcpp/node.hpp:391:3:[m[K [01;36m[Knote: [m[Kcandidate: ‘[01m[Kconst rclcpp::ParameterValue& rclcpp::Node::declare_parameter(const string&, rclcpp::ParameterType, const ParameterDescriptor&, bool)[m[K’
[1.779s]   391 |   [01;36m[Kdeclare_parameter[m[K(
[1.779s]       |   [01;36m[K^~~~~~~~~~~~~~~~~[m[K
[1.779s] [01m[K/opt/ros/humble/include/rclcpp/rclcpp/node.hpp:391:3:[m[K [01;36m[Knote: [m[K  candidate expects 4 arguments, 1 provided
[1.779s] [01m[K/home/yahboom/5550_ros2_ws/src/ydlidar_ros2_driver/src/ydlidar_ros2_driver_node.cpp:95:26:[m[K [01;31m[Kerror: [m[Kno matching function for call to ‘[01m[Krclcpp::Node::declare_parameter(const char [17])[m[K’
[1.779s]    95 |   [01;31m[Knode->declare_parameter("fixed_resolution")[m[K;
[1.779s]       |   [01;31m[K~~~~~~~~~~~~~~~~~~~~~~~^~~~~~~~~~~~~~~~~~~~[m[K
[1.779s] In file included from [01m[K/opt/ros/humble/include/rclcpp/rclcpp/node.hpp:1321[m[K,
[1.779s]                  from [01m[K/opt/ros/humble/include/rclcpp/rclcpp/executors/single_threaded_executor.hpp:28[m[K,
[1.779s]                  from [01m[K/opt/ros/humble/include/rclcpp/rclcpp/executors.hpp:22[m[K,
[1.780s]                  from [01m[K/opt/ros/humble/include/rclcpp/rclcpp/rclcpp.hpp:155[m[K,
[1.780s]                  from [01m[K/home/yahboom/5550_ros2_ws/src/ydlidar_ros2_driver/src/ydlidar_ros2_driver_node.cpp:23[m[K:
[1.780s] [01m[K/opt/ros/humble/include/rclcpp/rclcpp/node_impl.hpp:195:1:[m[K [01;36m[Knote: [m[Kcandidate: ‘[01m[Ktemplate<class ParameterT> auto rclcpp::Node::declare_parameter(const string&, const ParameterT&, const ParameterDescriptor&, bool)[m[K’
[1.780s]   195 | [01;36m[KNode[m[K::declare_parameter(
[1.780s]       | [01;36m[K^~~~[m[K
[1.780s] [01m[K/opt/ros/humble/include/rclcpp/rclcpp/node_impl.hpp:195:1:[m[K [01;36m[Knote: [m[K  template argument deduction/substitution failed:
[1.780s] [01m[K/home/yahboom/5550_ros2_ws/src/ydlidar_ros2_driver/src/ydlidar_ros2_driver_node.cpp:95:26:[m[K [01;36m[Knote: [m[K  candidate expects 4 arguments, 1 provided
[1.780s]    95 |   [01;36m[Knode->declare_parameter("fixed_resolution")[m[K;
[1.780s]       |   [01;36m[K~~~~~~~~~~~~~~~~~~~~~~~^~~~~~~~~~~~~~~~~~~~[m[K
[1.780s] In file included from [01m[K/opt/ros/humble/include/rclcpp/rclcpp/executors/single_threaded_executor.hpp:28[m[K,
[1.780s]                  from [01m[K/opt/ros/humble/include/rclcpp/rclcpp/executors.hpp:22[m[K,
[1.780s]                  from [01m[K/opt/ros/humble/include/rclcpp/rclcpp/rclcpp.hpp:155[m[K,
[1.780s]                  from [01m[K/home/yahboom/5550_ros2_ws/src/ydlidar_ros2_driver/src/ydlidar_ros2_driver_node.cpp:23[m[K:
[1.780s] [01m[K/opt/ros/humble/include/rclcpp/rclcpp/node.hpp:434:3:[m[K [01;36m[Knote: [m[Kcandidate: ‘[01m[Ktemplate<class ParameterT> auto rclcpp::Node::declare_parameter(const string&, const ParameterDescriptor&, bool)[m[K’
[1.780s]   434 |   [01;36m[Kdeclare_parameter[m[K(
[1.780s]       |   [01;36m[K^~~~~~~~~~~~~~~~~[m[K
[1.780s] [01m[K/opt/ros/humble/include/rclcpp/rclcpp/node.hpp:434:3:[m[K [01;36m[Knote: [m[K  template argument deduction/substitution failed:
[1.780s] [01m[K/home/yahboom/5550_ros2_ws/src/ydlidar_ros2_driver/src/ydlidar_ros2_driver_node.cpp:95:26:[m[K [01;36m[Knote: [m[K  couldn’t deduce template parameter ‘[01m[KParameterT[m[K’
[1.780s]    95 |   [01;36m[Knode->declare_parameter("fixed_resolution")[m[K;
[1.780s]       |   [01;36m[K~~~~~~~~~~~~~~~~~~~~~~~^~~~~~~~~~~~~~~~~~~~[m[K
[1.780s] In file included from [01m[K/opt/ros/humble/include/rclcpp/rclcpp/executors/single_threaded_executor.hpp:28[m[K,
[1.780s]                  from [01m[K/opt/ros/humble/include/rclcpp/rclcpp/executors.hpp:22[m[K,
[1.780s]                  from [01m[K/opt/ros/humble/include/rclcpp/rclcpp/rclcpp.hpp:155[m[K,
[1.780s]                  from [01m[K/home/yahboom/5550_ros2_ws/src/ydlidar_ros2_driver/src/ydlidar_ros2_driver_node.cpp:23[m[K:
[1.780s] [01m[K/opt/ros/humble/include/rclcpp/rclcpp/node.hpp:366:3:[m[K [01;36m[Knote: [m[Kcandidate: ‘[01m[Kconst rclcpp::ParameterValue& rclcpp::Node::declare_parameter(const string&, const rclcpp::ParameterValue&, const ParameterDescriptor&, bool)[m[K’
[1.780s]   366 |   [01;36m[Kdeclare_parameter[m[K(
[1.781s]       |   [01;36m[K^~~~~~~~~~~~~~~~~[m[K
[1.781s] [01m[K/opt/ros/humble/include/rclcpp/rclcpp/node.hpp:366:3:[m[K [01;36m[Knote: [m[K  candidate expects 4 arguments, 1 provided
[1.781s] [01m[K/opt/ros/humble/include/rclcpp/rclcpp/node.hpp:391:3:[m[K [01;36m[Knote: [m[Kcandidate: ‘[01m[Kconst rclcpp::ParameterValue& rclcpp::Node::declare_parameter(const string&, rclcpp::ParameterType, const ParameterDescriptor&, bool)[m[K’
[1.781s]   391 |   [01;36m[Kdeclare_parameter[m[K(
[1.781s]       |   [01;36m[K^~~~~~~~~~~~~~~~~[m[K
[1.781s] [01m[K/opt/ros/humble/include/rclcpp/rclcpp/node.hpp:391:3:[m[K [01;36m[Knote: [m[K  candidate expects 4 arguments, 1 provided
[1.781s] [01m[K/home/yahboom/5550_ros2_ws/src/ydlidar_ros2_driver/src/ydlidar_ros2_driver_node.cpp:100:26:[m[K [01;31m[Kerror: [m[Kno matching function for call to ‘[01m[Krclcpp::Node::declare_parameter(const char [10])[m[K’
[1.781s]   100 |   [01;31m[Knode->declare_parameter("reversion")[m[K;
[1.781s]       |   [01;31m[K~~~~~~~~~~~~~~~~~~~~~~~^~~~~~~~~~~~~[m[K
[1.781s] In file included from [01m[K/opt/ros/humble/include/rclcpp/rclcpp/node.hpp:1321[m[K,
[1.781s]                  from [01m[K/opt/ros/humble/include/rclcpp/rclcpp/executors/single_threaded_executor.hpp:28[m[K,
[1.781s]                  from [01m[K/opt/ros/humble/include/rclcpp/rclcpp/executors.hpp:22[m[K,
[1.781s]                  from [01m[K/opt/ros/humble/include/rclcpp/rclcpp/rclcpp.hpp:155[m[K,
[1.781s]                  from [01m[K/home/yahboom/5550_ros2_ws/src/ydlidar_ros2_driver/src/ydlidar_ros2_driver_node.cpp:23[m[K:
[1.781s] [01m[K/opt/ros/humble/include/rclcpp/rclcpp/node_impl.hpp:195:1:[m[K [01;36m[Knote: [m[Kcandidate: ‘[01m[Ktemplate<class ParameterT> auto rclcpp::Node::declare_parameter(const string&, const ParameterT&, const ParameterDescriptor&, bool)[m[K’
[1.781s]   195 | [01;36m[KNode[m[K::declare_parameter(
[1.781s]       | [01;36m[K^~~~[m[K
[1.781s] [01m[K/opt/ros/humble/include/rclcpp/rclcpp/node_impl.hpp:195:1:[m[K [01;36m[Knote: [m[K  template argument deduction/substitution failed:
[1.781s] [01m[K/home/yahboom/5550_ros2_ws/src/ydlidar_ros2_driver/src/ydlidar_ros2_driver_node.cpp:100:26:[m[K [01;36m[Knote: [m[K  candidate expects 4 arguments, 1 provided
[1.781s]   100 |   [01;36m[Knode->declare_parameter("reversion")[m[K;
[1.781s]       |   [01;36m[K~~~~~~~~~~~~~~~~~~~~~~~^~~~~~~~~~~~~[m[K
[1.781s] In file included from [01m[K/opt/ros/humble/include/rclcpp/rclcpp/executors/single_threaded_executor.hpp:28[m[K,
[1.781s]                  from [01m[K/opt/ros/humble/include/rclcpp/rclcpp/executors.hpp:22[m[K,
[1.781s]                  from [01m[K/opt/ros/humble/include/rclcpp/rclcpp/rclcpp.hpp:155[m[K,
[1.781s]                  from [01m[K/home/yahboom/5550_ros2_ws/src/ydlidar_ros2_driver/src/ydlidar_ros2_driver_node.cpp:23[m[K:
[1.781s] [01m[K/opt/ros/humble/include/rclcpp/rclcpp/node.hpp:434:3:[m[K [01;36m[Knote: [m[Kcandidate: ‘[01m[Ktemplate<class ParameterT> auto rclcpp::Node::declare_parameter(const string&, const ParameterDescriptor&, bool)[m[K’
[1.782s]   434 |   [01;36m[Kdeclare_parameter[m[K(
[1.782s]       |   [01;36m[K^~~~~~~~~~~~~~~~~[m[K
[1.782s] [01m[K/opt/ros/humble/include/rclcpp/rclcpp/node.hpp:434:3:[m[K [01;36m[Knote: [m[K  template argument deduction/substitution failed:
[1.782s] [01m[K/home/yahboom/5550_ros2_ws/src/ydlidar_ros2_driver/src/ydlidar_ros2_driver_node.cpp:100:26:[m[K [01;36m[Knote: [m[K  couldn’t deduce template parameter ‘[01m[KParameterT[m[K’
[1.782s]   100 |   [01;36m[Knode->declare_parameter("reversion")[m[K;
[1.782s]       |   [01;36m[K~~~~~~~~~~~~~~~~~~~~~~~^~~~~~~~~~~~~[m[K
[1.782s] In file included from [01m[K/opt/ros/humble/include/rclcpp/rclcpp/executors/single_threaded_executor.hpp:28[m[K,
[1.782s]                  from [01m[K/opt/ros/humble/include/rclcpp/rclcpp/executors.hpp:22[m[K,
[1.782s]                  from [01m[K/opt/ros/humble/include/rclcpp/rclcpp/rclcpp.hpp:155[m[K,
[1.782s]                  from [01m[K/home/yahboom/5550_ros2_ws/src/ydlidar_ros2_driver/src/ydlidar_ros2_driver_node.cpp:23[m[K:
[1.782s] [01m[K/opt/ros/humble/include/rclcpp/rclcpp/node.hpp:366:3:[m[K [01;36m[Knote: [m[Kcandidate: ‘[01m[Kconst rclcpp::ParameterValue& rclcpp::Node::declare_parameter(const string&, const rclcpp::ParameterValue&, const ParameterDescriptor&, bool)[m[K’
[1.782s]   366 |   [01;36m[Kdeclare_parameter[m[K(
[1.782s]       |   [01;36m[K^~~~~~~~~~~~~~~~~[m[K
[1.782s] [01m[K/opt/ros/humble/include/rclcpp/rclcpp/node.hpp:366:3:[m[K [01;36m[Knote: [m[K  candidate expects 4 arguments, 1 provided
[1.782s] [01m[K/opt/ros/humble/include/rclcpp/rclcpp/node.hpp:391:3:[m[K [01;36m[Knote: [m[Kcandidate: ‘[01m[Kconst rclcpp::ParameterValue& rclcpp::Node::declare_parameter(const string&, rclcpp::ParameterType, const ParameterDescriptor&, bool)[m[K’
[1.782s]   391 |   [01;36m[Kdeclare_parameter[m[K(
[1.782s]       |   [01;36m[K^~~~~~~~~~~~~~~~~[m[K
[1.782s] [01m[K/opt/ros/humble/include/rclcpp/rclcpp/node.hpp:391:3:[m[K [01;36m[Knote: [m[K  candidate expects 4 arguments, 1 provided
[1.782s] [01m[K/home/yahboom/5550_ros2_ws/src/ydlidar_ros2_driver/src/ydlidar_ros2_driver_node.cpp:105:26:[m[K [01;31m[Kerror: [m[Kno matching function for call to ‘[01m[Krclcpp::Node::declare_parameter(const char [9])[m[K’
[1.782s]   105 |   [01;31m[Knode->declare_parameter("inverted")[m[K;
[1.782s]       |   [01;31m[K~~~~~~~~~~~~~~~~~~~~~~~^~~~~~~~~~~~[m[K
[1.782s] In file included from [01m[K/opt/ros/humble/include/rclcpp/rclcpp/node.hpp:1321[m[K,
[1.782s]                  from [01m[K/opt/ros/humble/include/rclcpp/rclcpp/executors/single_threaded_executor.hpp:28[m[K,
[1.782s]                  from [01m[K/opt/ros/humble/include/rclcpp/rclcpp/executors.hpp:22[m[K,
[1.782s]                  from [01m[K/opt/ros/humble/include/rclcpp/rclcpp/rclcpp.hpp:155[m[K,
[1.782s]                  from [01m[K/home/yahboom/5550_ros2_ws/src/ydlidar_ros2_driver/src/ydlidar_ros2_driver_node.cpp:23[m[K:
[1.783s] [01m[K/opt/ros/humble/include/rclcpp/rclcpp/node_impl.hpp:195:1:[m[K [01;36m[Knote: [m[Kcandidate: ‘[01m[Ktemplate<class ParameterT> auto rclcpp::Node::declare_parameter(const string&, const ParameterT&, const ParameterDescriptor&, bool)[m[K’
[1.783s]   195 | [01;36m[KNode[m[K::declare_parameter(
[1.783s]       | [01;36m[K^~~~[m[K
[1.783s] [01m[K/opt/ros/humble/include/rclcpp/rclcpp/node_impl.hpp:195:1:[m[K [01;36m[Knote: [m[K  template argument deduction/substitution failed:
[1.783s] [01m[K/home/yahboom/5550_ros2_ws/src/ydlidar_ros2_driver/src/ydlidar_ros2_driver_node.cpp:105:26:[m[K [01;36m[Knote: [m[K  candidate expects 4 arguments, 1 provided
[1.783s]   105 |   [01;36m[Knode->declare_parameter("inverted")[m[K;
[1.783s]       |   [01;36m[K~~~~~~~~~~~~~~~~~~~~~~~^~~~~~~~~~~~[m[K
[1.783s] In file included from [01m[K/opt/ros/humble/include/rclcpp/rclcpp/executors/single_threaded_executor.hpp:28[m[K,
[1.783s]                  from [01m[K/opt/ros/humble/include/rclcpp/rclcpp/executors.hpp:22[m[K,
[1.783s]                  from [01m[K/opt/ros/humble/include/rclcpp/rclcpp/rclcpp.hpp:155[m[K,
[1.783s]                  from [01m[K/home/yahboom/5550_ros2_ws/src/ydlidar_ros2_driver/src/ydlidar_ros2_driver_node.cpp:23[m[K:
[1.783s] [01m[K/opt/ros/humble/include/rclcpp/rclcpp/node.hpp:434:3:[m[K [01;36m[Knote: [m[Kcandidate: ‘[01m[Ktemplate<class ParameterT> auto rclcpp::Node::declare_parameter(const string&, const ParameterDescriptor&, bool)[m[K’
[1.783s]   434 |   [01;36m[Kdeclare_parameter[m[K(
[1.783s]       |   [01;36m[K^~~~~~~~~~~~~~~~~[m[K
[1.783s] [01m[K/opt/ros/humble/include/rclcpp/rclcpp/node.hpp:434:3:[m[K [01;36m[Knote: [m[K  template argument deduction/substitution failed:
[1.783s] [01m[K/home/yahboom/5550_ros2_ws/src/ydlidar_ros2_driver/src/ydlidar_ros2_driver_node.cpp:105:26:[m[K [01;36m[Knote: [m[K  couldn’t deduce template parameter ‘[01m[KParameterT[m[K’
[1.783s]   105 |   [01;36m[Knode->declare_parameter("inverted")[m[K;
[1.783s]       |   [01;36m[K~~~~~~~~~~~~~~~~~~~~~~~^~~~~~~~~~~~[m[K
[1.783s] In file included from [01m[K/opt/ros/humble/include/rclcpp/rclcpp/executors/single_threaded_executor.hpp:28[m[K,
[1.783s]                  from [01m[K/opt/ros/humble/include/rclcpp/rclcpp/executors.hpp:22[m[K,
[1.783s]                  from [01m[K/opt/ros/humble/include/rclcpp/rclcpp/rclcpp.hpp:155[m[K,
[1.783s]                  from [01m[K/home/yahboom/5550_ros2_ws/src/ydlidar_ros2_driver/src/ydlidar_ros2_driver_node.cpp:23[m[K:
[1.783s] [01m[K/opt/ros/humble/include/rclcpp/rclcpp/node.hpp:366:3:[m[K [01;36m[Knote: [m[Kcandidate: ‘[01m[Kconst rclcpp::ParameterValue& rclcpp::Node::declare_parameter(const string&, const rclcpp::ParameterValue&, const ParameterDescriptor&, bool)[m[K’
[1.783s]   366 |   [01;36m[Kdeclare_parameter[m[K(
[1.783s]       |   [01;36m[K^~~~~~~~~~~~~~~~~[m[K
[1.783s] [01m[K/opt/ros/humble/include/rclcpp/rclcpp/node.hpp:366:3:[m[K [01;36m[Knote: [m[K  candidate expects 4 arguments, 1 provided
[1.783s] [01m[K/opt/ros/humble/include/rclcpp/rclcpp/node.hpp:391:3:[m[K [01;36m[Knote: [m[Kcandidate: ‘[01m[Kconst rclcpp::ParameterValue& rclcpp::Node::declare_parameter(const string&, rclcpp::ParameterType, const ParameterDescriptor&, bool)[m[K’
[1.783s]   391 |   [01;36m[Kdeclare_parameter[m[K(
[1.784s]       |   [01;36m[K^~~~~~~~~~~~~~~~~[m[K
[1.784s] [01m[K/opt/ros/humble/include/rclcpp/rclcpp/node.hpp:391:3:[m[K [01;36m[Knote: [m[K  candidate expects 4 arguments, 1 provided
[1.784s] [01m[K/home/yahboom/5550_ros2_ws/src/ydlidar_ros2_driver/src/ydlidar_ros2_driver_node.cpp:109:26:[m[K [01;31m[Kerror: [m[Kno matching function for call to ‘[01m[Krclcpp::Node::declare_parameter(const char [15])[m[K’
[1.784s]   109 |   [01;31m[Knode->declare_parameter("auto_reconnect")[m[K;
[1.784s]       |   [01;31m[K~~~~~~~~~~~~~~~~~~~~~~~^~~~~~~~~~~~~~~~~~[m[K
[1.784s] In file included from [01m[K/opt/ros/humble/include/rclcpp/rclcpp/node.hpp:1321[m[K,
[1.784s]                  from [01m[K/opt/ros/humble/include/rclcpp/rclcpp/executors/single_threaded_executor.hpp:28[m[K,
[1.784s]                  from [01m[K/opt/ros/humble/include/rclcpp/rclcpp/executors.hpp:22[m[K,
[1.784s]                  from [01m[K/opt/ros/humble/include/rclcpp/rclcpp/rclcpp.hpp:155[m[K,
[1.784s]                  from [01m[K/home/yahboom/5550_ros2_ws/src/ydlidar_ros2_driver/src/ydlidar_ros2_driver_node.cpp:23[m[K:
[1.784s] [01m[K/opt/ros/humble/include/rclcpp/rclcpp/node_impl.hpp:195:1:[m[K [01;36m[Knote: [m[Kcandidate: ‘[01m[Ktemplate<class ParameterT> auto rclcpp::Node::declare_parameter(const string&, const ParameterT&, const ParameterDescriptor&, bool)[m[K’
[1.784s]   195 | [01;36m[KNode[m[K::declare_parameter(
[1.784s]       | [01;36m[K^~~~[m[K
[1.784s] [01m[K/opt/ros/humble/include/rclcpp/rclcpp/node_impl.hpp:195:1:[m[K [01;36m[Knote: [m[K  template argument deduction/substitution failed:
[1.784s] [01m[K/home/yahboom/5550_ros2_ws/src/ydlidar_ros2_driver/src/ydlidar_ros2_driver_node.cpp:109:26:[m[K [01;36m[Knote: [m[K  candidate expects 4 arguments, 1 provided
[1.784s]   109 |   [01;36m[Knode->declare_parameter("auto_reconnect")[m[K;
[1.784s]       |   [01;36m[K~~~~~~~~~~~~~~~~~~~~~~~^~~~~~~~~~~~~~~~~~[m[K
[1.784s] In file included from [01m[K/opt/ros/humble/include/rclcpp/rclcpp/executors/single_threaded_executor.hpp:28[m[K,
[1.784s]                  from [01m[K/opt/ros/humble/include/rclcpp/rclcpp/executors.hpp:22[m[K,
[1.784s]                  from [01m[K/opt/ros/humble/include/rclcpp/rclcpp/rclcpp.hpp:155[m[K,
[1.784s]                  from [01m[K/home/yahboom/5550_ros2_ws/src/ydlidar_ros2_driver/src/ydlidar_ros2_driver_node.cpp:23[m[K:
[1.784s] [01m[K/opt/ros/humble/include/rclcpp/rclcpp/node.hpp:434:3:[m[K [01;36m[Knote: [m[Kcandidate: ‘[01m[Ktemplate<class ParameterT> auto rclcpp::Node::declare_parameter(const string&, const ParameterDescriptor&, bool)[m[K’
[1.784s]   434 |   [01;36m[Kdeclare_parameter[m[K(
[1.784s]       |   [01;36m[K^~~~~~~~~~~~~~~~~[m[K
[1.784s] [01m[K/opt/ros/humble/include/rclcpp/rclcpp/node.hpp:434:3:[m[K [01;36m[Knote: [m[K  template argument deduction/substitution failed:
[1.784s] [01m[K/home/yahboom/5550_ros2_ws/src/ydlidar_ros2_driver/src/ydlidar_ros2_driver_node.cpp:109:26:[m[K [01;36m[Knote: [m[K  couldn’t deduce template parameter ‘[01m[KParameterT[m[K’
[1.784s]   109 |   [01;36m[Knode->declare_parameter("auto_reconnect")[m[K;
[1.785s]       |   [01;36m[K~~~~~~~~~~~~~~~~~~~~~~~^~~~~~~~~~~~~~~~~~[m[K
[1.785s] In file included from [01m[K/opt/ros/humble/include/rclcpp/rclcpp/executors/single_threaded_executor.hpp:28[m[K,
[1.785s]                  from [01m[K/opt/ros/humble/include/rclcpp/rclcpp/executors.hpp:22[m[K,
[1.785s]                  from [01m[K/opt/ros/humble/include/rclcpp/rclcpp/rclcpp.hpp:155[m[K,
[1.785s]                  from [01m[K/home/yahboom/5550_ros2_ws/src/ydlidar_ros2_driver/src/ydlidar_ros2_driver_node.cpp:23[m[K:
[1.785s] [01m[K/opt/ros/humble/include/rclcpp/rclcpp/node.hpp:366:3:[m[K [01;36m[Knote: [m[Kcandidate: ‘[01m[Kconst rclcpp::ParameterValue& rclcpp::Node::declare_parameter(const string&, const rclcpp::ParameterValue&, const ParameterDescriptor&, bool)[m[K’
[1.785s]   366 |   [01;36m[Kdeclare_parameter[m[K(
[1.785s]       |   [01;36m[K^~~~~~~~~~~~~~~~~[m[K
[1.785s] [01m[K/opt/ros/humble/include/rclcpp/rclcpp/node.hpp:366:3:[m[K [01;36m[Knote: [m[K  candidate expects 4 arguments, 1 provided
[1.785s] [01m[K/opt/ros/humble/include/rclcpp/rclcpp/node.hpp:391:3:[m[K [01;36m[Knote: [m[Kcandidate: ‘[01m[Kconst rclcpp::ParameterValue& rclcpp::Node::declare_parameter(const string&, rclcpp::ParameterType, const ParameterDescriptor&, bool)[m[K’
[1.785s]   391 |   [01;36m[Kdeclare_parameter[m[K(
[1.785s]       |   [01;36m[K^~~~~~~~~~~~~~~~~[m[K
[1.785s] [01m[K/opt/ros/humble/include/rclcpp/rclcpp/node.hpp:391:3:[m[K [01;36m[Knote: [m[K  candidate expects 4 arguments, 1 provided
[1.785s] [01m[K/home/yahboom/5550_ros2_ws/src/ydlidar_ros2_driver/src/ydlidar_ros2_driver_node.cpp:114:26:[m[K [01;31m[Kerror: [m[Kno matching function for call to ‘[01m[Krclcpp::Node::declare_parameter(const char [16])[m[K’
[1.785s]   114 |   [01;31m[Knode->declare_parameter("isSingleChannel")[m[K;
[1.785s]       |   [01;31m[K~~~~~~~~~~~~~~~~~~~~~~~^~~~~~~~~~~~~~~~~~~[m[K
[1.785s] In file included from [01m[K/opt/ros/humble/include/rclcpp/rclcpp/node.hpp:1321[m[K,
[1.785s]                  from [01m[K/opt/ros/humble/include/rclcpp/rclcpp/executors/single_threaded_executor.hpp:28[m[K,
[1.785s]                  from [01m[K/opt/ros/humble/include/rclcpp/rclcpp/executors.hpp:22[m[K,
[1.785s]                  from [01m[K/opt/ros/humble/include/rclcpp/rclcpp/rclcpp.hpp:155[m[K,
[1.785s]                  from [01m[K/home/yahboom/5550_ros2_ws/src/ydlidar_ros2_driver/src/ydlidar_ros2_driver_node.cpp:23[m[K:
[1.785s] [01m[K/opt/ros/humble/include/rclcpp/rclcpp/node_impl.hpp:195:1:[m[K [01;36m[Knote: [m[Kcandidate: ‘[01m[Ktemplate<class ParameterT> auto rclcpp::Node::declare_parameter(const string&, const ParameterT&, const ParameterDescriptor&, bool)[m[K’
[1.785s]   195 | [01;36m[KNode[m[K::declare_parameter(
[1.785s]       | [01;36m[K^~~~[m[K
[1.785s] [01m[K/opt/ros/humble/include/rclcpp/rclcpp/node_impl.hpp:195:1:[m[K [01;36m[Knote: [m[K  template argument deduction/substitution failed:
[1.785s] [01m[K/home/yahboom/5550_ros2_ws/src/ydlidar_ros2_driver/src/ydlidar_ros2_driver_node.cpp:114:26:[m[K [01;36m[Knote: [m[K  candidate expects 4 arguments, 1 provided
[1.785s]   114 |   [01;36m[Knode->declare_parameter("isSingleChannel")[m[K;
[1.786s]       |   [01;36m[K~~~~~~~~~~~~~~~~~~~~~~~^~~~~~~~~~~~~~~~~~~[m[K
[1.786s] In file included from [01m[K/opt/ros/humble/include/rclcpp/rclcpp/executors/single_threaded_executor.hpp:28[m[K,
[1.786s]                  from [01m[K/opt/ros/humble/include/rclcpp/rclcpp/executors.hpp:22[m[K,
[1.786s]                  from [01m[K/opt/ros/humble/include/rclcpp/rclcpp/rclcpp.hpp:155[m[K,
[1.786s]                  from [01m[K/home/yahboom/5550_ros2_ws/src/ydlidar_ros2_driver/src/ydlidar_ros2_driver_node.cpp:23[m[K:
[1.786s] [01m[K/opt/ros/humble/include/rclcpp/rclcpp/node.hpp:434:3:[m[K [01;36m[Knote: [m[Kcandidate: ‘[01m[Ktemplate<class ParameterT> auto rclcpp::Node::declare_parameter(const string&, const ParameterDescriptor&, bool)[m[K’
[1.786s]   434 |   [01;36m[Kdeclare_parameter[m[K(
[1.786s]       |   [01;36m[K^~~~~~~~~~~~~~~~~[m[K
[1.786s] [01m[K/opt/ros/humble/include/rclcpp/rclcpp/node.hpp:434:3:[m[K [01;36m[Knote: [m[K  template argument deduction/substitution failed:
[1.786s] [01m[K/home/yahboom/5550_ros2_ws/src/ydlidar_ros2_driver/src/ydlidar_ros2_driver_node.cpp:114:26:[m[K [01;36m[Knote: [m[K  couldn’t deduce template parameter ‘[01m[KParameterT[m[K’
[1.786s]   114 |   [01;36m[Knode->declare_parameter("isSingleChannel")[m[K;
[1.786s]       |   [01;36m[K~~~~~~~~~~~~~~~~~~~~~~~^~~~~~~~~~~~~~~~~~~[m[K
[1.786s] In file included from [01m[K/opt/ros/humble/include/rclcpp/rclcpp/executors/single_threaded_executor.hpp:28[m[K,
[1.786s]                  from [01m[K/opt/ros/humble/include/rclcpp/rclcpp/executors.hpp:22[m[K,
[1.786s]                  from [01m[K/opt/ros/humble/include/rclcpp/rclcpp/rclcpp.hpp:155[m[K,
[1.786s]                  from [01m[K/home/yahboom/5550_ros2_ws/src/ydlidar_ros2_driver/src/ydlidar_ros2_driver_node.cpp:23[m[K:
[1.786s] [01m[K/opt/ros/humble/include/rclcpp/rclcpp/node.hpp:366:3:[m[K [01;36m[Knote: [m[Kcandidate: ‘[01m[Kconst rclcpp::ParameterValue& rclcpp::Node::declare_parameter(const string&, const rclcpp::ParameterValue&, const ParameterDescriptor&, bool)[m[K’
[1.786s]   366 |   [01;36m[Kdeclare_parameter[m[K(
[1.786s]       |   [01;36m[K^~~~~~~~~~~~~~~~~[m[K
[1.786s] [01m[K/opt/ros/humble/include/rclcpp/rclcpp/node.hpp:366:3:[m[K [01;36m[Knote: [m[K  candidate expects 4 arguments, 1 provided
[1.786s] [01m[K/opt/ros/humble/include/rclcpp/rclcpp/node.hpp:391:3:[m[K [01;36m[Knote: [m[Kcandidate: ‘[01m[Kconst rclcpp::ParameterValue& rclcpp::Node::declare_parameter(const string&, rclcpp::ParameterType, const ParameterDescriptor&, bool)[m[K’
[1.786s]   391 |   [01;36m[Kdeclare_parameter[m[K(
[1.786s]       |   [01;36m[K^~~~~~~~~~~~~~~~~[m[K
[1.786s] [01m[K/opt/ros/humble/include/rclcpp/rclcpp/node.hpp:391:3:[m[K [01;36m[Knote: [m[K  candidate expects 4 arguments, 1 provided
[1.786s] [01m[K/home/yahboom/5550_ros2_ws/src/ydlidar_ros2_driver/src/ydlidar_ros2_driver_node.cpp:119:26:[m[K [01;31m[Kerror: [m[Kno matching function for call to ‘[01m[Krclcpp::Node::declare_parameter(const char [10])[m[K’
[1.786s]   119 |   [01;31m[Knode->declare_parameter("intensity")[m[K;
[1.786s]       |   [01;31m[K~~~~~~~~~~~~~~~~~~~~~~~^~~~~~~~~~~~~[m[K
[1.787s] In file included from [01m[K/opt/ros/humble/include/rclcpp/rclcpp/node.hpp:1321[m[K,
[1.787s]                  from [01m[K/opt/ros/humble/include/rclcpp/rclcpp/executors/single_threaded_executor.hpp:28[m[K,
[1.787s]                  from [01m[K/opt/ros/humble/include/rclcpp/rclcpp/executors.hpp:22[m[K,
[1.787s]                  from [01m[K/opt/ros/humble/include/rclcpp/rclcpp/rclcpp.hpp:155[m[K,
[1.787s]                  from [01m[K/home/yahboom/5550_ros2_ws/src/ydlidar_ros2_driver/src/ydlidar_ros2_driver_node.cpp:23[m[K:
[1.787s] [01m[K/opt/ros/humble/include/rclcpp/rclcpp/node_impl.hpp:195:1:[m[K [01;36m[Knote: [m[Kcandidate: ‘[01m[Ktemplate<class ParameterT> auto rclcpp::Node::declare_parameter(const string&, const ParameterT&, const ParameterDescriptor&, bool)[m[K’
[1.787s]   195 | [01;36m[KNode[m[K::declare_parameter(
[1.787s]       | [01;36m[K^~~~[m[K
[1.787s] [01m[K/opt/ros/humble/include/rclcpp/rclcpp/node_impl.hpp:195:1:[m[K [01;36m[Knote: [m[K  template argument deduction/substitution failed:
[1.787s] [01m[K/home/yahboom/5550_ros2_ws/src/ydlidar_ros2_driver/src/ydlidar_ros2_driver_node.cpp:119:26:[m[K [01;36m[Knote: [m[K  candidate expects 4 arguments, 1 provided
[1.787s]   119 |   [01;36m[Knode->declare_parameter("intensity")[m[K;
[1.787s]       |   [01;36m[K~~~~~~~~~~~~~~~~~~~~~~~^~~~~~~~~~~~~[m[K
[1.787s] In file included from [01m[K/opt/ros/humble/include/rclcpp/rclcpp/executors/single_threaded_executor.hpp:28[m[K,
[1.787s]                  from [01m[K/opt/ros/humble/include/rclcpp/rclcpp/executors.hpp:22[m[K,
[1.787s]                  from [01m[K/opt/ros/humble/include/rclcpp/rclcpp/rclcpp.hpp:155[m[K,
[1.787s]                  from [01m[K/home/yahboom/5550_ros2_ws/src/ydlidar_ros2_driver/src/ydlidar_ros2_driver_node.cpp:23[m[K:
[1.787s] [01m[K/opt/ros/humble/include/rclcpp/rclcpp/node.hpp:434:3:[m[K [01;36m[Knote: [m[Kcandidate: ‘[01m[Ktemplate<class ParameterT> auto rclcpp::Node::declare_parameter(const string&, const ParameterDescriptor&, bool)[m[K’
[1.787s]   434 |   [01;36m[Kdeclare_parameter[m[K(
[1.787s]       |   [01;36m[K^~~~~~~~~~~~~~~~~[m[K
[1.787s] [01m[K/opt/ros/humble/include/rclcpp/rclcpp/node.hpp:434:3:[m[K [01;36m[Knote: [m[K  template argument deduction/substitution failed:
[1.787s] [01m[K/home/yahboom/5550_ros2_ws/src/ydlidar_ros2_driver/src/ydlidar_ros2_driver_node.cpp:119:26:[m[K [01;36m[Knote: [m[K  couldn’t deduce template parameter ‘[01m[KParameterT[m[K’
[1.787s]   119 |   [01;36m[Knode->declare_parameter("intensity")[m[K;
[1.788s]       |   [01;36m[K~~~~~~~~~~~~~~~~~~~~~~~^~~~~~~~~~~~~[m[K
[1.788s] In file included from [01m[K/opt/ros/humble/include/rclcpp/rclcpp/executors/single_threaded_executor.hpp:28[m[K,
[1.788s]                  from [01m[K/opt/ros/humble/include/rclcpp/rclcpp/executors.hpp:22[m[K,
[1.788s]                  from [01m[K/opt/ros/humble/include/rclcpp/rclcpp/rclcpp.hpp:155[m[K,
[1.788s]                  from [01m[K/home/yahboom/5550_ros2_ws/src/ydlidar_ros2_driver/src/ydlidar_ros2_driver_node.cpp:23[m[K:
[1.788s] [01m[K/opt/ros/humble/include/rclcpp/rclcpp/node.hpp:366:3:[m[K [01;36m[Knote: [m[Kcandidate: ‘[01m[Kconst rclcpp::ParameterValue& rclcpp::Node::declare_parameter(const string&, const rclcpp::ParameterValue&, const ParameterDescriptor&, bool)[m[K’
[1.788s]   366 |   [01;36m[Kdeclare_parameter[m[K(
[1.788s]       |   [01;36m[K^~~~~~~~~~~~~~~~~[m[K
[1.788s] [01m[K/opt/ros/humble/include/rclcpp/rclcpp/node.hpp:366:3:[m[K [01;36m[Knote: [m[K  candidate expects 4 arguments, 1 provided
[1.788s] [01m[K/opt/ros/humble/include/rclcpp/rclcpp/node.hpp:391:3:[m[K [01;36m[Knote: [m[Kcandidate: ‘[01m[Kconst rclcpp::ParameterValue& rclcpp::Node::declare_parameter(const string&, rclcpp::ParameterType, const ParameterDescriptor&, bool)[m[K’
[1.788s]   391 |   [01;36m[Kdeclare_parameter[m[K(
[1.788s]       |   [01;36m[K^~~~~~~~~~~~~~~~~[m[K
[1.788s] [01m[K/opt/ros/humble/include/rclcpp/rclcpp/node.hpp:391:3:[m[K [01;36m[Knote: [m[K  candidate expects 4 arguments, 1 provided
[1.788s] [01m[K/home/yahboom/5550_ros2_ws/src/ydlidar_ros2_driver/src/ydlidar_ros2_driver_node.cpp:124:26:[m[K [01;31m[Kerror: [m[Kno matching function for call to ‘[01m[Krclcpp::Node::declare_parameter(const char [18])[m[K’
[1.788s]   124 |   [01;31m[Knode->declare_parameter("support_motor_dtr")[m[K;
[1.788s]       |   [01;31m[K~~~~~~~~~~~~~~~~~~~~~~~^~~~~~~~~~~~~~~~~~~~~[m[K
[1.788s] In file included from [01m[K/opt/ros/humble/include/rclcpp/rclcpp/node.hpp:1321[m[K,
[1.788s]                  from [01m[K/opt/ros/humble/include/rclcpp/rclcpp/executors/single_threaded_executor.hpp:28[m[K,
[1.788s]                  from [01m[K/opt/ros/humble/include/rclcpp/rclcpp/executors.hpp:22[m[K,
[1.788s]                  from [01m[K/opt/ros/humble/include/rclcpp/rclcpp/rclcpp.hpp:155[m[K,
[1.788s]                  from [01m[K/home/yahboom/5550_ros2_ws/src/ydlidar_ros2_driver/src/ydlidar_ros2_driver_node.cpp:23[m[K:
[1.788s] [01m[K/opt/ros/humble/include/rclcpp/rclcpp/node_impl.hpp:195:1:[m[K [01;36m[Knote: [m[Kcandidate: ‘[01m[Ktemplate<class ParameterT> auto rclcpp::Node::declare_parameter(const string&, const ParameterT&, const ParameterDescriptor&, bool)[m[K’
[1.788s]   195 | [01;36m[KNode[m[K::declare_parameter(
[1.788s]       | [01;36m[K^~~~[m[K
[1.788s] [01m[K/opt/ros/humble/include/rclcpp/rclcpp/node_impl.hpp:195:1:[m[K [01;36m[Knote: [m[K  template argument deduction/substitution failed:
[1.788s] [01m[K/home/yahboom/5550_ros2_ws/src/ydlidar_ros2_driver/src/ydlidar_ros2_driver_node.cpp:124:26:[m[K [01;36m[Knote: [m[K  candidate expects 4 arguments, 1 provided
[1.788s]   124 |   [01;36m[Knode->declare_parameter("support_motor_dtr")[m[K;
[1.789s]       |   [01;36m[K~~~~~~~~~~~~~~~~~~~~~~~^~~~~~~~~~~~~~~~~~~~~[m[K
[1.789s] In file included from [01m[K/opt/ros/humble/include/rclcpp/rclcpp/executors/single_threaded_executor.hpp:28[m[K,
[1.789s]                  from [01m[K/opt/ros/humble/include/rclcpp/rclcpp/executors.hpp:22[m[K,
[1.789s]                  from [01m[K/opt/ros/humble/include/rclcpp/rclcpp/rclcpp.hpp:155[m[K,
[1.789s]                  from [01m[K/home/yahboom/5550_ros2_ws/src/ydlidar_ros2_driver/src/ydlidar_ros2_driver_node.cpp:23[m[K:
[1.789s] [01m[K/opt/ros/humble/include/rclcpp/rclcpp/node.hpp:434:3:[m[K [01;36m[Knote: [m[Kcandidate: ‘[01m[Ktemplate<class ParameterT> auto rclcpp::Node::declare_parameter(const string&, const ParameterDescriptor&, bool)[m[K’
[1.789s]   434 |   [01;36m[Kdeclare_parameter[m[K(
[1.789s]       |   [01;36m[K^~~~~~~~~~~~~~~~~[m[K
[1.789s] [01m[K/opt/ros/humble/include/rclcpp/rclcpp/node.hpp:434:3:[m[K [01;36m[Knote: [m[K  template argument deduction/substitution failed:
[1.789s] [01m[K/home/yahboom/5550_ros2_ws/src/ydlidar_ros2_driver/src/ydlidar_ros2_driver_node.cpp:124:26:[m[K [01;36m[Knote: [m[K  couldn’t deduce template parameter ‘[01m[KParameterT[m[K’
[1.789s]   124 |   [01;36m[Knode->declare_parameter("support_motor_dtr")[m[K;
[1.789s]       |   [01;36m[K~~~~~~~~~~~~~~~~~~~~~~~^~~~~~~~~~~~~~~~~~~~~[m[K
[1.789s] In file included from [01m[K/opt/ros/humble/include/rclcpp/rclcpp/executors/single_threaded_executor.hpp:28[m[K,
[1.789s]                  from [01m[K/opt/ros/humble/include/rclcpp/rclcpp/executors.hpp:22[m[K,
[1.789s]                  from [01m[K/opt/ros/humble/include/rclcpp/rclcpp/rclcpp.hpp:155[m[K,
[1.789s]                  from [01m[K/home/yahboom/5550_ros2_ws/src/ydlidar_ros2_driver/src/ydlidar_ros2_driver_node.cpp:23[m[K:
[1.789s] [01m[K/opt/ros/humble/include/rclcpp/rclcpp/node.hpp:366:3:[m[K [01;36m[Knote: [m[Kcandidate: ‘[01m[Kconst rclcpp::ParameterValue& rclcpp::Node::declare_parameter(const string&, const rclcpp::ParameterValue&, const ParameterDescriptor&, bool)[m[K’
[1.789s]   366 |   [01;36m[Kdeclare_parameter[m[K(
[1.789s]       |   [01;36m[K^~~~~~~~~~~~~~~~~[m[K
[1.789s] [01m[K/opt/ros/humble/include/rclcpp/rclcpp/node.hpp:366:3:[m[K [01;36m[Knote: [m[K  candidate expects 4 arguments, 1 provided
[1.789s] [01m[K/opt/ros/humble/include/rclcpp/rclcpp/node.hpp:391:3:[m[K [01;36m[Knote: [m[Kcandidate: ‘[01m[Kconst rclcpp::ParameterValue& rclcpp::Node::declare_parameter(const string&, rclcpp::ParameterType, const ParameterDescriptor&, bool)[m[K’
[1.789s]   391 |   [01;36m[Kdeclare_parameter[m[K(
[1.790s]       |   [01;36m[K^~~~~~~~~~~~~~~~~[m[K
[1.790s] [01m[K/opt/ros/humble/include/rclcpp/rclcpp/node.hpp:391:3:[m[K [01;36m[Knote: [m[K  candidate expects 4 arguments, 1 provided
[1.790s] [01m[K/home/yahboom/5550_ros2_ws/src/ydlidar_ros2_driver/src/ydlidar_ros2_driver_node.cpp:129:26:[m[K [01;31m[Kerror: [m[Kno matching function for call to ‘[01m[Krclcpp::Node::declare_parameter(const char [6])[m[K’
[1.790s]   129 |   [01;31m[Knode->declare_parameter("debug")[m[K;
[1.790s]       |   [01;31m[K~~~~~~~~~~~~~~~~~~~~~~~^~~~~~~~~[m[K
[1.790s] In file included from [01m[K/opt/ros/humble/include/rclcpp/rclcpp/node.hpp:1321[m[K,
[1.790s]                  from [01m[K/opt/ros/humble/include/rclcpp/rclcpp/executors/single_threaded_executor.hpp:28[m[K,
[1.790s]                  from [01m[K/opt/ros/humble/include/rclcpp/rclcpp/executors.hpp:22[m[K,
[1.790s]                  from [01m[K/opt/ros/humble/include/rclcpp/rclcpp/rclcpp.hpp:155[m[K,
[1.790s]                  from [01m[K/home/yahboom/5550_ros2_ws/src/ydlidar_ros2_driver/src/ydlidar_ros2_driver_node.cpp:23[m[K:
[1.790s] [01m[K/opt/ros/humble/include/rclcpp/rclcpp/node_impl.hpp:195:1:[m[K [01;36m[Knote: [m[Kcandidate: ‘[01m[Ktemplate<class ParameterT> auto rclcpp::Node::declare_parameter(const string&, const ParameterT&, const ParameterDescriptor&, bool)[m[K’
[1.790s]   195 | [01;36m[KNode[m[K::declare_parameter(
[1.790s]       | [01;36m[K^~~~[m[K
[1.790s] [01m[K/opt/ros/humble/include/rclcpp/rclcpp/node_impl.hpp:195:1:[m[K [01;36m[Knote: [m[K  template argument deduction/substitution failed:
[1.790s] [01m[K/home/yahboom/5550_ros2_ws/src/ydlidar_ros2_driver/src/ydlidar_ros2_driver_node.cpp:129:26:[m[K [01;36m[Knote: [m[K  candidate expects 4 arguments, 1 provided
[1.790s]   129 |   [01;36m[Knode->declare_parameter("debug")[m[K;
[1.790s]       |   [01;36m[K~~~~~~~~~~~~~~~~~~~~~~~^~~~~~~~~[m[K
[1.790s] In file included from [01m[K/opt/ros/humble/include/rclcpp/rclcpp/executors/single_threaded_executor.hpp:28[m[K,
[1.790s]                  from [01m[K/opt/ros/humble/include/rclcpp/rclcpp/executors.hpp:22[m[K,
[1.790s]                  from [01m[K/opt/ros/humble/include/rclcpp/rclcpp/rclcpp.hpp:155[m[K,
[1.790s]                  from [01m[K/home/yahboom/5550_ros2_ws/src/ydlidar_ros2_driver/src/ydlidar_ros2_driver_node.cpp:23[m[K:
[1.790s] [01m[K/opt/ros/humble/include/rclcpp/rclcpp/node.hpp:434:3:[m[K [01;36m[Knote: [m[Kcandidate: ‘[01m[Ktemplate<class ParameterT> auto rclcpp::Node::declare_parameter(const string&, const ParameterDescriptor&, bool)[m[K’
[1.790s]   434 |   [01;36m[Kdeclare_parameter[m[K(
[1.790s]       |   [01;36m[K^~~~~~~~~~~~~~~~~[m[K
[1.790s] [01m[K/opt/ros/humble/include/rclcpp/rclcpp/node.hpp:434:3:[m[K [01;36m[Knote: [m[K  template argument deduction/substitution failed:
[1.790s] [01m[K/home/yahboom/5550_ros2_ws/src/ydlidar_ros2_driver/src/ydlidar_ros2_driver_node.cpp:129:26:[m[K [01;36m[Knote: [m[K  couldn’t deduce template parameter ‘[01m[KParameterT[m[K’
[1.790s]   129 |   [01;36m[Knode->declare_parameter("debug")[m[K;
[1.791s]       |   [01;36m[K~~~~~~~~~~~~~~~~~~~~~~~^~~~~~~~~[m[K
[1.791s] In file included from [01m[K/opt/ros/humble/include/rclcpp/rclcpp/executors/single_threaded_executor.hpp:28[m[K,
[1.791s]                  from [01m[K/opt/ros/humble/include/rclcpp/rclcpp/executors.hpp:22[m[K,
[1.791s]                  from [01m[K/opt/ros/humble/include/rclcpp/rclcpp/rclcpp.hpp:155[m[K,
[1.791s]                  from [01m[K/home/yahboom/5550_ros2_ws/src/ydlidar_ros2_driver/src/ydlidar_ros2_driver_node.cpp:23[m[K:
[1.791s] [01m[K/opt/ros/humble/include/rclcpp/rclcpp/node.hpp:366:3:[m[K [01;36m[Knote: [m[Kcandidate: ‘[01m[Kconst rclcpp::ParameterValue& rclcpp::Node::declare_parameter(const string&, const rclcpp::ParameterValue&, const ParameterDescriptor&, bool)[m[K’
[1.791s]   366 |   [01;36m[Kdeclare_parameter[m[K(
[1.791s]       |   [01;36m[K^~~~~~~~~~~~~~~~~[m[K
[1.791s] [01m[K/opt/ros/humble/include/rclcpp/rclcpp/node.hpp:366:3:[m[K [01;36m[Knote: [m[K  candidate expects 4 arguments, 1 provided
[1.791s] [01m[K/opt/ros/humble/include/rclcpp/rclcpp/node.hpp:391:3:[m[K [01;36m[Knote: [m[Kcandidate: ‘[01m[Kconst rclcpp::ParameterValue& rclcpp::Node::declare_parameter(const string&, rclcpp::ParameterType, const ParameterDescriptor&, bool)[m[K’
[1.791s]   391 |   [01;36m[Kdeclare_parameter[m[K(
[1.791s]       |   [01;36m[K^~~~~~~~~~~~~~~~~[m[K
[1.791s] [01m[K/opt/ros/humble/include/rclcpp/rclcpp/node.hpp:391:3:[m[K [01;36m[Knote: [m[K  candidate expects 4 arguments, 1 provided
[1.791s] [01m[K/home/yahboom/5550_ros2_ws/src/ydlidar_ros2_driver/src/ydlidar_ros2_driver_node.cpp:136:26:[m[K [01;31m[Kerror: [m[Kno matching function for call to ‘[01m[Krclcpp::Node::declare_parameter(const char [10])[m[K’
[1.791s]   136 |   [01;31m[Knode->declare_parameter("angle_max")[m[K;
[1.791s]       |   [01;31m[K~~~~~~~~~~~~~~~~~~~~~~~^~~~~~~~~~~~~[m[K
[1.791s] In file included from [01m[K/opt/ros/humble/include/rclcpp/rclcpp/node.hpp:1321[m[K,
[1.791s]                  from [01m[K/opt/ros/humble/include/rclcpp/rclcpp/executors/single_threaded_executor.hpp:28[m[K,
[1.791s]                  from [01m[K/opt/ros/humble/include/rclcpp/rclcpp/executors.hpp:22[m[K,
[1.791s]                  from [01m[K/opt/ros/humble/include/rclcpp/rclcpp/rclcpp.hpp:155[m[K,
[1.791s]                  from [01m[K/home/yahboom/5550_ros2_ws/src/ydlidar_ros2_driver/src/ydlidar_ros2_driver_node.cpp:23[m[K:
[1.791s] [01m[K/opt/ros/humble/include/rclcpp/rclcpp/node_impl.hpp:195:1:[m[K [01;36m[Knote: [m[Kcandidate: ‘[01m[Ktemplate<class ParameterT> auto rclcpp::Node::declare_parameter(const string&, const ParameterT&, const ParameterDescriptor&, bool)[m[K’
[1.791s]   195 | [01;36m[KNode[m[K::declare_parameter(
[1.791s]       | [01;36m[K^~~~[m[K
[1.791s] [01m[K/opt/ros/humble/include/rclcpp/rclcpp/node_impl.hpp:195:1:[m[K [01;36m[Knote: [m[K  template argument deduction/substitution failed:
[1.791s] [01m[K/home/yahboom/5550_ros2_ws/src/ydlidar_ros2_driver/src/ydlidar_ros2_driver_node.cpp:136:26:[m[K [01;36m[Knote: [m[K  candidate expects 4 arguments, 1 provided
[1.791s]   136 |   [01;36m[Knode->declare_parameter("angle_max")[m[K;
[1.792s]       |   [01;36m[K~~~~~~~~~~~~~~~~~~~~~~~^~~~~~~~~~~~~[m[K
[1.792s] In file included from [01m[K/opt/ros/humble/include/rclcpp/rclcpp/executors/single_threaded_executor.hpp:28[m[K,
[1.792s]                  from [01m[K/opt/ros/humble/include/rclcpp/rclcpp/executors.hpp:22[m[K,
[1.792s]                  from [01m[K/opt/ros/humble/include/rclcpp/rclcpp/rclcpp.hpp:155[m[K,
[1.792s]                  from [01m[K/home/yahboom/5550_ros2_ws/src/ydlidar_ros2_driver/src/ydlidar_ros2_driver_node.cpp:23[m[K:
[1.792s] [01m[K/opt/ros/humble/include/rclcpp/rclcpp/node.hpp:434:3:[m[K [01;36m[Knote: [m[Kcandidate: ‘[01m[Ktemplate<class ParameterT> auto rclcpp::Node::declare_parameter(const string&, const ParameterDescriptor&, bool)[m[K’
[1.792s]   434 |   [01;36m[Kdeclare_parameter[m[K(
[1.792s]       |   [01;36m[K^~~~~~~~~~~~~~~~~[m[K
[1.792s] [01m[K/opt/ros/humble/include/rclcpp/rclcpp/node.hpp:434:3:[m[K [01;36m[Knote: [m[K  template argument deduction/substitution failed:
[1.792s] [01m[K/home/yahboom/5550_ros2_ws/src/ydlidar_ros2_driver/src/ydlidar_ros2_driver_node.cpp:136:26:[m[K [01;36m[Knote: [m[K  couldn’t deduce template parameter ‘[01m[KParameterT[m[K’
[1.792s]   136 |   [01;36m[Knode->declare_parameter("angle_max")[m[K;
[1.792s]       |   [01;36m[K~~~~~~~~~~~~~~~~~~~~~~~^~~~~~~~~~~~~[m[K
[1.792s] In file included from [01m[K/opt/ros/humble/include/rclcpp/rclcpp/executors/single_threaded_executor.hpp:28[m[K,
[1.792s]                  from [01m[K/opt/ros/humble/include/rclcpp/rclcpp/executors.hpp:22[m[K,
[1.792s]                  from [01m[K/opt/ros/humble/include/rclcpp/rclcpp/rclcpp.hpp:155[m[K,
[1.792s]                  from [01m[K/home/yahboom/5550_ros2_ws/src/ydlidar_ros2_driver/src/ydlidar_ros2_driver_node.cpp:23[m[K:
[1.792s] [01m[K/opt/ros/humble/include/rclcpp/rclcpp/node.hpp:366:3:[m[K [01;36m[Knote: [m[Kcandidate: ‘[01m[Kconst rclcpp::ParameterValue& rclcpp::Node::declare_parameter(const string&, const rclcpp::ParameterValue&, const ParameterDescriptor&, bool)[m[K’
[1.792s]   366 |   [01;36m[Kdeclare_parameter[m[K(
[1.792s]       |   [01;36m[K^~~~~~~~~~~~~~~~~[m[K
[1.792s] [01m[K/opt/ros/humble/include/rclcpp/rclcpp/node.hpp:366:3:[m[K [01;36m[Knote: [m[K  candidate expects 4 arguments, 1 provided
[1.792s] [01m[K/opt/ros/humble/include/rclcpp/rclcpp/node.hpp:391:3:[m[K [01;36m[Knote: [m[Kcandidate: ‘[01m[Kconst rclcpp::ParameterValue& rclcpp::Node::declare_parameter(const string&, rclcpp::ParameterType, const ParameterDescriptor&, bool)[m[K’
[1.792s]   391 |   [01;36m[Kdeclare_parameter[m[K(
[1.792s]       |   [01;36m[K^~~~~~~~~~~~~~~~~[m[K
[1.792s] [01m[K/opt/ros/humble/include/rclcpp/rclcpp/node.hpp:391:3:[m[K [01;36m[Knote: [m[K  candidate expects 4 arguments, 1 provided
[1.792s] [01m[K/home/yahboom/5550_ros2_ws/src/ydlidar_ros2_driver/src/ydlidar_ros2_driver_node.cpp:140:26:[m[K [01;31m[Kerror: [m[Kno matching function for call to ‘[01m[Krclcpp::Node::declare_parameter(const char [10])[m[K’
[1.792s]   140 |   [01;31m[Knode->declare_parameter("angle_min")[m[K;
[1.793s]       |   [01;31m[K~~~~~~~~~~~~~~~~~~~~~~~^~~~~~~~~~~~~[m[K
[1.793s] In file included from [01m[K/opt/ros/humble/include/rclcpp/rclcpp/node.hpp:1321[m[K,
[1.793s]                  from [01m[K/opt/ros/humble/include/rclcpp/rclcpp/executors/single_threaded_executor.hpp:28[m[K,
[1.793s]                  from [01m[K/opt/ros/humble/include/rclcpp/rclcpp/executors.hpp:22[m[K,
[1.793s]                  from [01m[K/opt/ros/humble/include/rclcpp/rclcpp/rclcpp.hpp:155[m[K,
[1.793s]                  from [01m[K/home/yahboom/5550_ros2_ws/src/ydlidar_ros2_driver/src/ydlidar_ros2_driver_node.cpp:23[m[K:
[1.793s] [01m[K/opt/ros/humble/include/rclcpp/rclcpp/node_impl.hpp:195:1:[m[K [01;36m[Knote: [m[Kcandidate: ‘[01m[Ktemplate<class ParameterT> auto rclcpp::Node::declare_parameter(const string&, const ParameterT&, const ParameterDescriptor&, bool)[m[K’
[1.793s]   195 | [01;36m[KNode[m[K::declare_parameter(
[1.793s]       | [01;36m[K^~~~[m[K
[1.793s] [01m[K/opt/ros/humble/include/rclcpp/rclcpp/node_impl.hpp:195:1:[m[K [01;36m[Knote: [m[K  template argument deduction/substitution failed:
[1.793s] [01m[K/home/yahboom/5550_ros2_ws/src/ydlidar_ros2_driver/src/ydlidar_ros2_driver_node.cpp:140:26:[m[K [01;36m[Knote: [m[K  candidate expects 4 arguments, 1 provided
[1.793s]   140 |   [01;36m[Knode->declare_parameter("angle_min")[m[K;
[1.793s]       |   [01;36m[K~~~~~~~~~~~~~~~~~~~~~~~^~~~~~~~~~~~~[m[K
[1.793s] In file included from [01m[K/opt/ros/humble/include/rclcpp/rclcpp/executors/single_threaded_executor.hpp:28[m[K,
[1.793s]                  from [01m[K/opt/ros/humble/include/rclcpp/rclcpp/executors.hpp:22[m[K,
[1.793s]                  from [01m[K/opt/ros/humble/include/rclcpp/rclcpp/rclcpp.hpp:155[m[K,
[1.793s]                  from [01m[K/home/yahboom/5550_ros2_ws/src/ydlidar_ros2_driver/src/ydlidar_ros2_driver_node.cpp:23[m[K:
[1.793s] [01m[K/opt/ros/humble/include/rclcpp/rclcpp/node.hpp:434:3:[m[K [01;36m[Knote: [m[Kcandidate: ‘[01m[Ktemplate<class ParameterT> auto rclcpp::Node::declare_parameter(const string&, const ParameterDescriptor&, bool)[m[K’
[1.793s]   434 |   [01;36m[Kdeclare_parameter[m[K(
[1.793s]       |   [01;36m[K^~~~~~~~~~~~~~~~~[m[K
[1.793s] [01m[K/opt/ros/humble/include/rclcpp/rclcpp/node.hpp:434:3:[m[K [01;36m[Knote: [m[K  template argument deduction/substitution failed:
[1.793s] [01m[K/home/yahboom/5550_ros2_ws/src/ydlidar_ros2_driver/src/ydlidar_ros2_driver_node.cpp:140:26:[m[K [01;36m[Knote: [m[K  couldn’t deduce template parameter ‘[01m[KParameterT[m[K’
[1.794s]   140 |   [01;36m[Knode->declare_parameter("angle_min")[m[K;
[1.794s]       |   [01;36m[K~~~~~~~~~~~~~~~~~~~~~~~^~~~~~~~~~~~~[m[K
[1.794s] In file included from [01m[K/opt/ros/humble/include/rclcpp/rclcpp/executors/single_threaded_executor.hpp:28[m[K,
[1.794s]                  from [01m[K/opt/ros/humble/include/rclcpp/rclcpp/executors.hpp:22[m[K,
[1.794s]                  from [01m[K/opt/ros/humble/include/rclcpp/rclcpp/rclcpp.hpp:155[m[K,
[1.794s]                  from [01m[K/home/yahboom/5550_ros2_ws/src/ydlidar_ros2_driver/src/ydlidar_ros2_driver_node.cpp:23[m[K:
[1.794s] [01m[K/opt/ros/humble/include/rclcpp/rclcpp/node.hpp:366:3:[m[K [01;36m[Knote: [m[Kcandidate: ‘[01m[Kconst rclcpp::ParameterValue& rclcpp::Node::declare_parameter(const string&, const rclcpp::ParameterValue&, const ParameterDescriptor&, bool)[m[K’
[1.794s]   366 |   [01;36m[Kdeclare_parameter[m[K(
[1.794s]       |   [01;36m[K^~~~~~~~~~~~~~~~~[m[K
[1.794s] [01m[K/opt/ros/humble/include/rclcpp/rclcpp/node.hpp:366:3:[m[K [01;36m[Knote: [m[K  candidate expects 4 arguments, 1 provided
[1.794s] [01m[K/opt/ros/humble/include/rclcpp/rclcpp/node.hpp:391:3:[m[K [01;36m[Knote: [m[Kcandidate: ‘[01m[Kconst rclcpp::ParameterValue& rclcpp::Node::declare_parameter(const string&, rclcpp::ParameterType, const ParameterDescriptor&, bool)[m[K’
[1.794s]   391 |   [01;36m[Kdeclare_parameter[m[K(
[1.794s]       |   [01;36m[K^~~~~~~~~~~~~~~~~[m[K
[1.794s] [01m[K/opt/ros/humble/include/rclcpp/rclcpp/node.hpp:391:3:[m[K [01;36m[Knote: [m[K  candidate expects 4 arguments, 1 provided
[1.794s] [01m[K/home/yahboom/5550_ros2_ws/src/ydlidar_ros2_driver/src/ydlidar_ros2_driver_node.cpp:145:26:[m[K [01;31m[Kerror: [m[Kno matching function for call to ‘[01m[Krclcpp::Node::declare_parameter(const char [10])[m[K’
[1.794s]   145 |   [01;31m[Knode->declare_parameter("range_max")[m[K;
[1.794s]       |   [01;31m[K~~~~~~~~~~~~~~~~~~~~~~~^~~~~~~~~~~~~[m[K
[1.794s] In file included from [01m[K/opt/ros/humble/include/rclcpp/rclcpp/node.hpp:1321[m[K,
[1.794s]                  from [01m[K/opt/ros/humble/include/rclcpp/rclcpp/executors/single_threaded_executor.hpp:28[m[K,
[1.794s]                  from [01m[K/opt/ros/humble/include/rclcpp/rclcpp/executors.hpp:22[m[K,
[1.795s]                  from [01m[K/opt/ros/humble/include/rclcpp/rclcpp/rclcpp.hpp:155[m[K,
[1.795s]                  from [01m[K/home/yahboom/5550_ros2_ws/src/ydlidar_ros2_driver/src/ydlidar_ros2_driver_node.cpp:23[m[K:
[1.795s] [01m[K/opt/ros/humble/include/rclcpp/rclcpp/node_impl.hpp:195:1:[m[K [01;36m[Knote: [m[Kcandidate: ‘[01m[Ktemplate<class ParameterT> auto rclcpp::Node::declare_parameter(const string&, const ParameterT&, const ParameterDescriptor&, bool)[m[K’
[1.795s]   195 | [01;36m[KNode[m[K::declare_parameter(
[1.795s]       | [01;36m[K^~~~[m[K
[1.795s] [01m[K/opt/ros/humble/include/rclcpp/rclcpp/node_impl.hpp:195:1:[m[K [01;36m[Knote: [m[K  template argument deduction/substitution failed:
[1.795s] [01m[K/home/yahboom/5550_ros2_ws/src/ydlidar_ros2_driver/src/ydlidar_ros2_driver_node.cpp:145:26:[m[K [01;36m[Knote: [m[K  candidate expects 4 arguments, 1 provided
[1.795s]   145 |   [01;36m[Knode->declare_parameter("range_max")[m[K;
[1.795s]       |   [01;36m[K~~~~~~~~~~~~~~~~~~~~~~~^~~~~~~~~~~~~[m[K
[1.795s] In file included from [01m[K/opt/ros/humble/include/rclcpp/rclcpp/executors/single_threaded_executor.hpp:28[m[K,
[1.795s]                  from [01m[K/opt/ros/humble/include/rclcpp/rclcpp/executors.hpp:22[m[K,
[1.795s]                  from [01m[K/opt/ros/humble/include/rclcpp/rclcpp/rclcpp.hpp:155[m[K,
[1.795s]                  from [01m[K/home/yahboom/5550_ros2_ws/src/ydlidar_ros2_driver/src/ydlidar_ros2_driver_node.cpp:23[m[K:
[1.795s] [01m[K/opt/ros/humble/include/rclcpp/rclcpp/node.hpp:434:3:[m[K [01;36m[Knote: [m[Kcandidate: ‘[01m[Ktemplate<class ParameterT> auto rclcpp::Node::declare_parameter(const string&, const ParameterDescriptor&, bool)[m[K’
[1.795s]   434 |   [01;36m[Kdeclare_parameter[m[K(
[1.795s]       |   [01;36m[K^~~~~~~~~~~~~~~~~[m[K
[1.795s] [01m[K/opt/ros/humble/include/rclcpp/rclcpp/node.hpp:434:3:[m[K [01;36m[Knote: [m[K  template argument deduction/substitution failed:
[1.795s] [01m[K/home/yahboom/5550_ros2_ws/src/ydlidar_ros2_driver/src/ydlidar_ros2_driver_node.cpp:145:26:[m[K [01;36m[Knote: [m[K  couldn’t deduce template parameter ‘[01m[KParameterT[m[K’
[1.795s]   145 |   [01;36m[Knode->declare_parameter("range_max")[m[K;
[1.795s]       |   [01;36m[K~~~~~~~~~~~~~~~~~~~~~~~^~~~~~~~~~~~~[m[K
[1.795s] In file included from [01m[K/opt/ros/humble/include/rclcpp/rclcpp/executors/single_threaded_executor.hpp:28[m[K,
[1.796s]                  from [01m[K/opt/ros/humble/include/rclcpp/rclcpp/executors.hpp:22[m[K,
[1.796s]                  from [01m[K/opt/ros/humble/include/rclcpp/rclcpp/rclcpp.hpp:155[m[K,
[1.796s]                  from [01m[K/home/yahboom/5550_ros2_ws/src/ydlidar_ros2_driver/src/ydlidar_ros2_driver_node.cpp:23[m[K:
[1.796s] [01m[K/opt/ros/humble/include/rclcpp/rclcpp/node.hpp:366:3:[m[K [01;36m[Knote: [m[Kcandidate: ‘[01m[Kconst rclcpp::ParameterValue& rclcpp::Node::declare_parameter(const string&, const rclcpp::ParameterValue&, const ParameterDescriptor&, bool)[m[K’
[1.796s]   366 |   [01;36m[Kdeclare_parameter[m[K(
[1.796s]       |   [01;36m[K^~~~~~~~~~~~~~~~~[m[K
[1.796s] [01m[K/opt/ros/humble/include/rclcpp/rclcpp/node.hpp:366:3:[m[K [01;36m[Knote: [m[K  candidate expects 4 arguments, 1 provided
[1.796s] [01m[K/opt/ros/humble/include/rclcpp/rclcpp/node.hpp:391:3:[m[K [01;36m[Knote: [m[Kcandidate: ‘[01m[Kconst rclcpp::ParameterValue& rclcpp::Node::declare_parameter(const string&, rclcpp::ParameterType, const ParameterDescriptor&, bool)[m[K’
[1.796s]   391 |   [01;36m[Kdeclare_parameter[m[K(
[1.796s]       |   [01;36m[K^~~~~~~~~~~~~~~~~[m[K
[1.796s] [01m[K/opt/ros/humble/include/rclcpp/rclcpp/node.hpp:391:3:[m[K [01;36m[Knote: [m[K  candidate expects 4 arguments, 1 provided
[1.796s] [01m[K/home/yahboom/5550_ros2_ws/src/ydlidar_ros2_driver/src/ydlidar_ros2_driver_node.cpp:149:26:[m[K [01;31m[Kerror: [m[Kno matching function for call to ‘[01m[Krclcpp::Node::declare_parameter(const char [10])[m[K’
[1.796s]   149 |   [01;31m[Knode->declare_parameter("range_min")[m[K;
[1.796s]       |   [01;31m[K~~~~~~~~~~~~~~~~~~~~~~~^~~~~~~~~~~~~[m[K
[1.796s] In file included from [01m[K/opt/ros/humble/include/rclcpp/rclcpp/node.hpp:1321[m[K,
[1.796s]                  from [01m[K/opt/ros/humble/include/rclcpp/rclcpp/executors/single_threaded_executor.hpp:28[m[K,
[1.796s]                  from [01m[K/opt/ros/humble/include/rclcpp/rclcpp/executors.hpp:22[m[K,
[1.796s]                  from [01m[K/opt/ros/humble/include/rclcpp/rclcpp/rclcpp.hpp:155[m[K,
[1.796s]                  from [01m[K/home/yahboom/5550_ros2_ws/src/ydlidar_ros2_driver/src/ydlidar_ros2_driver_node.cpp:23[m[K:
[1.796s] [01m[K/opt/ros/humble/include/rclcpp/rclcpp/node_impl.hpp:195:1:[m[K [01;36m[Knote: [m[Kcandidate: ‘[01m[Ktemplate<class ParameterT> auto rclcpp::Node::declare_parameter(const string&, const ParameterT&, const ParameterDescriptor&, bool)[m[K’
[1.796s]   195 | [01;36m[KNode[m[K::declare_parameter(
[1.796s]       | [01;36m[K^~~~[m[K
[1.797s] [01m[K/opt/ros/humble/include/rclcpp/rclcpp/node_impl.hpp:195:1:[m[K [01;36m[Knote: [m[K  template argument deduction/substitution failed:
[1.797s] [01m[K/home/yahboom/5550_ros2_ws/src/ydlidar_ros2_driver/src/ydlidar_ros2_driver_node.cpp:149:26:[m[K [01;36m[Knote: [m[K  candidate expects 4 arguments, 1 provided
[1.797s]   149 |   [01;36m[Knode->declare_parameter("range_min")[m[K;
[1.797s]       |   [01;36m[K~~~~~~~~~~~~~~~~~~~~~~~^~~~~~~~~~~~~[m[K
[1.797s] In file included from [01m[K/opt/ros/humble/include/rclcpp/rclcpp/executors/single_threaded_executor.hpp:28[m[K,
[1.797s]                  from [01m[K/opt/ros/humble/include/rclcpp/rclcpp/executors.hpp:22[m[K,
[1.797s]                  from [01m[K/opt/ros/humble/include/rclcpp/rclcpp/rclcpp.hpp:155[m[K,
[1.797s]                  from [01m[K/home/yahboom/5550_ros2_ws/src/ydlidar_ros2_driver/src/ydlidar_ros2_driver_node.cpp:23[m[K:
[1.797s] [01m[K/opt/ros/humble/include/rclcpp/rclcpp/node.hpp:434:3:[m[K [01;36m[Knote: [m[Kcandidate: ‘[01m[Ktemplate<class ParameterT> auto rclcpp::Node::declare_parameter(const string&, const ParameterDescriptor&, bool)[m[K’
[1.797s]   434 |   [01;36m[Kdeclare_parameter[m[K(
[1.797s]       |   [01;36m[K^~~~~~~~~~~~~~~~~[m[K
[1.797s] [01m[K/opt/ros/humble/include/rclcpp/rclcpp/node.hpp:434:3:[m[K [01;36m[Knote: [m[K  template argument deduction/substitution failed:
[1.797s] [01m[K/home/yahboom/5550_ros2_ws/src/ydlidar_ros2_driver/src/ydlidar_ros2_driver_node.cpp:149:26:[m[K [01;36m[Knote: [m[K  couldn’t deduce template parameter ‘[01m[KParameterT[m[K’
[1.797s]   149 |   [01;36m[Knode->declare_parameter("range_min")[m[K;
[1.797s]       |   [01;36m[K~~~~~~~~~~~~~~~~~~~~~~~^~~~~~~~~~~~~[m[K
[1.797s] In file included from [01m[K/opt/ros/humble/include/rclcpp/rclcpp/executors/single_threaded_executor.hpp:28[m[K,
[1.797s]                  from [01m[K/opt/ros/humble/include/rclcpp/rclcpp/executors.hpp:22[m[K,
[1.797s]                  from [01m[K/opt/ros/humble/include/rclcpp/rclcpp/rclcpp.hpp:155[m[K,
[1.797s]                  from [01m[K/home/yahboom/5550_ros2_ws/src/ydlidar_ros2_driver/src/ydlidar_ros2_driver_node.cpp:23[m[K:
[1.797s] [01m[K/opt/ros/humble/include/rclcpp/rclcpp/node.hpp:366:3:[m[K [01;36m[Knote: [m[Kcandidate: ‘[01m[Kconst rclcpp::ParameterValue& rclcpp::Node::declare_parameter(const string&, const rclcpp::ParameterValue&, const ParameterDescriptor&, bool)[m[K’
[1.798s]   366 |   [01;36m[Kdeclare_parameter[m[K(
[1.798s]       |   [01;36m[K^~~~~~~~~~~~~~~~~[m[K
[1.798s] [01m[K/opt/ros/humble/include/rclcpp/rclcpp/node.hpp:366:3:[m[K [01;36m[Knote: [m[K  candidate expects 4 arguments, 1 provided
[1.798s] [01m[K/opt/ros/humble/include/rclcpp/rclcpp/node.hpp:391:3:[m[K [01;36m[Knote: [m[Kcandidate: ‘[01m[Kconst rclcpp::ParameterValue& rclcpp::Node::declare_parameter(const string&, rclcpp::ParameterType, const ParameterDescriptor&, bool)[m[K’
[1.798s]   391 |   [01;36m[Kdeclare_parameter[m[K(
[1.798s]       |   [01;36m[K^~~~~~~~~~~~~~~~~[m[K
[1.798s] [01m[K/opt/ros/humble/include/rclcpp/rclcpp/node.hpp:391:3:[m[K [01;36m[Knote: [m[K  candidate expects 4 arguments, 1 provided
[1.798s] [01m[K/home/yahboom/5550_ros2_ws/src/ydlidar_ros2_driver/src/ydlidar_ros2_driver_node.cpp:154:26:[m[K [01;31m[Kerror: [m[Kno matching function for call to ‘[01m[Krclcpp::Node::declare_parameter(const char [10])[m[K’
[1.798s]   154 |   [01;31m[Knode->declare_parameter("frequency")[m[K;
[1.798s]       |   [01;31m[K~~~~~~~~~~~~~~~~~~~~~~~^~~~~~~~~~~~~[m[K
[1.798s] In file included from [01m[K/opt/ros/humble/include/rclcpp/rclcpp/node.hpp:1321[m[K,
[1.798s]                  from [01m[K/opt/ros/humble/include/rclcpp/rclcpp/executors/single_threaded_executor.hpp:28[m[K,
[1.798s]                  from [01m[K/opt/ros/humble/include/rclcpp/rclcpp/executors.hpp:22[m[K,
[1.798s]                  from [01m[K/opt/ros/humble/include/rclcpp/rclcpp/rclcpp.hpp:155[m[K,
[1.798s]                  from [01m[K/home/yahboom/5550_ros2_ws/src/ydlidar_ros2_driver/src/ydlidar_ros2_driver_node.cpp:23[m[K:
[1.798s] [01m[K/opt/ros/humble/include/rclcpp/rclcpp/node_impl.hpp:195:1:[m[K [01;36m[Knote: [m[Kcandidate: ‘[01m[Ktemplate<class ParameterT> auto rclcpp::Node::declare_parameter(const string&, const ParameterT&, const ParameterDescriptor&, bool)[m[K’
[1.798s]   195 | [01;36m[KNode[m[K::declare_parameter(
[1.798s]       | [01;36m[K^~~~[m[K
[1.798s] [01m[K/opt/ros/humble/include/rclcpp/rclcpp/node_impl.hpp:195:1:[m[K [01;36m[Knote: [m[K  template argument deduction/substitution failed:
[1.798s] [01m[K/home/yahboom/5550_ros2_ws/src/ydlidar_ros2_driver/src/ydlidar_ros2_driver_node.cpp:154:26:[m[K [01;36m[Knote: [m[K  candidate expects 4 arguments, 1 provided
[1.798s]   154 |   [01;36m[Knode->declare_parameter("frequency")[m[K;
[1.799s]       |   [01;36m[K~~~~~~~~~~~~~~~~~~~~~~~^~~~~~~~~~~~~[m[K
[1.799s] In file included from [01m[K/opt/ros/humble/include/rclcpp/rclcpp/executors/single_threaded_executor.hpp:28[m[K,
[1.799s]                  from [01m[K/opt/ros/humble/include/rclcpp/rclcpp/executors.hpp:22[m[K,
[1.799s]                  from [01m[K/opt/ros/humble/include/rclcpp/rclcpp/rclcpp.hpp:155[m[K,
[1.799s]                  from [01m[K/home/yahboom/5550_ros2_ws/src/ydlidar_ros2_driver/src/ydlidar_ros2_driver_node.cpp:23[m[K:
[1.799s] [01m[K/opt/ros/humble/include/rclcpp/rclcpp/node.hpp:434:3:[m[K [01;36m[Knote: [m[Kcandidate: ‘[01m[Ktemplate<class ParameterT> auto rclcpp::Node::declare_parameter(const string&, const ParameterDescriptor&, bool)[m[K’
[1.799s]   434 |   [01;36m[Kdeclare_parameter[m[K(
[1.799s]       |   [01;36m[K^~~~~~~~~~~~~~~~~[m[K
[1.799s] [01m[K/opt/ros/humble/include/rclcpp/rclcpp/node.hpp:434:3:[m[K [01;36m[Knote: [m[K  template argument deduction/substitution failed:
[1.799s] [01m[K/home/yahboom/5550_ros2_ws/src/ydlidar_ros2_driver/src/ydlidar_ros2_driver_node.cpp:154:26:[m[K [01;36m[Knote: [m[K  couldn’t deduce template parameter ‘[01m[KParameterT[m[K’
[1.799s]   154 |   [01;36m[Knode->declare_parameter("frequency")[m[K;
[1.799s]       |   [01;36m[K~~~~~~~~~~~~~~~~~~~~~~~^~~~~~~~~~~~~[m[K
[1.799s] In file included from [01m[K/opt/ros/humble/include/rclcpp/rclcpp/executors/single_threaded_executor.hpp:28[m[K,
[1.799s]                  from [01m[K/opt/ros/humble/include/rclcpp/rclcpp/executors.hpp:22[m[K,
[1.799s]                  from [01m[K/opt/ros/humble/include/rclcpp/rclcpp/rclcpp.hpp:155[m[K,
[1.799s]                  from [01m[K/home/yahboom/5550_ros2_ws/src/ydlidar_ros2_driver/src/ydlidar_ros2_driver_node.cpp:23[m[K:
[1.799s] [01m[K/opt/ros/humble/include/rclcpp/rclcpp/node.hpp:366:3:[m[K [01;36m[Knote: [m[Kcandidate: ‘[01m[Kconst rclcpp::ParameterValue& rclcpp::Node::declare_parameter(const string&, const rclcpp::ParameterValue&, const ParameterDescriptor&, bool)[m[K’
[1.799s]   366 |   [01;36m[Kdeclare_parameter[m[K(
[1.799s]       |   [01;36m[K^~~~~~~~~~~~~~~~~[m[K
[1.799s] [01m[K/opt/ros/humble/include/rclcpp/rclcpp/node.hpp:366:3:[m[K [01;36m[Knote: [m[K  candidate expects 4 arguments, 1 provided
[1.799s] [01m[K/opt/ros/humble/include/rclcpp/rclcpp/node.hpp:391:3:[m[K [01;36m[Knote: [m[Kcandidate: ‘[01m[Kconst rclcpp::ParameterValue& rclcpp::Node::declare_parameter(const string&, rclcpp::ParameterType, const ParameterDescriptor&, bool)[m[K’
[1.800s]   391 |   [01;36m[Kdeclare_parameter[m[K(
[1.800s]       |   [01;36m[K^~~~~~~~~~~~~~~~~[m[K
[1.800s] [01m[K/opt/ros/humble/include/rclcpp/rclcpp/node.hpp:391:3:[m[K [01;36m[Knote: [m[K  candidate expects 4 arguments, 1 provided
[1.800s] [01m[K/home/yahboom/5550_ros2_ws/src/ydlidar_ros2_driver/src/ydlidar_ros2_driver_node.cpp:159:26:[m[K [01;31m[Kerror: [m[Kno matching function for call to ‘[01m[Krclcpp::Node::declare_parameter(const char [21])[m[K’
[1.800s]   159 |   [01;31m[Knode->declare_parameter("invalid_range_is_inf")[m[K;
[1.800s]       |   [01;31m[K~~~~~~~~~~~~~~~~~~~~~~~^~~~~~~~~~~~~~~~~~~~~~~~[m[K
[1.800s] In file included from [01m[K/opt/ros/humble/include/rclcpp/rclcpp/node.hpp:1321[m[K,
[1.800s]                  from [01m[K/opt/ros/humble/include/rclcpp/rclcpp/executors/single_threaded_executor.hpp:28[m[K,
[1.800s]                  from [01m[K/opt/ros/humble/include/rclcpp/rclcpp/executors.hpp:22[m[K,
[1.800s]                  from [01m[K/opt/ros/humble/include/rclcpp/rclcpp/rclcpp.hpp:155[m[K,
[1.800s]                  from [01m[K/home/yahboom/5550_ros2_ws/src/ydlidar_ros2_driver/src/ydlidar_ros2_driver_node.cpp:23[m[K:
[1.800s] [01m[K/opt/ros/humble/include/rclcpp/rclcpp/node_impl.hpp:195:1:[m[K [01;36m[Knote: [m[Kcandidate: ‘[01m[Ktemplate<class ParameterT> auto rclcpp::Node::declare_parameter(const string&, const ParameterT&, const ParameterDescriptor&, bool)[m[K’
[1.800s]   195 | [01;36m[KNode[m[K::declare_parameter(
[1.800s]       | [01;36m[K^~~~[m[K
[1.800s] [01m[K/opt/ros/humble/include/rclcpp/rclcpp/node_impl.hpp:195:1:[m[K [01;36m[Knote: [m[K  template argument deduction/substitution failed:
[1.800s] [01m[K/home/yahboom/5550_ros2_ws/src/ydlidar_ros2_driver/src/ydlidar_ros2_driver_node.cpp:159:26:[m[K [01;36m[Knote: [m[K  candidate expects 4 arguments, 1 provided
[1.800s]   159 |   [01;36m[Knode->declare_parameter("invalid_range_is_inf")[m[K;
[1.800s]       |   [01;36m[K~~~~~~~~~~~~~~~~~~~~~~~^~~~~~~~~~~~~~~~~~~~~~~~[m[K
[1.800s] In file included from [01m[K/opt/ros/humble/include/rclcpp/rclcpp/executors/single_threaded_executor.hpp:28[m[K,
[1.800s]                  from [01m[K/opt/ros/humble/include/rclcpp/rclcpp/executors.hpp:22[m[K,
[1.800s]                  from [01m[K/opt/ros/humble/include/rclcpp/rclcpp/rclcpp.hpp:155[m[K,
[1.801s]                  from [01m[K/home/yahboom/5550_ros2_ws/src/ydlidar_ros2_driver/src/ydlidar_ros2_driver_node.cpp:23[m[K:
[1.801s] [01m[K/opt/ros/humble/include/rclcpp/rclcpp/node.hpp:434:3:[m[K [01;36m[Knote: [m[Kcandidate: ‘[01m[Ktemplate<class ParameterT> auto rclcpp::Node::declare_parameter(const string&, const ParameterDescriptor&, bool)[m[K’
[1.801s]   434 |   [01;36m[Kdeclare_parameter[m[K(
[1.801s]       |   [01;36m[K^~~~~~~~~~~~~~~~~[m[K
[1.801s] [01m[K/opt/ros/humble/include/rclcpp/rclcpp/node.hpp:434:3:[m[K [01;36m[Knote: [m[K  template argument deduction/substitution failed:
[1.801s] [01m[K/home/yahboom/5550_ros2_ws/src/ydlidar_ros2_driver/src/ydlidar_ros2_driver_node.cpp:159:26:[m[K [01;36m[Knote: [m[K  couldn’t deduce template parameter ‘[01m[KParameterT[m[K’
[1.801s]   159 |   [01;36m[Knode->declare_parameter("invalid_range_is_inf")[m[K;
[1.801s]       |   [01;36m[K~~~~~~~~~~~~~~~~~~~~~~~^~~~~~~~~~~~~~~~~~~~~~~~[m[K
[1.801s] In file included from [01m[K/opt/ros/humble/include/rclcpp/rclcpp/executors/single_threaded_executor.hpp:28[m[K,
[1.801s]                  from [01m[K/opt/ros/humble/include/rclcpp/rclcpp/executors.hpp:22[m[K,
[1.801s]                  from [01m[K/opt/ros/humble/include/rclcpp/rclcpp/rclcpp.hpp:155[m[K,
[1.801s]                  from [01m[K/home/yahboom/5550_ros2_ws/src/ydlidar_ros2_driver/src/ydlidar_ros2_driver_node.cpp:23[m[K:
[1.801s] [01m[K/opt/ros/humble/include/rclcpp/rclcpp/node.hpp:366:3:[m[K [01;36m[Knote: [m[Kcandidate: ‘[01m[Kconst rclcpp::ParameterValue& rclcpp::Node::declare_parameter(const string&, const rclcpp::ParameterValue&, const ParameterDescriptor&, bool)[m[K’
[1.801s]   366 |   [01;36m[Kdeclare_parameter[m[K(
[1.801s]       |   [01;36m[K^~~~~~~~~~~~~~~~~[m[K
[1.801s] [01m[K/opt/ros/humble/include/rclcpp/rclcpp/node.hpp:366:3:[m[K [01;36m[Knote: [m[K  candidate expects 4 arguments, 1 provided
[1.801s] [01m[K/opt/ros/humble/include/rclcpp/rclcpp/node.hpp:391:3:[m[K [01;36m[Knote: [m[Kcandidate: ‘[01m[Kconst rclcpp::ParameterValue& rclcpp::Node::declare_parameter(const string&, rclcpp::ParameterType, const ParameterDescriptor&, bool)[m[K’
[1.801s]   391 |   [01;36m[Kdeclare_parameter[m[K(
[1.801s]       |   [01;36m[K^~~~~~~~~~~~~~~~~[m[K
[1.801s] [01m[K/opt/ros/humble/include/rclcpp/rclcpp/node.hpp:391:3:[m[K [01;36m[Knote: [m[K  candidate expects 4 arguments, 1 provided
[1.801s] [01m[K/home/yahboom/5550_ros2_ws/src/ydlidar_ros2_driver/src/ydlidar_ros2_driver_node.cpp:168:28:[m[K [01;31m[Kerror: [m[Kno matching function for call to ‘[01m[Krclcpp::Node::declare_parameter(const char [8])[m[K’
[1.801s]   168 |     [01;31m[Knode->declare_parameter("m1_mode")[m[K;
[1.801s]       |     [01;31m[K~~~~~~~~~~~~~~~~~~~~~~~^~~~~~~~~~~[m[K
[1.801s] In file included from [01m[K/opt/ros/humble/include/rclcpp/rclcpp/node.hpp:1321[m[K,
[1.802s]                  from [01m[K/opt/ros/humble/include/rclcpp/rclcpp/executors/single_threaded_executor.hpp:28[m[K,
[1.802s]                  from [01m[K/opt/ros/humble/include/rclcpp/rclcpp/executors.hpp:22[m[K,
[1.802s]                  from [01m[K/opt/ros/humble/include/rclcpp/rclcpp/rclcpp.hpp:155[m[K,
[1.802s]                  from [01m[K/home/yahboom/5550_ros2_ws/src/ydlidar_ros2_driver/src/ydlidar_ros2_driver_node.cpp:23[m[K:
[1.802s] [01m[K/opt/ros/humble/include/rclcpp/rclcpp/node_impl.hpp:195:1:[m[K [01;36m[Knote: [m[Kcandidate: ‘[01m[Ktemplate<class ParameterT> auto rclcpp::Node::declare_parameter(const string&, const ParameterT&, const ParameterDescriptor&, bool)[m[K’
[1.802s]   195 | [01;36m[KNode[m[K::declare_parameter(
[1.802s]       | [01;36m[K^~~~[m[K
[1.802s] [01m[K/opt/ros/humble/include/rclcpp/rclcpp/node_impl.hpp:195:1:[m[K [01;36m[Knote: [m[K  template argument deduction/substitution failed:
[1.802s] [01m[K/home/yahboom/5550_ros2_ws/src/ydlidar_ros2_driver/src/ydlidar_ros2_driver_node.cpp:168:28:[m[K [01;36m[Knote: [m[K  candidate expects 4 arguments, 1 provided
[1.802s]   168 |     [01;36m[Knode->declare_parameter("m1_mode")[m[K;
[1.802s]       |     [01;36m[K~~~~~~~~~~~~~~~~~~~~~~~^~~~~~~~~~~[m[K
[1.802s] In file included from [01m[K/opt/ros/humble/include/rclcpp/rclcpp/executors/single_threaded_executor.hpp:28[m[K,
[1.802s]                  from [01m[K/opt/ros/humble/include/rclcpp/rclcpp/executors.hpp:22[m[K,
[1.802s]                  from [01m[K/opt/ros/humble/include/rclcpp/rclcpp/rclcpp.hpp:155[m[K,
[1.802s]                  from [01m[K/home/yahboom/5550_ros2_ws/src/ydlidar_ros2_driver/src/ydlidar_ros2_driver_node.cpp:23[m[K:
[1.802s] [01m[K/opt/ros/humble/include/rclcpp/rclcpp/node.hpp:434:3:[m[K [01;36m[Knote: [m[Kcandidate: ‘[01m[Ktemplate<class ParameterT> auto rclcpp::Node::declare_parameter(const string&, const ParameterDescriptor&, bool)[m[K’
[1.802s]   434 |   [01;36m[Kdeclare_parameter[m[K(
[1.802s]       |   [01;36m[K^~~~~~~~~~~~~~~~~[m[K
[1.802s] [01m[K/opt/ros/humble/include/rclcpp/rclcpp/node.hpp:434:3:[m[K [01;36m[Knote: [m[K  template argument deduction/substitution failed:
[1.802s] [01m[K/home/yahboom/5550_ros2_ws/src/ydlidar_ros2_driver/src/ydlidar_ros2_driver_node.cpp:168:28:[m[K [01;36m[Knote: [m[K  couldn’t deduce template parameter ‘[01m[KParameterT[m[K’
[1.802s]   168 |     [01;36m[Knode->declare_parameter("m1_mode")[m[K;
[1.802s]       |     [01;36m[K~~~~~~~~~~~~~~~~~~~~~~~^~~~~~~~~~~[m[K
[1.802s] In file included from [01m[K/opt/ros/humble/include/rclcpp/rclcpp/executors/single_threaded_executor.hpp:28[m[K,
[1.802s]                  from [01m[K/opt/ros/humble/include/rclcpp/rclcpp/executors.hpp:22[m[K,
[1.802s]                  from [01m[K/opt/ros/humble/include/rclcpp/rclcpp/rclcpp.hpp:155[m[K,
[1.803s]                  from [01m[K/home/yahboom/5550_ros2_ws/src/ydlidar_ros2_driver/src/ydlidar_ros2_driver_node.cpp:23[m[K:
[1.803s] [01m[K/opt/ros/humble/include/rclcpp/rclcpp/node.hpp:366:3:[m[K [01;36m[Knote: [m[Kcandidate: ‘[01m[Kconst rclcpp::ParameterValue& rclcpp::Node::declare_parameter(const string&, const rclcpp::ParameterValue&, const ParameterDescriptor&, bool)[m[K’
[1.803s]   366 |   [01;36m[Kdeclare_parameter[m[K(
[1.803s]       |   [01;36m[K^~~~~~~~~~~~~~~~~[m[K
[1.803s] [01m[K/opt/ros/humble/include/rclcpp/rclcpp/node.hpp:366:3:[m[K [01;36m[Knote: [m[K  candidate expects 4 arguments, 1 provided
[1.803s] [01m[K/opt/ros/humble/include/rclcpp/rclcpp/node.hpp:391:3:[m[K [01;36m[Knote: [m[Kcandidate: ‘[01m[Kconst rclcpp::ParameterValue& rclcpp::Node::declare_parameter(const string&, rclcpp::ParameterType, const ParameterDescriptor&, bool)[m[K’
[1.803s]   391 |   [01;36m[Kdeclare_parameter[m[K(
[1.803s]       |   [01;36m[K^~~~~~~~~~~~~~~~~[m[K
[1.803s] [01m[K/opt/ros/humble/include/rclcpp/rclcpp/node.hpp:391:3:[m[K [01;36m[Knote: [m[K  candidate expects 4 arguments, 1 provided
[1.803s] [01m[K/home/yahboom/5550_ros2_ws/src/ydlidar_ros2_driver/src/ydlidar_ros2_driver_node.cpp:172:28:[m[K [01;31m[Kerror: [m[Kno matching function for call to ‘[01m[Krclcpp::Node::declare_parameter(const char [8])[m[K’
[1.803s]   172 |     [01;31m[Knode->declare_parameter("m2_mode")[m[K;
[1.803s]       |     [01;31m[K~~~~~~~~~~~~~~~~~~~~~~~^~~~~~~~~~~[m[K
[1.803s] In file included from [01m[K/opt/ros/humble/include/rclcpp/rclcpp/node.hpp:1321[m[K,
[1.803s]                  from [01m[K/opt/ros/humble/include/rclcpp/rclcpp/executors/single_threaded_executor.hpp:28[m[K,
[1.803s]                  from [01m[K/opt/ros/humble/include/rclcpp/rclcpp/executors.hpp:22[m[K,
[1.803s]                  from [01m[K/opt/ros/humble/include/rclcpp/rclcpp/rclcpp.hpp:155[m[K,
[1.803s]                  from [01m[K/home/yahboom/5550_ros2_ws/src/ydlidar_ros2_driver/src/ydlidar_ros2_driver_node.cpp:23[m[K:
[1.803s] [01m[K/opt/ros/humble/include/rclcpp/rclcpp/node_impl.hpp:195:1:[m[K [01;36m[Knote: [m[Kcandidate: ‘[01m[Ktemplate<class ParameterT> auto rclcpp::Node::declare_parameter(const string&, const ParameterT&, const ParameterDescriptor&, bool)[m[K’
[1.803s]   195 | [01;36m[KNode[m[K::declare_parameter(
[1.803s]       | [01;36m[K^~~~[m[K
[1.803s] [01m[K/opt/ros/humble/include/rclcpp/rclcpp/node_impl.hpp:195:1:[m[K [01;36m[Knote: [m[K  template argument deduction/substitution failed:
[1.803s] [01m[K/home/yahboom/5550_ros2_ws/src/ydlidar_ros2_driver/src/ydlidar_ros2_driver_node.cpp:172:28:[m[K [01;36m[Knote: [m[K  candidate expects 4 arguments, 1 provided
[1.803s]   172 |     [01;36m[Knode->declare_parameter("m2_mode")[m[K;
[1.804s]       |     [01;36m[K~~~~~~~~~~~~~~~~~~~~~~~^~~~~~~~~~~[m[K
[1.804s] In file included from [01m[K/opt/ros/humble/include/rclcpp/rclcpp/executors/single_threaded_executor.hpp:28[m[K,
[1.804s]                  from [01m[K/opt/ros/humble/include/rclcpp/rclcpp/executors.hpp:22[m[K,
[1.804s]                  from [01m[K/opt/ros/humble/include/rclcpp/rclcpp/rclcpp.hpp:155[m[K,
[1.804s]                  from [01m[K/home/yahboom/5550_ros2_ws/src/ydlidar_ros2_driver/src/ydlidar_ros2_driver_node.cpp:23[m[K:
[1.804s] [01m[K/opt/ros/humble/include/rclcpp/rclcpp/node.hpp:434:3:[m[K [01;36m[Knote: [m[Kcandidate: ‘[01m[Ktemplate<class ParameterT> auto rclcpp::Node::declare_parameter(const string&, const ParameterDescriptor&, bool)[m[K’
[1.804s]   434 |   [01;36m[Kdeclare_parameter[m[K(
[1.804s]       |   [01;36m[K^~~~~~~~~~~~~~~~~[m[K
[1.804s] [01m[K/opt/ros/humble/include/rclcpp/rclcpp/node.hpp:434:3:[m[K [01;36m[Knote: [m[K  template argument deduction/substitution failed:
[1.804s] [01m[K/home/yahboom/5550_ros2_ws/src/ydlidar_ros2_driver/src/ydlidar_ros2_driver_node.cpp:172:28:[m[K [01;36m[Knote: [m[K  couldn’t deduce template parameter ‘[01m[KParameterT[m[K’
[1.804s]   172 |     [01;36m[Knode->declare_parameter("m2_mode")[m[K;
[1.804s]       |     [01;36m[K~~~~~~~~~~~~~~~~~~~~~~~^~~~~~~~~~~[m[K
[1.804s] In file included from [01m[K/opt/ros/humble/include/rclcpp/rclcpp/executors/single_threaded_executor.hpp:28[m[K,
[1.804s]                  from [01m[K/opt/ros/humble/include/rclcpp/rclcpp/executors.hpp:22[m[K,
[1.804s]                  from [01m[K/opt/ros/humble/include/rclcpp/rclcpp/rclcpp.hpp:155[m[K,
[1.804s]                  from [01m[K/home/yahboom/5550_ros2_ws/src/ydlidar_ros2_driver/src/ydlidar_ros2_driver_node.cpp:23[m[K:
[1.804s] [01m[K/opt/ros/humble/include/rclcpp/rclcpp/node.hpp:366:3:[m[K [01;36m[Knote: [m[Kcandidate: ‘[01m[Kconst rclcpp::ParameterValue& rclcpp::Node::declare_parameter(const string&, const rclcpp::ParameterValue&, const ParameterDescriptor&, bool)[m[K’
[1.804s]   366 |   [01;36m[Kdeclare_parameter[m[K(
[1.804s]       |   [01;36m[K^~~~~~~~~~~~~~~~~[m[K
[1.804s] [01m[K/opt/ros/humble/include/rclcpp/rclcpp/node.hpp:366:3:[m[K [01;36m[Knote: [m[K  candidate expects 4 arguments, 1 provided
[1.804s] [01m[K/opt/ros/humble/include/rclcpp/rclcpp/node.hpp:391:3:[m[K [01;36m[Knote: [m[Kcandidate: ‘[01m[Kconst rclcpp::ParameterValue& rclcpp::Node::declare_parameter(const string&, rclcpp::ParameterType, const ParameterDescriptor&, bool)[m[K’
[1.804s]   391 |   [01;36m[Kdeclare_parameter[m[K(
[1.804s]       |   [01;36m[K^~~~~~~~~~~~~~~~~[m[K
[1.804s] [01m[K/opt/ros/humble/include/rclcpp/rclcpp/node.hpp:391:3:[m[K [01;36m[Knote: [m[K  candidate expects 4 arguments, 1 provided
[1.805s] [01m[K/home/yahboom/5550_ros2_ws/src/ydlidar_ros2_driver/src/ydlidar_ros2_driver_node.cpp:176:28:[m[K [01;31m[Kerror: [m[Kno matching function for call to ‘[01m[Krclcpp::Node::declare_parameter(const char [8])[m[K’
[1.805s]   176 |     [01;31m[Knode->declare_parameter("m3_mode")[m[K;
[1.805s]       |     [01;31m[K~~~~~~~~~~~~~~~~~~~~~~~^~~~~~~~~~~[m[K
[1.805s] In file included from [01m[K/opt/ros/humble/include/rclcpp/rclcpp/node.hpp:1321[m[K,
[1.805s]                  from [01m[K/opt/ros/humble/include/rclcpp/rclcpp/executors/single_threaded_executor.hpp:28[m[K,
[1.805s]                  from [01m[K/opt/ros/humble/include/rclcpp/rclcpp/executors.hpp:22[m[K,
[1.805s]                  from [01m[K/opt/ros/humble/include/rclcpp/rclcpp/rclcpp.hpp:155[m[K,
[1.805s]                  from [01m[K/home/yahboom/5550_ros2_ws/src/ydlidar_ros2_driver/src/ydlidar_ros2_driver_node.cpp:23[m[K:
[1.805s] [01m[K/opt/ros/humble/include/rclcpp/rclcpp/node_impl.hpp:195:1:[m[K [01;36m[Knote: [m[Kcandidate: ‘[01m[Ktemplate<class ParameterT> auto rclcpp::Node::declare_parameter(const string&, const ParameterT&, const ParameterDescriptor&, bool)[m[K’
[1.805s]   195 | [01;36m[KNode[m[K::declare_parameter(
[1.805s]       | [01;36m[K^~~~[m[K
[1.805s] [01m[K/opt/ros/humble/include/rclcpp/rclcpp/node_impl.hpp:195:1:[m[K [01;36m[Knote: [m[K  template argument deduction/substitution failed:
[1.805s] [01m[K/home/yahboom/5550_ros2_ws/src/ydlidar_ros2_driver/src/ydlidar_ros2_driver_node.cpp:176:28:[m[K [01;36m[Knote: [m[K  candidate expects 4 arguments, 1 provided
[1.805s]   176 |     [01;36m[Knode->declare_parameter("m3_mode")[m[K;
[1.805s]       |     [01;36m[K~~~~~~~~~~~~~~~~~~~~~~~^~~~~~~~~~~[m[K
[1.805s] In file included from [01m[K/opt/ros/humble/include/rclcpp/rclcpp/executors/single_threaded_executor.hpp:28[m[K,
[1.805s]                  from [01m[K/opt/ros/humble/include/rclcpp/rclcpp/executors.hpp:22[m[K,
[1.805s]                  from [01m[K/opt/ros/humble/include/rclcpp/rclcpp/rclcpp.hpp:155[m[K,
[1.805s]                  from [01m[K/home/yahboom/5550_ros2_ws/src/ydlidar_ros2_driver/src/ydlidar_ros2_driver_node.cpp:23[m[K:
[1.805s] [01m[K/opt/ros/humble/include/rclcpp/rclcpp/node.hpp:434:3:[m[K [01;36m[Knote: [m[Kcandidate: ‘[01m[Ktemplate<class ParameterT> auto rclcpp::Node::declare_parameter(const string&, const ParameterDescriptor&, bool)[m[K’
[1.806s]   434 |   [01;36m[Kdeclare_parameter[m[K(
[1.806s]       |   [01;36m[K^~~~~~~~~~~~~~~~~[m[K
[1.806s] [01m[K/opt/ros/humble/include/rclcpp/rclcpp/node.hpp:434:3:[m[K [01;36m[Knote: [m[K  template argument deduction/substitution failed:
[1.806s] [01m[K/home/yahboom/5550_ros2_ws/src/ydlidar_ros2_driver/src/ydlidar_ros2_driver_node.cpp:176:28:[m[K [01;36m[Knote: [m[K  couldn’t deduce template parameter ‘[01m[KParameterT[m[K’
[1.806s]   176 |     [01;36m[Knode->declare_parameter("m3_mode")[m[K;
[1.806s]       |     [01;36m[K~~~~~~~~~~~~~~~~~~~~~~~^~~~~~~~~~~[m[K
[1.806s] In file included from [01m[K/opt/ros/humble/include/rclcpp/rclcpp/executors/single_threaded_executor.hpp:28[m[K,
[1.806s]                  from [01m[K/opt/ros/humble/include/rclcpp/rclcpp/executors.hpp:22[m[K,
[1.806s]                  from [01m[K/opt/ros/humble/include/rclcpp/rclcpp/rclcpp.hpp:155[m[K,
[1.806s]                  from [01m[K/home/yahboom/5550_ros2_ws/src/ydlidar_ros2_driver/src/ydlidar_ros2_driver_node.cpp:23[m[K:
[1.806s] [01m[K/opt/ros/humble/include/rclcpp/rclcpp/node.hpp:366:3:[m[K [01;36m[Knote: [m[Kcandidate: ‘[01m[Kconst rclcpp::ParameterValue& rclcpp::Node::declare_parameter(const string&, const rclcpp::ParameterValue&, const ParameterDescriptor&, bool)[m[K’
[1.806s]   366 |   [01;36m[Kdeclare_parameter[m[K(
[1.806s]       |   [01;36m[K^~~~~~~~~~~~~~~~~[m[K
[1.806s] [01m[K/opt/ros/humble/include/rclcpp/rclcpp/node.hpp:366:3:[m[K [01;36m[Knote: [m[K  candidate expects 4 arguments, 1 provided
[1.806s] [01m[K/opt/ros/humble/include/rclcpp/rclcpp/node.hpp:391:3:[m[K [01;36m[Knote: [m[Kcandidate: ‘[01m[Kconst rclcpp::ParameterValue& rclcpp::Node::declare_parameter(const string&, rclcpp::ParameterType, const ParameterDescriptor&, bool)[m[K’
[1.806s]   391 |   [01;36m[Kdeclare_parameter[m[K(
[1.806s]       |   [01;36m[K^~~~~~~~~~~~~~~~~[m[K
[1.806s] [01m[K/opt/ros/humble/include/rclcpp/rclcpp/node.hpp:391:3:[m[K [01;36m[Knote: [m[K  candidate expects 4 arguments, 1 provided
[1.806s] [01m[K/home/yahboom/5550_ros2_ws/src/ydlidar_ros2_driver/src/ydlidar_ros2_driver_node.cpp:[m[K In lambda function:
[1.806s] [01m[K/home/yahboom/5550_ros2_ws/src/ydlidar_ros2_driver/src/ydlidar_ros2_driver_node.cpp:190:54:[m[K [01;35m[Kwarning: [m[Kunused parameter ‘[01m[Krequest_header[m[K’ [[01;35m[K]8;;https://gcc.gnu.org/onlinedocs/gcc/Warning-Options.html#index-Wunused-parameter-Wunused-parameter]8;;[m[K]
[1.806s]   190 |     [&laser]([01;35m[Kconst std::shared_ptr<rmw_request_id_t> request_header[m[K,
[1.806s]       |              [01;35m[K~~~~~~~~~~~~~~~~~~~~~~~~~~~~~~~~~~~~~~~~^~~~~~~~~~~~~~[m[K
[1.807s] [01m[K/home/yahboom/5550_ros2_ws/src/ydlidar_ros2_driver/src/ydlidar_ros2_driver_node.cpp:191:56:[m[K [01;35m[Kwarning: [m[Kunused parameter ‘[01m[Kreq[m[K’ [[01;35m[K]8;;https://gcc.gnu.org/onlinedocs/gcc/Warning-Options.html#index-Wunused-parameter-Wunused-parameter]8;;[m[K]
[1.807s]   191 |   [01;35m[Kconst std::shared_ptr<std_srvs::srv::Empty::Request> req[m[K,
[1.807s]       |   [01;35m[K~~~~~~~~~~~~~~~~~~~~~~~~~~~~~~~~~~~~~~~~~~~~~~~~~~~~~^~~[m[K
[1.807s] [01m[K/home/yahboom/5550_ros2_ws/src/ydlidar_ros2_driver/src/ydlidar_ros2_driver_node.cpp:192:51:[m[K [01;35m[Kwarning: [m[Kunused parameter ‘[01m[Kresponse[m[K’ [[01;35m[K]8;;https://gcc.gnu.org/onlinedocs/gcc/Warning-Options.html#index-Wunused-parameter-Wunused-parameter]8;;[m[K]
[1.807s]   192 |   [01;35m[Kstd::shared_ptr<std_srvs::srv::Empty::Response> response[m[K) -> bool
[1.807s]       |   [01;35m[K~~~~~~~~~~~~~~~~~~~~~~~~~~~~~~~~~~~~~~~~~~~~~~~~^~~~~~~~[m[K
[1.807s] [01m[K/home/yahboom/5550_ros2_ws/src/ydlidar_ros2_driver/src/ydlidar_ros2_driver_node.cpp:[m[K In lambda function:
[1.807s] [01m[K/home/yahboom/5550_ros2_ws/src/ydlidar_ros2_driver/src/ydlidar_ros2_driver_node.cpp:200:54:[m[K [01;35m[Kwarning: [m[Kunused parameter ‘[01m[Krequest_header[m[K’ [[01;35m[K]8;;https://gcc.gnu.org/onlinedocs/gcc/Warning-Options.html#index-Wunused-parameter-Wunused-parameter]8;;[m[K]
[1.807s]   200 |     [&laser]([01;35m[Kconst std::shared_ptr<rmw_request_id_t> request_header[m[K,
[1.807s]       |              [01;35m[K~~~~~~~~~~~~~~~~~~~~~~~~~~~~~~~~~~~~~~~~^~~~~~~~~~~~~~[m[K
[1.807s] [01m[K/home/yahboom/5550_ros2_ws/src/ydlidar_ros2_driver/src/ydlidar_ros2_driver_node.cpp:201:56:[m[K [01;35m[Kwarning: [m[Kunused parameter ‘[01m[Kreq[m[K’ [[01;35m[K]8;;https://gcc.gnu.org/onlinedocs/gcc/Warning-Options.html#index-Wunused-parameter-Wunused-parameter]8;;[m[K]
[1.807s]   201 |   [01;35m[Kconst std::shared_ptr<std_srvs::srv::Empty::Request> req[m[K,
[1.807s]       |   [01;35m[K~~~~~~~~~~~~~~~~~~~~~~~~~~~~~~~~~~~~~~~~~~~~~~~~~~~~~^~~[m[K
[1.807s] [01m[K/home/yahboom/5550_ros2_ws/src/ydlidar_ros2_driver/src/ydlidar_ros2_driver_node.cpp:202:51:[m[K [01;35m[Kwarning: [m[Kunused parameter ‘[01m[Kresponse[m[K’ [[01;35m[K]8;;https://gcc.gnu.org/onlinedocs/gcc/Warning-Options.html#index-Wunused-parameter-Wunused-parameter]8;;[m[K]
[1.807s]   202 |   [01;35m[Kstd::shared_ptr<std_srvs::srv::Empty::Response> response[m[K) -> bool
[1.807s]       |   [01;35m[K~~~~~~~~~~~~~~~~~~~~~~~~~~~~~~~~~~~~~~~~~~~~~~~~^~~~~~~~[m[K
[1.807s] [01m[K/home/yahboom/5550_ros2_ws/src/ydlidar_ros2_driver/src/ydlidar_ros2_driver_node.cpp:[m[K In function ‘[01m[Kint main(int, char**)[m[K’:
[1.807s] [01m[K/home/yahboom/5550_ros2_ws/src/ydlidar_ros2_driver/src/ydlidar_ros2_driver_node.cpp:235:21:[m[K [01;35m[Kwarning: [m[Kunused variable ‘[01m[Kp[m[K’ [[01;35m[K]8;;https://gcc.gnu.org/onlinedocs/gcc/Warning-Options.html#index-Wunused-variable-Wunused-variable]8;;[m[K]
[1.807s]   235 |         const auto& [01;35m[Kp[m[K = scan.points.at(i);
[1.807s]       |                     [01;35m[K^[m[K
[2.358s] gmake[2]: *** [CMakeFiles/ydlidar_ros2_driver_node.dir/build.make:76: CMakeFiles/ydlidar_ros2_driver_node.dir/src/ydlidar_ros2_driver_node.cpp.o] Error 1
[2.358s] gmake[1]: *** [CMakeFiles/Makefile2:139: CMakeFiles/ydlidar_ros2_driver_node.dir/all] Error 2
[2.359s] gmake: *** [Makefile:146: all] Error 2
[2.361s] Invoked command in '/home/yahboom/5550_ros2_ws/build/ydlidar_ros2_driver' returned '2': CMAKE_PREFIX_PATH=${CMAKE_PREFIX_PATH}:/home/yahboom/5550_ros2_ws/install/yahboomcar_nav:/home/yahboom/5550_ros2_ws/install/drone_description:/opt/ros/humble /usr/bin/cmake --build /home/yahboom/5550_ros2_ws/build/ydlidar_ros2_driver -- -j4 -l4
