[0.018s] Invoking command in '/home/yahboom/5550_ros2_ws/build/cartographer_ros_msgs': CMAKE_PREFIX_PATH=${CMAKE_PREFIX_PATH}:/home/yahboom/5550_ros2_ws/install/drone_description:/opt/ros/humble /usr/bin/cmake /home/yahboom/5550_ros2_ws/src/cartographer_ros/cartographer_ros_msgs -DAMENT_CMAKE_SYMLINK_INSTALL=1 -DCMAKE_INSTALL_PREFIX=/home/yahboom/5550_ros2_ws/install/cartographer_ros_msgs
[0.213s] -- The C compiler identification is GNU 11.4.0
[0.213s] -- The CXX compiler identification is GNU 11.4.0
[0.213s] -- Detecting C compiler ABI info
[0.229s] -- Detecting C compiler ABI info - done
[0.233s] -- Check for working C compiler: /usr/bin/cc - skipped
[0.233s] -- Detecting C compile features
[0.233s] -- Detecting C compile features - done
[0.238s] -- Detecting CXX compiler ABI info
[0.311s] -- Detecting CXX compiler ABI info - done
[0.318s] -- Check for working CXX compiler: /usr/bin/c++ - skipped
[0.318s] -- Detecting CXX compile features
[0.318s] -- Detecting CXX compile features - done
[0.335s] -- Found ament_cmake: 1.3.8 (/opt/ros/humble/share/ament_cmake/cmake)
[0.473s] -- Found Python3: /usr/bin/python3 (found version "3.10.12") found components: Interpreter 
[0.533s] -- Override CMake install command with custom implementation using symlinks instead of copying resources
[0.574s] -- Found rosidl_default_generators: 1.2.0 (/opt/ros/humble/share/rosidl_default_generators/cmake)
[0.580s] -- Using all available rosidl_typesupport_c: rosidl_typesupport_fastrtps_c;rosidl_typesupport_introspection_c
[0.588s] -- Found rosidl_adapter: 3.1.5 (/opt/ros/humble/share/rosidl_adapter/cmake)
[0.643s] -- Using all available rosidl_typesupport_cpp: rosidl_typesupport_fastrtps_cpp;rosidl_typesupport_introspection_cpp
[0.690s] -- Found builtin_interfaces: 1.2.1 (/opt/ros/humble/share/builtin_interfaces/cmake)
[0.716s] -- Found geometry_msgs: 4.2.3 (/opt/ros/humble/share/geometry_msgs/cmake)
[1.165s] -- Found ament_cmake_cppcheck: 0.12.10 (/opt/ros/humble/share/ament_cmake_cppcheck/cmake)
[1.170s] -- Found ament_cmake_cpplint: 0.12.10 (/opt/ros/humble/share/ament_cmake_cpplint/cmake)
[1.172s] -- Found ament_cmake_uncrustify: 0.12.10 (/opt/ros/humble/share/ament_cmake_uncrustify/cmake)
[1.175s] -- Found ament_cmake_ros: 0.10.0 (/opt/ros/humble/share/ament_cmake_ros/cmake)
[1.549s] -- Using all available rosidl_typesupport_c: rosidl_typesupport_fastrtps_c;rosidl_typesupport_introspection_c
[2.035s] -- Using all available rosidl_typesupport_cpp: rosidl_typesupport_fastrtps_cpp;rosidl_typesupport_introspection_cpp
[2.082s] -- Found PythonInterp: /usr/bin/python3 (found suitable version "3.10.12", minimum required is "3.6") 
[2.084s] -- Found python_cmake_module: 0.10.0 (/opt/ros/humble/share/python_cmake_module/cmake)
[2.132s] -- Found PythonLibs: /usr/lib/x86_64-linux-gnu/libpython3.10.so (found suitable version "3.10.12", minimum required is "3.5") 
[2.132s] -- Using PYTHON_EXECUTABLE: /usr/bin/python3
[2.132s] -- Using PYTHON_INCLUDE_DIRS: /usr/include/python3.10
[2.133s] -- Using PYTHON_LIBRARIES: /usr/lib/x86_64-linux-gnu/libpython3.10.so
[2.173s] -- Found PythonExtra: .so  
[2.303s] -- Found ament_cmake_flake8: 0.12.10 (/opt/ros/humble/share/ament_cmake_flake8/cmake)
[2.309s] -- Found ament_cmake_pep257: 0.12.10 (/opt/ros/humble/share/ament_cmake_pep257/cmake)
[2.342s] -- Configuring done
[2.465s] -- Generating done
[2.471s] -- Build files have been written to: /home/yahboom/5550_ros2_ws/build/cartographer_ros_msgs
[2.485s] Invoked command in '/home/yahboom/5550_ros2_ws/build/cartographer_ros_msgs' returned '0': CMAKE_PREFIX_PATH=${CMAKE_PREFIX_PATH}:/home/yahboom/5550_ros2_ws/install/drone_description:/opt/ros/humble /usr/bin/cmake /home/yahboom/5550_ros2_ws/src/cartographer_ros/cartographer_ros_msgs -DAMENT_CMAKE_SYMLINK_INSTALL=1 -DCMAKE_INSTALL_PREFIX=/home/yahboom/5550_ros2_ws/install/cartographer_ros_msgs
[2.486s] Invoking command in '/home/yahboom/5550_ros2_ws/build/cartographer_ros_msgs': CMAKE_PREFIX_PATH=${CMAKE_PREFIX_PATH}:/home/yahboom/5550_ros2_ws/install/drone_description:/opt/ros/humble /usr/bin/cmake --build /home/yahboom/5550_ros2_ws/build/cartographer_ros_msgs -- -j4 -l4
[2.598s] [  0%] [34m[1mGenerating C code for ROS interfaces[0m
[2.615s] [  0%] [34m[1mGenerating C++ code for ROS interfaces[0m
[2.633s] [  0%] Built target ament_cmake_python_symlink_cartographer_ros_msgs
[3.069s] running egg_info
[3.073s] creating cartographer_ros_msgs.egg-info
[3.073s] writing cartographer_ros_msgs.egg-info/PKG-INFO
[3.073s] writing dependency_links to cartographer_ros_msgs.egg-info/dependency_links.txt
[3.073s] writing top-level names to cartographer_ros_msgs.egg-info/top_level.txt
[3.073s] writing manifest file 'cartographer_ros_msgs.egg-info/SOURCES.txt'
[3.074s] reading manifest file 'cartographer_ros_msgs.egg-info/SOURCES.txt'
[3.075s] writing manifest file 'cartographer_ros_msgs.egg-info/SOURCES.txt'
[3.123s] [  0%] Built target ament_cmake_python_build_cartographer_ros_msgs_egg
[5.020s] [  0%] Built target cartographer_ros_msgs__cpp
[5.044s] [  1%] [34m[1mGenerating C++ type support for eProsima Fast-RTPS[0m
[5.055s] [  2%] [34m[1mGenerating C++ introspection for ROS interfaces[0m
[5.056s] [  3%] [34m[1mGenerating C++ type support dispatch for ROS interfaces[0m
[7.288s] [  4%] [32mBuilding C object CMakeFiles/cartographer_ros_msgs__rosidl_generator_c.dir/rosidl_generator_c/cartographer_ros_msgs/msg/detail/bagfile_progress__functions.c.o[0m
[7.392s] [  4%] [32mBuilding C object CMakeFiles/cartographer_ros_msgs__rosidl_generator_c.dir/rosidl_generator_c/cartographer_ros_msgs/msg/detail/histogram_bucket__functions.c.o[0m
[7.484s] [  5%] [32mBuilding C object CMakeFiles/cartographer_ros_msgs__rosidl_generator_c.dir/rosidl_generator_c/cartographer_ros_msgs/msg/detail/landmark_entry__functions.c.o[0m
[7.570s] [  5%] [32mBuilding CXX object CMakeFiles/cartographer_ros_msgs__rosidl_typesupport_cpp.dir/rosidl_typesupport_cpp/cartographer_ros_msgs/msg/bagfile_progress__type_support.cpp.o[0m
[7.581s] [  5%] [32mBuilding C object CMakeFiles/cartographer_ros_msgs__rosidl_generator_c.dir/rosidl_generator_c/cartographer_ros_msgs/msg/detail/landmark_list__functions.c.o[0m
[7.675s] [  6%] [32mBuilding C object CMakeFiles/cartographer_ros_msgs__rosidl_generator_c.dir/rosidl_generator_c/cartographer_ros_msgs/msg/detail/metric_family__functions.c.o[0m
[7.786s] [  6%] [32mBuilding C object CMakeFiles/cartographer_ros_msgs__rosidl_generator_c.dir/rosidl_generator_c/cartographer_ros_msgs/msg/detail/metric_label__functions.c.o[0m
[7.877s] [  7%] [32mBuilding CXX object CMakeFiles/cartographer_ros_msgs__rosidl_typesupport_introspection_cpp.dir/rosidl_typesupport_introspection_cpp/cartographer_ros_msgs/msg/detail/bagfile_progress__type_support.cpp.o[0m
[7.878s] [  8%] [32mBuilding C object CMakeFiles/cartographer_ros_msgs__rosidl_generator_c.dir/rosidl_generator_c/cartographer_ros_msgs/msg/detail/metric__functions.c.o[0m
[7.945s] [  9%] [32mBuilding CXX object CMakeFiles/cartographer_ros_msgs__rosidl_typesupport_cpp.dir/rosidl_typesupport_cpp/cartographer_ros_msgs/msg/histogram_bucket__type_support.cpp.o[0m
[7.969s] [ 10%] [32mBuilding C object CMakeFiles/cartographer_ros_msgs__rosidl_generator_c.dir/rosidl_generator_c/cartographer_ros_msgs/msg/detail/status_code__functions.c.o[0m
[8.058s] [ 10%] [32mBuilding C object CMakeFiles/cartographer_ros_msgs__rosidl_generator_c.dir/rosidl_generator_c/cartographer_ros_msgs/msg/detail/status_response__functions.c.o[0m
[8.147s] [ 11%] [32mBuilding C object CMakeFiles/cartographer_ros_msgs__rosidl_generator_c.dir/rosidl_generator_c/cartographer_ros_msgs/msg/detail/submap_entry__functions.c.o[0m
[8.245s] [ 11%] [32mBuilding C object CMakeFiles/cartographer_ros_msgs__rosidl_generator_c.dir/rosidl_generator_c/cartographer_ros_msgs/msg/detail/submap_list__functions.c.o[0m
[8.323s] [ 11%] [32mBuilding CXX object CMakeFiles/cartographer_ros_msgs__rosidl_typesupport_introspection_cpp.dir/rosidl_typesupport_introspection_cpp/cartographer_ros_msgs/msg/detail/histogram_bucket__type_support.cpp.o[0m
[8.350s] [ 11%] [32mBuilding CXX object CMakeFiles/cartographer_ros_msgs__rosidl_typesupport_fastrtps_cpp.dir/rosidl_typesupport_fastrtps_cpp/cartographer_ros_msgs/msg/detail/dds_fastrtps/bagfile_progress__type_support.cpp.o[0m
[8.373s] [ 12%] [32mBuilding C object CMakeFiles/cartographer_ros_msgs__rosidl_generator_c.dir/rosidl_generator_c/cartographer_ros_msgs/msg/detail/submap_texture__functions.c.o[0m
[8.399s] [ 12%] [32mBuilding CXX object CMakeFiles/cartographer_ros_msgs__rosidl_typesupport_cpp.dir/rosidl_typesupport_cpp/cartographer_ros_msgs/msg/landmark_entry__type_support.cpp.o[0m
[8.476s] [ 12%] [32mBuilding C object CMakeFiles/cartographer_ros_msgs__rosidl_generator_c.dir/rosidl_generator_c/cartographer_ros_msgs/msg/detail/trajectory_states__functions.c.o[0m
[8.614s] [ 13%] [32mBuilding C object CMakeFiles/cartographer_ros_msgs__rosidl_generator_c.dir/rosidl_generator_c/cartographer_ros_msgs/srv/detail/finish_trajectory__functions.c.o[0m
[8.723s] [ 14%] [32mBuilding CXX object CMakeFiles/cartographer_ros_msgs__rosidl_typesupport_cpp.dir/rosidl_typesupport_cpp/cartographer_ros_msgs/msg/landmark_list__type_support.cpp.o[0m
[8.723s] [ 14%] [32mBuilding C object CMakeFiles/cartographer_ros_msgs__rosidl_generator_c.dir/rosidl_generator_c/cartographer_ros_msgs/srv/detail/get_trajectory_states__functions.c.o[0m
[8.836s] [ 15%] [32mBuilding C object CMakeFiles/cartographer_ros_msgs__rosidl_generator_c.dir/rosidl_generator_c/cartographer_ros_msgs/srv/detail/read_metrics__functions.c.o[0m
[8.873s] [ 16%] [32mBuilding CXX object CMakeFiles/cartographer_ros_msgs__rosidl_typesupport_introspection_cpp.dir/rosidl_typesupport_introspection_cpp/cartographer_ros_msgs/msg/detail/landmark_entry__type_support.cpp.o[0m
[8.931s] [ 16%] [32mBuilding C object CMakeFiles/cartographer_ros_msgs__rosidl_generator_c.dir/rosidl_generator_c/cartographer_ros_msgs/srv/detail/start_trajectory__functions.c.o[0m
[9.002s] [ 17%] [32mBuilding CXX object CMakeFiles/cartographer_ros_msgs__rosidl_typesupport_fastrtps_cpp.dir/rosidl_typesupport_fastrtps_cpp/cartographer_ros_msgs/msg/detail/dds_fastrtps/histogram_bucket__type_support.cpp.o[0m
[9.061s] [ 18%] [32mBuilding C object CMakeFiles/cartographer_ros_msgs__rosidl_generator_c.dir/rosidl_generator_c/cartographer_ros_msgs/srv/detail/trajectory_query__functions.c.o[0m
[9.064s] [ 18%] [32mBuilding CXX object CMakeFiles/cartographer_ros_msgs__rosidl_typesupport_cpp.dir/rosidl_typesupport_cpp/cartographer_ros_msgs/msg/metric_family__type_support.cpp.o[0m
[9.225s] [ 19%] [32mBuilding C object CMakeFiles/cartographer_ros_msgs__rosidl_generator_c.dir/rosidl_generator_c/cartographer_ros_msgs/srv/detail/submap_query__functions.c.o[0m
[9.356s] [ 19%] [32mBuilding C object CMakeFiles/cartographer_ros_msgs__rosidl_generator_c.dir/rosidl_generator_c/cartographer_ros_msgs/srv/detail/write_state__functions.c.o[0m
[9.431s] [ 20%] [32m[1mLinking C shared library libcartographer_ros_msgs__rosidl_generator_c.so[0m
[9.523s] [ 20%] Built target cartographer_ros_msgs__rosidl_generator_c
[9.542s] [ 21%] [32mBuilding CXX object CMakeFiles/cartographer_ros_msgs__rosidl_typesupport_cpp.dir/rosidl_typesupport_cpp/cartographer_ros_msgs/msg/metric_label__type_support.cpp.o[0m
[9.589s] [ 21%] [32mBuilding CXX object CMakeFiles/cartographer_ros_msgs__rosidl_typesupport_introspection_cpp.dir/rosidl_typesupport_introspection_cpp/cartographer_ros_msgs/msg/detail/landmark_list__type_support.cpp.o[0m
[9.593s] [ 22%] [32mBuilding CXX object CMakeFiles/cartographer_ros_msgs__rosidl_typesupport_cpp.dir/rosidl_typesupport_cpp/cartographer_ros_msgs/msg/metric__type_support.cpp.o[0m
[9.710s] [ 23%] [32mBuilding CXX object CMakeFiles/cartographer_ros_msgs__rosidl_typesupport_fastrtps_cpp.dir/rosidl_typesupport_fastrtps_cpp/cartographer_ros_msgs/msg/detail/dds_fastrtps/landmark_entry__type_support.cpp.o[0m
[10.014s] [ 24%] [34m[1mGenerating C type support for eProsima Fast-RTPS[0m
[10.070s] [ 24%] [32mBuilding CXX object CMakeFiles/cartographer_ros_msgs__rosidl_typesupport_cpp.dir/rosidl_typesupport_cpp/cartographer_ros_msgs/msg/status_code__type_support.cpp.o[0m
[10.226s] [ 24%] [32mBuilding CXX object CMakeFiles/cartographer_ros_msgs__rosidl_typesupport_fastrtps_cpp.dir/rosidl_typesupport_fastrtps_cpp/cartographer_ros_msgs/msg/detail/dds_fastrtps/landmark_list__type_support.cpp.o[0m
[10.319s] [ 25%] [32mBuilding CXX object CMakeFiles/cartographer_ros_msgs__rosidl_typesupport_introspection_cpp.dir/rosidl_typesupport_introspection_cpp/cartographer_ros_msgs/msg/detail/metric_family__type_support.cpp.o[0m
[10.494s] [ 26%] [32mBuilding CXX object CMakeFiles/cartographer_ros_msgs__rosidl_typesupport_cpp.dir/rosidl_typesupport_cpp/cartographer_ros_msgs/msg/status_response__type_support.cpp.o[0m
[10.831s] [ 26%] [32mBuilding CXX object CMakeFiles/cartographer_ros_msgs__rosidl_typesupport_cpp.dir/rosidl_typesupport_cpp/cartographer_ros_msgs/msg/submap_entry__type_support.cpp.o[0m
[10.980s] [ 27%] [32mBuilding CXX object CMakeFiles/cartographer_ros_msgs__rosidl_typesupport_fastrtps_cpp.dir/rosidl_typesupport_fastrtps_cpp/cartographer_ros_msgs/msg/detail/dds_fastrtps/metric_family__type_support.cpp.o[0m
[11.180s] [ 28%] [32mBuilding CXX object CMakeFiles/cartographer_ros_msgs__rosidl_typesupport_cpp.dir/rosidl_typesupport_cpp/cartographer_ros_msgs/msg/submap_list__type_support.cpp.o[0m
[11.215s] [ 28%] [32mBuilding CXX object CMakeFiles/cartographer_ros_msgs__rosidl_typesupport_introspection_cpp.dir/rosidl_typesupport_introspection_cpp/cartographer_ros_msgs/msg/detail/metric_label__type_support.cpp.o[0m
[11.667s] [ 28%] [32mBuilding CXX object CMakeFiles/cartographer_ros_msgs__rosidl_typesupport_cpp.dir/rosidl_typesupport_cpp/cartographer_ros_msgs/msg/submap_texture__type_support.cpp.o[0m
[11.839s] [ 29%] [32mBuilding CXX object CMakeFiles/cartographer_ros_msgs__rosidl_typesupport_introspection_cpp.dir/rosidl_typesupport_introspection_cpp/cartographer_ros_msgs/msg/detail/metric__type_support.cpp.o[0m
[11.866s] [ 29%] [32mBuilding CXX object CMakeFiles/cartographer_ros_msgs__rosidl_typesupport_fastrtps_cpp.dir/rosidl_typesupport_fastrtps_cpp/cartographer_ros_msgs/msg/detail/dds_fastrtps/metric_label__type_support.cpp.o[0m
[12.097s] [ 30%] [32mBuilding CXX object CMakeFiles/cartographer_ros_msgs__rosidl_typesupport_cpp.dir/rosidl_typesupport_cpp/cartographer_ros_msgs/msg/trajectory_states__type_support.cpp.o[0m
[12.507s] [ 31%] [32mBuilding CXX object CMakeFiles/cartographer_ros_msgs__rosidl_typesupport_fastrtps_cpp.dir/rosidl_typesupport_fastrtps_cpp/cartographer_ros_msgs/msg/detail/dds_fastrtps/metric__type_support.cpp.o[0m
[12.530s] [ 31%] [32mBuilding CXX object CMakeFiles/cartographer_ros_msgs__rosidl_typesupport_cpp.dir/rosidl_typesupport_cpp/cartographer_ros_msgs/srv/finish_trajectory__type_support.cpp.o[0m
[12.561s] [ 31%] [32mBuilding CXX object CMakeFiles/cartographer_ros_msgs__rosidl_typesupport_introspection_cpp.dir/rosidl_typesupport_introspection_cpp/cartographer_ros_msgs/msg/detail/status_code__type_support.cpp.o[0m
[12.955s] [ 31%] [32mBuilding CXX object CMakeFiles/cartographer_ros_msgs__rosidl_typesupport_fastrtps_c.dir/rosidl_typesupport_fastrtps_c/cartographer_ros_msgs/msg/detail/bagfile_progress__type_support_c.cpp.o[0m
[13.023s] [ 32%] [32mBuilding CXX object CMakeFiles/cartographer_ros_msgs__rosidl_typesupport_cpp.dir/rosidl_typesupport_cpp/cartographer_ros_msgs/srv/get_trajectory_states__type_support.cpp.o[0m
[13.118s] [ 33%] [32mBuilding CXX object CMakeFiles/cartographer_ros_msgs__rosidl_typesupport_introspection_cpp.dir/rosidl_typesupport_introspection_cpp/cartographer_ros_msgs/msg/detail/status_response__type_support.cpp.o[0m
[13.229s] [ 33%] [32mBuilding CXX object CMakeFiles/cartographer_ros_msgs__rosidl_typesupport_fastrtps_cpp.dir/rosidl_typesupport_fastrtps_cpp/cartographer_ros_msgs/msg/detail/dds_fastrtps/status_code__type_support.cpp.o[0m
[13.355s] [ 33%] [32mBuilding CXX object CMakeFiles/cartographer_ros_msgs__rosidl_typesupport_cpp.dir/rosidl_typesupport_cpp/cartographer_ros_msgs/srv/read_metrics__type_support.cpp.o[0m
[13.442s] [ 34%] [32mBuilding CXX object CMakeFiles/cartographer_ros_msgs__rosidl_typesupport_fastrtps_c.dir/rosidl_typesupport_fastrtps_c/cartographer_ros_msgs/msg/detail/histogram_bucket__type_support_c.cpp.o[0m
[13.789s] [ 34%] [32mBuilding CXX object CMakeFiles/cartographer_ros_msgs__rosidl_typesupport_introspection_cpp.dir/rosidl_typesupport_introspection_cpp/cartographer_ros_msgs/msg/detail/submap_entry__type_support.cpp.o[0m
[13.844s] [ 35%] [32mBuilding CXX object CMakeFiles/cartographer_ros_msgs__rosidl_typesupport_fastrtps_cpp.dir/rosidl_typesupport_fastrtps_cpp/cartographer_ros_msgs/msg/detail/dds_fastrtps/status_response__type_support.cpp.o[0m
[13.877s] [ 36%] [32mBuilding CXX object CMakeFiles/cartographer_ros_msgs__rosidl_typesupport_cpp.dir/rosidl_typesupport_cpp/cartographer_ros_msgs/srv/start_trajectory__type_support.cpp.o[0m
[13.976s] [ 36%] [32mBuilding CXX object CMakeFiles/cartographer_ros_msgs__rosidl_typesupport_fastrtps_c.dir/rosidl_typesupport_fastrtps_c/cartographer_ros_msgs/msg/detail/landmark_entry__type_support_c.cpp.o[0m
[14.310s] [ 37%] [32mBuilding CXX object CMakeFiles/cartographer_ros_msgs__rosidl_typesupport_cpp.dir/rosidl_typesupport_cpp/cartographer_ros_msgs/srv/trajectory_query__type_support.cpp.o[0m
[14.401s] [ 38%] [32mBuilding CXX object CMakeFiles/cartographer_ros_msgs__rosidl_typesupport_fastrtps_c.dir/rosidl_typesupport_fastrtps_c/cartographer_ros_msgs/msg/detail/landmark_list__type_support_c.cpp.o[0m
[14.432s] [ 39%] [32mBuilding CXX object CMakeFiles/cartographer_ros_msgs__rosidl_typesupport_introspection_cpp.dir/rosidl_typesupport_introspection_cpp/cartographer_ros_msgs/msg/detail/submap_list__type_support.cpp.o[0m
[14.550s] [ 39%] [32mBuilding CXX object CMakeFiles/cartographer_ros_msgs__rosidl_typesupport_fastrtps_cpp.dir/rosidl_typesupport_fastrtps_cpp/cartographer_ros_msgs/msg/detail/dds_fastrtps/submap_entry__type_support.cpp.o[0m
[14.817s] [ 39%] [32mBuilding CXX object CMakeFiles/cartographer_ros_msgs__rosidl_typesupport_cpp.dir/rosidl_typesupport_cpp/cartographer_ros_msgs/srv/submap_query__type_support.cpp.o[0m
[14.967s] [ 40%] [32mBuilding CXX object CMakeFiles/cartographer_ros_msgs__rosidl_typesupport_fastrtps_c.dir/rosidl_typesupport_fastrtps_c/cartographer_ros_msgs/msg/detail/metric_family__type_support_c.cpp.o[0m
[15.215s] [ 41%] [32mBuilding CXX object CMakeFiles/cartographer_ros_msgs__rosidl_typesupport_introspection_cpp.dir/rosidl_typesupport_introspection_cpp/cartographer_ros_msgs/msg/detail/submap_texture__type_support.cpp.o[0m
[15.279s] [ 42%] [32mBuilding CXX object CMakeFiles/cartographer_ros_msgs__rosidl_typesupport_cpp.dir/rosidl_typesupport_cpp/cartographer_ros_msgs/srv/write_state__type_support.cpp.o[0m
[15.279s] [ 43%] [32mBuilding CXX object CMakeFiles/cartographer_ros_msgs__rosidl_typesupport_fastrtps_cpp.dir/rosidl_typesupport_fastrtps_cpp/cartographer_ros_msgs/msg/detail/dds_fastrtps/submap_list__type_support.cpp.o[0m
[15.588s] [ 43%] [32mBuilding CXX object CMakeFiles/cartographer_ros_msgs__rosidl_typesupport_fastrtps_c.dir/rosidl_typesupport_fastrtps_c/cartographer_ros_msgs/msg/detail/metric_label__type_support_c.cpp.o[0m
[15.752s] [ 43%] [32m[1mLinking CXX shared library libcartographer_ros_msgs__rosidl_typesupport_cpp.so[0m
[15.860s] [ 43%] Built target cartographer_ros_msgs__rosidl_typesupport_cpp
[15.881s] [ 44%] [34m[1mGenerating C introspection for ROS interfaces[0m
[15.905s] [ 44%] [32mBuilding CXX object CMakeFiles/cartographer_ros_msgs__rosidl_typesupport_introspection_cpp.dir/rosidl_typesupport_introspection_cpp/cartographer_ros_msgs/msg/detail/trajectory_states__type_support.cpp.o[0m
[16.195s] [ 44%] [32mBuilding CXX object CMakeFiles/cartographer_ros_msgs__rosidl_typesupport_fastrtps_cpp.dir/rosidl_typesupport_fastrtps_cpp/cartographer_ros_msgs/msg/detail/dds_fastrtps/submap_texture__type_support.cpp.o[0m
[16.419s] [ 45%] [32mBuilding CXX object CMakeFiles/cartographer_ros_msgs__rosidl_typesupport_fastrtps_c.dir/rosidl_typesupport_fastrtps_c/cartographer_ros_msgs/msg/detail/metric__type_support_c.cpp.o[0m
[16.873s] [ 46%] [32mBuilding CXX object CMakeFiles/cartographer_ros_msgs__rosidl_typesupport_fastrtps_cpp.dir/rosidl_typesupport_fastrtps_cpp/cartographer_ros_msgs/msg/detail/dds_fastrtps/trajectory_states__type_support.cpp.o[0m
[17.083s] [ 47%] [32mBuilding CXX object CMakeFiles/cartographer_ros_msgs__rosidl_typesupport_introspection_cpp.dir/rosidl_typesupport_introspection_cpp/cartographer_ros_msgs/srv/detail/finish_trajectory__type_support.cpp.o[0m
[17.207s] [ 47%] [32mBuilding CXX object CMakeFiles/cartographer_ros_msgs__rosidl_typesupport_fastrtps_c.dir/rosidl_typesupport_fastrtps_c/cartographer_ros_msgs/msg/detail/status_code__type_support_c.cpp.o[0m
[17.641s] [ 48%] [32mBuilding CXX object CMakeFiles/cartographer_ros_msgs__rosidl_typesupport_fastrtps_c.dir/rosidl_typesupport_fastrtps_c/cartographer_ros_msgs/msg/detail/status_response__type_support_c.cpp.o[0m
[17.723s] [ 49%] [32mBuilding CXX object CMakeFiles/cartographer_ros_msgs__rosidl_typesupport_fastrtps_cpp.dir/rosidl_typesupport_fastrtps_cpp/cartographer_ros_msgs/srv/detail/dds_fastrtps/finish_trajectory__type_support.cpp.o[0m
[17.931s] [ 49%] [32mBuilding CXX object CMakeFiles/cartographer_ros_msgs__rosidl_typesupport_introspection_cpp.dir/rosidl_typesupport_introspection_cpp/cartographer_ros_msgs/srv/detail/get_trajectory_states__type_support.cpp.o[0m
[18.330s] [ 49%] [32mBuilding CXX object CMakeFiles/cartographer_ros_msgs__rosidl_typesupport_fastrtps_c.dir/rosidl_typesupport_fastrtps_c/cartographer_ros_msgs/msg/detail/submap_entry__type_support_c.cpp.o[0m
[18.744s] [ 49%] [32mBuilding CXX object CMakeFiles/cartographer_ros_msgs__rosidl_typesupport_fastrtps_cpp.dir/rosidl_typesupport_fastrtps_cpp/cartographer_ros_msgs/srv/detail/dds_fastrtps/get_trajectory_states__type_support.cpp.o[0m
[18.910s] [ 50%] [32mBuilding CXX object CMakeFiles/cartographer_ros_msgs__rosidl_typesupport_introspection_cpp.dir/rosidl_typesupport_introspection_cpp/cartographer_ros_msgs/srv/detail/read_metrics__type_support.cpp.o[0m
[19.177s] [ 51%] [32mBuilding CXX object CMakeFiles/cartographer_ros_msgs__rosidl_typesupport_fastrtps_c.dir/rosidl_typesupport_fastrtps_c/cartographer_ros_msgs/msg/detail/submap_list__type_support_c.cpp.o[0m
[19.530s] [ 52%] [32mBuilding CXX object CMakeFiles/cartographer_ros_msgs__rosidl_typesupport_fastrtps_cpp.dir/rosidl_typesupport_fastrtps_cpp/cartographer_ros_msgs/srv/detail/dds_fastrtps/read_metrics__type_support.cpp.o[0m
[20.095s] [ 52%] [32mBuilding CXX object CMakeFiles/cartographer_ros_msgs__rosidl_typesupport_fastrtps_c.dir/rosidl_typesupport_fastrtps_c/cartographer_ros_msgs/msg/detail/submap_texture__type_support_c.cpp.o[0m
[20.119s] [ 52%] [32mBuilding C object CMakeFiles/cartographer_ros_msgs__rosidl_typesupport_introspection_c.dir/rosidl_typesupport_introspection_c/cartographer_ros_msgs/msg/detail/bagfile_progress__type_support.c.o[0m
[20.205s] [ 53%] [32mBuilding C object CMakeFiles/cartographer_ros_msgs__rosidl_typesupport_introspection_c.dir/rosidl_typesupport_introspection_c/cartographer_ros_msgs/msg/detail/histogram_bucket__type_support.c.o[0m
[20.273s] [ 54%] [32mBuilding C object CMakeFiles/cartographer_ros_msgs__rosidl_typesupport_introspection_c.dir/rosidl_typesupport_introspection_c/cartographer_ros_msgs/msg/detail/landmark_entry__type_support.c.o[0m
[20.355s] [ 54%] [32mBuilding C object CMakeFiles/cartographer_ros_msgs__rosidl_typesupport_introspection_c.dir/rosidl_typesupport_introspection_c/cartographer_ros_msgs/msg/detail/landmark_list__type_support.c.o[0m
[20.372s] [ 54%] [32mBuilding CXX object CMakeFiles/cartographer_ros_msgs__rosidl_typesupport_introspection_cpp.dir/rosidl_typesupport_introspection_cpp/cartographer_ros_msgs/srv/detail/start_trajectory__type_support.cpp.o[0m
[20.447s] [ 55%] [32mBuilding C object CMakeFiles/cartographer_ros_msgs__rosidl_typesupport_introspection_c.dir/rosidl_typesupport_introspection_c/cartographer_ros_msgs/msg/detail/metric_family__type_support.c.o[0m
[20.532s] [ 55%] [32mBuilding CXX object CMakeFiles/cartographer_ros_msgs__rosidl_typesupport_fastrtps_cpp.dir/rosidl_typesupport_fastrtps_cpp/cartographer_ros_msgs/srv/detail/dds_fastrtps/start_trajectory__type_support.cpp.o[0m
[20.630s] [ 55%] [32mBuilding C object CMakeFiles/cartographer_ros_msgs__rosidl_typesupport_introspection_c.dir/rosidl_typesupport_introspection_c/cartographer_ros_msgs/msg/detail/metric_label__type_support.c.o[0m
[20.722s] [ 56%] [32mBuilding C object CMakeFiles/cartographer_ros_msgs__rosidl_typesupport_introspection_c.dir/rosidl_typesupport_introspection_c/cartographer_ros_msgs/msg/detail/metric__type_support.c.o[0m
[20.863s] [ 56%] [32mBuilding C object CMakeFiles/cartographer_ros_msgs__rosidl_typesupport_introspection_c.dir/rosidl_typesupport_introspection_c/cartographer_ros_msgs/msg/detail/status_code__type_support.c.o[0m
[20.930s] [ 57%] [32mBuilding C object CMakeFiles/cartographer_ros_msgs__rosidl_typesupport_introspection_c.dir/rosidl_typesupport_introspection_c/cartographer_ros_msgs/msg/detail/status_response__type_support.c.o[0m
[21.031s] [ 58%] [32mBuilding CXX object CMakeFiles/cartographer_ros_msgs__rosidl_typesupport_fastrtps_c.dir/rosidl_typesupport_fastrtps_c/cartographer_ros_msgs/msg/detail/trajectory_states__type_support_c.cpp.o[0m
[21.051s] [ 58%] [32mBuilding C object CMakeFiles/cartographer_ros_msgs__rosidl_typesupport_introspection_c.dir/rosidl_typesupport_introspection_c/cartographer_ros_msgs/msg/detail/submap_entry__type_support.c.o[0m
[21.168s] [ 59%] [32mBuilding C object CMakeFiles/cartographer_ros_msgs__rosidl_typesupport_introspection_c.dir/rosidl_typesupport_introspection_c/cartographer_ros_msgs/msg/detail/submap_list__type_support.c.o[0m
[21.302s] [ 59%] [32mBuilding C object CMakeFiles/cartographer_ros_msgs__rosidl_typesupport_introspection_c.dir/rosidl_typesupport_introspection_c/cartographer_ros_msgs/msg/detail/submap_texture__type_support.c.o[0m
[21.337s] [ 60%] [32mBuilding CXX object CMakeFiles/cartographer_ros_msgs__rosidl_typesupport_introspection_cpp.dir/rosidl_typesupport_introspection_cpp/cartographer_ros_msgs/srv/detail/trajectory_query__type_support.cpp.o[0m
[21.366s] [ 61%] [32mBuilding CXX object CMakeFiles/cartographer_ros_msgs__rosidl_typesupport_fastrtps_cpp.dir/rosidl_typesupport_fastrtps_cpp/cartographer_ros_msgs/srv/detail/dds_fastrtps/trajectory_query__type_support.cpp.o[0m
[21.413s] [ 62%] [32mBuilding C object CMakeFiles/cartographer_ros_msgs__rosidl_typesupport_introspection_c.dir/rosidl_typesupport_introspection_c/cartographer_ros_msgs/msg/detail/trajectory_states__type_support.c.o[0m
[21.550s] [ 63%] [32mBuilding C object CMakeFiles/cartographer_ros_msgs__rosidl_typesupport_introspection_c.dir/rosidl_typesupport_introspection_c/cartographer_ros_msgs/srv/detail/finish_trajectory__type_support.c.o[0m
[21.696s] [ 63%] [32mBuilding C object CMakeFiles/cartographer_ros_msgs__rosidl_typesupport_introspection_c.dir/rosidl_typesupport_introspection_c/cartographer_ros_msgs/srv/detail/get_trajectory_states__type_support.c.o[0m
[21.827s] [ 63%] [32mBuilding CXX object CMakeFiles/cartographer_ros_msgs__rosidl_typesupport_fastrtps_c.dir/rosidl_typesupport_fastrtps_c/cartographer_ros_msgs/srv/detail/finish_trajectory__type_support_c.cpp.o[0m
[21.837s] [ 64%] [32mBuilding C object CMakeFiles/cartographer_ros_msgs__rosidl_typesupport_introspection_c.dir/rosidl_typesupport_introspection_c/cartographer_ros_msgs/srv/detail/read_metrics__type_support.c.o[0m
[21.982s] [ 64%] [32mBuilding C object CMakeFiles/cartographer_ros_msgs__rosidl_typesupport_introspection_c.dir/rosidl_typesupport_introspection_c/cartographer_ros_msgs/srv/detail/start_trajectory__type_support.c.o[0m
[22.104s] [ 65%] [32mBuilding C object CMakeFiles/cartographer_ros_msgs__rosidl_typesupport_introspection_c.dir/rosidl_typesupport_introspection_c/cartographer_ros_msgs/srv/detail/trajectory_query__type_support.c.o[0m
[22.158s] [ 65%] [32mBuilding CXX object CMakeFiles/cartographer_ros_msgs__rosidl_typesupport_introspection_cpp.dir/rosidl_typesupport_introspection_cpp/cartographer_ros_msgs/srv/detail/submap_query__type_support.cpp.o[0m
[22.186s] [ 65%] [32mBuilding C object CMakeFiles/cartographer_ros_msgs__rosidl_typesupport_introspection_c.dir/rosidl_typesupport_introspection_c/cartographer_ros_msgs/srv/detail/submap_query__type_support.c.o[0m
[22.284s] [ 66%] [32mBuilding C object CMakeFiles/cartographer_ros_msgs__rosidl_typesupport_introspection_c.dir/rosidl_typesupport_introspection_c/cartographer_ros_msgs/srv/detail/write_state__type_support.c.o[0m
[22.393s] [ 66%] [32m[1mLinking C shared library libcartographer_ros_msgs__rosidl_typesupport_introspection_c.so[0m
[22.415s] [ 66%] [32mBuilding CXX object CMakeFiles/cartographer_ros_msgs__rosidl_typesupport_fastrtps_cpp.dir/rosidl_typesupport_fastrtps_cpp/cartographer_ros_msgs/srv/detail/dds_fastrtps/submap_query__type_support.cpp.o[0m
[22.540s] [ 66%] Built target cartographer_ros_msgs__rosidl_typesupport_introspection_c
[22.557s] [ 67%] [34m[1mGenerating C type support dispatch for ROS interfaces[0m
[22.578s] [ 68%] [32mBuilding CXX object CMakeFiles/cartographer_ros_msgs__rosidl_typesupport_fastrtps_c.dir/rosidl_typesupport_fastrtps_c/cartographer_ros_msgs/srv/detail/get_trajectory_states__type_support_c.cpp.o[0m
[22.875s] [ 69%] [32mBuilding CXX object CMakeFiles/cartographer_ros_msgs__rosidl_typesupport_introspection_cpp.dir/rosidl_typesupport_introspection_cpp/cartographer_ros_msgs/srv/detail/write_state__type_support.cpp.o[0m
[23.311s] [ 70%] [32m[1mLinking CXX shared library libcartographer_ros_msgs__rosidl_typesupport_introspection_cpp.so[0m
[23.321s] [ 71%] [32mBuilding CXX object CMakeFiles/cartographer_ros_msgs__rosidl_typesupport_fastrtps_c.dir/rosidl_typesupport_fastrtps_c/cartographer_ros_msgs/srv/detail/read_metrics__type_support_c.cpp.o[0m
[23.543s] [ 72%] [32mBuilding CXX object CMakeFiles/cartographer_ros_msgs__rosidl_typesupport_fastrtps_cpp.dir/rosidl_typesupport_fastrtps_cpp/cartographer_ros_msgs/srv/detail/dds_fastrtps/write_state__type_support.cpp.o[0m
[23.568s] [ 72%] Built target cartographer_ros_msgs__rosidl_typesupport_introspection_cpp
[23.600s] [ 72%] [32mBuilding CXX object CMakeFiles/cartographer_ros_msgs__rosidl_typesupport_fastrtps_c.dir/rosidl_typesupport_fastrtps_c/cartographer_ros_msgs/srv/detail/start_trajectory__type_support_c.cpp.o[0m
[24.142s] [ 73%] [32mBuilding CXX object CMakeFiles/cartographer_ros_msgs__rosidl_typesupport_fastrtps_c.dir/rosidl_typesupport_fastrtps_c/cartographer_ros_msgs/srv/detail/trajectory_query__type_support_c.cpp.o[0m
[24.223s] [ 73%] [32mBuilding CXX object CMakeFiles/cartographer_ros_msgs__rosidl_typesupport_fastrtps_c.dir/rosidl_typesupport_fastrtps_c/cartographer_ros_msgs/srv/detail/submap_query__type_support_c.cpp.o[0m
[24.553s] [ 73%] [32m[1mLinking CXX shared library libcartographer_ros_msgs__rosidl_typesupport_fastrtps_cpp.so[0m
[24.891s] [ 73%] Built target cartographer_ros_msgs__rosidl_typesupport_fastrtps_cpp
[24.910s] [ 74%] [32mBuilding CXX object CMakeFiles/cartographer_ros_msgs__rosidl_typesupport_fastrtps_c.dir/rosidl_typesupport_fastrtps_c/cartographer_ros_msgs/srv/detail/write_state__type_support_c.cpp.o[0m
[25.190s] [ 74%] [32mBuilding CXX object CMakeFiles/cartographer_ros_msgs__rosidl_typesupport_c.dir/rosidl_typesupport_c/cartographer_ros_msgs/msg/bagfile_progress__type_support.cpp.o[0m
[25.191s] [ 75%] [32mBuilding CXX object CMakeFiles/cartographer_ros_msgs__rosidl_typesupport_c.dir/rosidl_typesupport_c/cartographer_ros_msgs/msg/histogram_bucket__type_support.cpp.o[0m
[25.220s] [ 75%] [32mBuilding CXX object CMakeFiles/cartographer_ros_msgs__rosidl_typesupport_c.dir/rosidl_typesupport_c/cartographer_ros_msgs/msg/landmark_entry__type_support.cpp.o[0m
[25.279s] [ 76%] [32mBuilding CXX object CMakeFiles/cartographer_ros_msgs__rosidl_typesupport_c.dir/rosidl_typesupport_c/cartographer_ros_msgs/msg/landmark_list__type_support.cpp.o[0m
[25.279s] [ 76%] [32mBuilding CXX object CMakeFiles/cartographer_ros_msgs__rosidl_typesupport_c.dir/rosidl_typesupport_c/cartographer_ros_msgs/msg/metric_family__type_support.cpp.o[0m
[25.305s] [ 77%] [32mBuilding CXX object CMakeFiles/cartographer_ros_msgs__rosidl_typesupport_c.dir/rosidl_typesupport_c/cartographer_ros_msgs/msg/metric_label__type_support.cpp.o[0m
[25.346s] [ 77%] [32mBuilding CXX object CMakeFiles/cartographer_ros_msgs__rosidl_typesupport_c.dir/rosidl_typesupport_c/cartographer_ros_msgs/msg/metric__type_support.cpp.o[0m
[25.353s] [ 78%] [32mBuilding CXX object CMakeFiles/cartographer_ros_msgs__rosidl_typesupport_c.dir/rosidl_typesupport_c/cartographer_ros_msgs/msg/status_code__type_support.cpp.o[0m
[25.391s] [ 79%] [32mBuilding CXX object CMakeFiles/cartographer_ros_msgs__rosidl_typesupport_c.dir/rosidl_typesupport_c/cartographer_ros_msgs/msg/status_response__type_support.cpp.o[0m
[25.400s] [ 79%] [32mBuilding CXX object CMakeFiles/cartographer_ros_msgs__rosidl_typesupport_c.dir/rosidl_typesupport_c/cartographer_ros_msgs/msg/submap_entry__type_support.cpp.o[0m
[25.448s] [ 80%] [32mBuilding CXX object CMakeFiles/cartographer_ros_msgs__rosidl_typesupport_c.dir/rosidl_typesupport_c/cartographer_ros_msgs/msg/submap_list__type_support.cpp.o[0m
[25.460s] [ 80%] [32mBuilding CXX object CMakeFiles/cartographer_ros_msgs__rosidl_typesupport_c.dir/rosidl_typesupport_c/cartographer_ros_msgs/msg/submap_texture__type_support.cpp.o[0m
[25.468s] [ 81%] [32mBuilding CXX object CMakeFiles/cartographer_ros_msgs__rosidl_typesupport_c.dir/rosidl_typesupport_c/cartographer_ros_msgs/msg/trajectory_states__type_support.cpp.o[0m
[25.510s] [ 81%] [32mBuilding CXX object CMakeFiles/cartographer_ros_msgs__rosidl_typesupport_c.dir/rosidl_typesupport_c/cartographer_ros_msgs/srv/finish_trajectory__type_support.cpp.o[0m
[25.541s] [ 82%] [32mBuilding CXX object CMakeFiles/cartographer_ros_msgs__rosidl_typesupport_c.dir/rosidl_typesupport_c/cartographer_ros_msgs/srv/get_trajectory_states__type_support.cpp.o[0m
[25.551s] [ 82%] [32mBuilding CXX object CMakeFiles/cartographer_ros_msgs__rosidl_typesupport_c.dir/rosidl_typesupport_c/cartographer_ros_msgs/srv/read_metrics__type_support.cpp.o[0m
[25.596s] [ 83%] [32mBuilding CXX object CMakeFiles/cartographer_ros_msgs__rosidl_typesupport_c.dir/rosidl_typesupport_c/cartographer_ros_msgs/srv/start_trajectory__type_support.cpp.o[0m
[25.633s] [ 83%] [32mBuilding CXX object CMakeFiles/cartographer_ros_msgs__rosidl_typesupport_c.dir/rosidl_typesupport_c/cartographer_ros_msgs/srv/trajectory_query__type_support.cpp.o[0m
[25.663s] [ 84%] [32mBuilding CXX object CMakeFiles/cartographer_ros_msgs__rosidl_typesupport_c.dir/rosidl_typesupport_c/cartographer_ros_msgs/srv/submap_query__type_support.cpp.o[0m
[25.707s] [ 85%] [32mBuilding CXX object CMakeFiles/cartographer_ros_msgs__rosidl_typesupport_c.dir/rosidl_typesupport_c/cartographer_ros_msgs/srv/write_state__type_support.cpp.o[0m
[25.772s] [ 85%] [32m[1mLinking CXX shared library libcartographer_ros_msgs__rosidl_typesupport_c.so[0m
[25.780s] [ 85%] [32m[1mLinking CXX shared library libcartographer_ros_msgs__rosidl_typesupport_fastrtps_c.so[0m
[25.891s] [ 85%] Built target cartographer_ros_msgs__rosidl_typesupport_c
[25.968s] [ 85%] Built target cartographer_ros_msgs__rosidl_typesupport_fastrtps_c
[26.011s] [ 85%] Built target cartographer_ros_msgs
[26.056s] [ 86%] [34m[1mGenerating Python code for ROS interfaces[0m
[29.899s] [ 86%] Built target cartographer_ros_msgs__py
[29.949s] [ 86%] [32mBuilding C object CMakeFiles/cartographer_ros_msgs__rosidl_generator_py.dir/rosidl_generator_py/cartographer_ros_msgs/msg/_bagfile_progress_s.c.o[0m
[29.949s] [ 87%] [32mBuilding C object CMakeFiles/cartographer_ros_msgs__rosidl_generator_py.dir/rosidl_generator_py/cartographer_ros_msgs/msg/_histogram_bucket_s.c.o[0m
[29.954s] [ 87%] [32mBuilding C object CMakeFiles/cartographer_ros_msgs__rosidl_generator_py.dir/rosidl_generator_py/cartographer_ros_msgs/msg/_landmark_entry_s.c.o[0m
[29.955s] [ 88%] [32mBuilding C object CMakeFiles/cartographer_ros_msgs__rosidl_generator_py.dir/rosidl_generator_py/cartographer_ros_msgs/msg/_landmark_list_s.c.o[0m
[30.166s] [ 88%] [32mBuilding C object CMakeFiles/cartographer_ros_msgs__rosidl_generator_py.dir/rosidl_generator_py/cartographer_ros_msgs/msg/_metric_s.c.o[0m
[30.166s] [ 88%] [32mBuilding C object CMakeFiles/cartographer_ros_msgs__rosidl_generator_py.dir/rosidl_generator_py/cartographer_ros_msgs/msg/_metric_family_s.c.o[0m
[30.167s] [ 89%] [32mBuilding C object CMakeFiles/cartographer_ros_msgs__rosidl_generator_py.dir/rosidl_generator_py/cartographer_ros_msgs/msg/_metric_label_s.c.o[0m
[30.181s] [ 90%] [32mBuilding C object CMakeFiles/cartographer_ros_msgs__rosidl_generator_py.dir/rosidl_generator_py/cartographer_ros_msgs/msg/_status_code_s.c.o[0m
[30.355s] [ 91%] [32mBuilding C object CMakeFiles/cartographer_ros_msgs__rosidl_generator_py.dir/rosidl_generator_py/cartographer_ros_msgs/msg/_status_response_s.c.o[0m
[30.369s] [ 91%] [32mBuilding C object CMakeFiles/cartographer_ros_msgs__rosidl_generator_py.dir/rosidl_generator_py/cartographer_ros_msgs/msg/_submap_entry_s.c.o[0m
[30.424s] [ 92%] [32mBuilding C object CMakeFiles/cartographer_ros_msgs__rosidl_generator_py.dir/rosidl_generator_py/cartographer_ros_msgs/msg/_submap_list_s.c.o[0m
[30.442s] [ 92%] [32mBuilding C object CMakeFiles/cartographer_ros_msgs__rosidl_generator_py.dir/rosidl_generator_py/cartographer_ros_msgs/msg/_submap_texture_s.c.o[0m
[30.548s] [ 93%] [32mBuilding C object CMakeFiles/cartographer_ros_msgs__rosidl_generator_py.dir/rosidl_generator_py/cartographer_ros_msgs/msg/_trajectory_states_s.c.o[0m
[30.548s] [ 93%] [32mBuilding C object CMakeFiles/cartographer_ros_msgs__rosidl_generator_py.dir/rosidl_generator_py/cartographer_ros_msgs/srv/_finish_trajectory_s.c.o[0m
[30.636s] [ 94%] [32mBuilding C object CMakeFiles/cartographer_ros_msgs__rosidl_generator_py.dir/rosidl_generator_py/cartographer_ros_msgs/srv/_get_trajectory_states_s.c.o[0m
[30.672s] [ 94%] [32mBuilding C object CMakeFiles/cartographer_ros_msgs__rosidl_generator_py.dir/rosidl_generator_py/cartographer_ros_msgs/srv/_read_metrics_s.c.o[0m
[30.747s] [ 95%] [32mBuilding C object CMakeFiles/cartographer_ros_msgs__rosidl_generator_py.dir/rosidl_generator_py/cartographer_ros_msgs/srv/_start_trajectory_s.c.o[0m
[30.752s] [ 95%] [32mBuilding C object CMakeFiles/cartographer_ros_msgs__rosidl_generator_py.dir/rosidl_generator_py/cartographer_ros_msgs/srv/_trajectory_query_s.c.o[0m
[30.815s] [ 96%] [32mBuilding C object CMakeFiles/cartographer_ros_msgs__rosidl_generator_py.dir/rosidl_generator_py/cartographer_ros_msgs/srv/_submap_query_s.c.o[0m
[30.859s] [ 97%] [32mBuilding C object CMakeFiles/cartographer_ros_msgs__rosidl_generator_py.dir/rosidl_generator_py/cartographer_ros_msgs/srv/_write_state_s.c.o[0m
[31.036s] [ 97%] [32m[1mLinking C shared library rosidl_generator_py/cartographer_ros_msgs/libcartographer_ros_msgs__rosidl_generator_py.so[0m
[31.106s] [ 97%] Built target cartographer_ros_msgs__rosidl_generator_py
[31.148s] [ 98%] [32mBuilding C object CMakeFiles/cartographer_ros_msgs__rosidl_typesupport_fastrtps_c__pyext.dir/rosidl_generator_py/cartographer_ros_msgs/_cartographer_ros_msgs_s.ep.rosidl_typesupport_fastrtps_c.c.o[0m
[31.152s] [ 99%] [32mBuilding C object CMakeFiles/cartographer_ros_msgs__rosidl_typesupport_introspection_c__pyext.dir/rosidl_generator_py/cartographer_ros_msgs/_cartographer_ros_msgs_s.ep.rosidl_typesupport_introspection_c.c.o[0m
[31.160s] [100%] [32mBuilding C object CMakeFiles/cartographer_ros_msgs__rosidl_typesupport_c__pyext.dir/rosidl_generator_py/cartographer_ros_msgs/_cartographer_ros_msgs_s.ep.rosidl_typesupport_c.c.o[0m
[31.391s] [100%] [32m[1mLinking C shared library rosidl_generator_py/cartographer_ros_msgs/cartographer_ros_msgs_s__rosidl_typesupport_c.cpython-310-x86_64-linux-gnu.so[0m
[31.484s] [100%] Built target cartographer_ros_msgs__rosidl_typesupport_c__pyext
[31.484s] [100%] [32m[1mLinking C shared library rosidl_generator_py/cartographer_ros_msgs/cartographer_ros_msgs_s__rosidl_typesupport_introspection_c.cpython-310-x86_64-linux-gnu.so[0m
[31.485s] [100%] [32m[1mLinking C shared library rosidl_generator_py/cartographer_ros_msgs/cartographer_ros_msgs_s__rosidl_typesupport_fastrtps_c.cpython-310-x86_64-linux-gnu.so[0m
[31.570s] [100%] Built target cartographer_ros_msgs__rosidl_typesupport_fastrtps_c__pyext
[31.574s] [100%] Built target cartographer_ros_msgs__rosidl_typesupport_introspection_c__pyext
[31.595s] Invoked command in '/home/yahboom/5550_ros2_ws/build/cartographer_ros_msgs' returned '0': CMAKE_PREFIX_PATH=${CMAKE_PREFIX_PATH}:/home/yahboom/5550_ros2_ws/install/drone_description:/opt/ros/humble /usr/bin/cmake --build /home/yahboom/5550_ros2_ws/build/cartographer_ros_msgs -- -j4 -l4
[32.988s] Invoking command in '/home/yahboom/5550_ros2_ws/build/cartographer_ros_msgs': CMAKE_PREFIX_PATH=${CMAKE_PREFIX_PATH}:/home/yahboom/5550_ros2_ws/install/drone_description:/opt/ros/humble /usr/bin/cmake --install /home/yahboom/5550_ros2_ws/build/cartographer_ros_msgs
[33.003s] -- Install configuration: ""
[33.005s] -- Execute custom install script
[33.009s] -- Symlinking: /home/yahboom/5550_ros2_ws/install/cartographer_ros_msgs/share/ament_index/resource_index/rosidl_interfaces/cartographer_ros_msgs
[33.025s] -- Symlinking: /home/yahboom/5550_ros2_ws/install/cartographer_ros_msgs/include/cartographer_ros_msgs/cartographer_ros_msgs/msg/bagfile_progress.h
[33.040s] -- Symlinking: /home/yahboom/5550_ros2_ws/install/cartographer_ros_msgs/include/cartographer_ros_msgs/cartographer_ros_msgs/msg/detail/bagfile_progress__functions.h
[33.056s] -- Symlinking: /home/yahboom/5550_ros2_ws/install/cartographer_ros_msgs/include/cartographer_ros_msgs/cartographer_ros_msgs/msg/detail/bagfile_progress__struct.h
[33.070s] -- Symlinking: /home/yahboom/5550_ros2_ws/install/cartographer_ros_msgs/include/cartographer_ros_msgs/cartographer_ros_msgs/msg/detail/bagfile_progress__type_support.h
[33.087s] -- Symlinking: /home/yahboom/5550_ros2_ws/install/cartographer_ros_msgs/include/cartographer_ros_msgs/cartographer_ros_msgs/msg/detail/histogram_bucket__functions.h
[33.108s] -- Symlinking: /home/yahboom/5550_ros2_ws/install/cartographer_ros_msgs/include/cartographer_ros_msgs/cartographer_ros_msgs/msg/detail/histogram_bucket__struct.h
[33.120s] -- Symlinking: /home/yahboom/5550_ros2_ws/install/cartographer_ros_msgs/include/cartographer_ros_msgs/cartographer_ros_msgs/msg/detail/histogram_bucket__type_support.h
[33.141s] -- Symlinking: /home/yahboom/5550_ros2_ws/install/cartographer_ros_msgs/include/cartographer_ros_msgs/cartographer_ros_msgs/msg/detail/landmark_entry__functions.h
[33.155s] -- Symlinking: /home/yahboom/5550_ros2_ws/install/cartographer_ros_msgs/include/cartographer_ros_msgs/cartographer_ros_msgs/msg/detail/landmark_entry__struct.h
[33.172s] -- Symlinking: /home/yahboom/5550_ros2_ws/install/cartographer_ros_msgs/include/cartographer_ros_msgs/cartographer_ros_msgs/msg/detail/landmark_entry__type_support.h
[33.188s] -- Symlinking: /home/yahboom/5550_ros2_ws/install/cartographer_ros_msgs/include/cartographer_ros_msgs/cartographer_ros_msgs/msg/detail/landmark_list__functions.h
[33.205s] -- Symlinking: /home/yahboom/5550_ros2_ws/install/cartographer_ros_msgs/include/cartographer_ros_msgs/cartographer_ros_msgs/msg/detail/landmark_list__struct.h
[33.218s] -- Symlinking: /home/yahboom/5550_ros2_ws/install/cartographer_ros_msgs/include/cartographer_ros_msgs/cartographer_ros_msgs/msg/detail/landmark_list__type_support.h
[33.235s] -- Symlinking: /home/yahboom/5550_ros2_ws/install/cartographer_ros_msgs/include/cartographer_ros_msgs/cartographer_ros_msgs/msg/detail/metric__functions.h
[33.253s] -- Symlinking: /home/yahboom/5550_ros2_ws/install/cartographer_ros_msgs/include/cartographer_ros_msgs/cartographer_ros_msgs/msg/detail/metric__struct.h
[33.269s] -- Symlinking: /home/yahboom/5550_ros2_ws/install/cartographer_ros_msgs/include/cartographer_ros_msgs/cartographer_ros_msgs/msg/detail/metric__type_support.h
[33.286s] -- Symlinking: /home/yahboom/5550_ros2_ws/install/cartographer_ros_msgs/include/cartographer_ros_msgs/cartographer_ros_msgs/msg/detail/metric_family__functions.h
[33.303s] -- Symlinking: /home/yahboom/5550_ros2_ws/install/cartographer_ros_msgs/include/cartographer_ros_msgs/cartographer_ros_msgs/msg/detail/metric_family__struct.h
[33.322s] -- Symlinking: /home/yahboom/5550_ros2_ws/install/cartographer_ros_msgs/include/cartographer_ros_msgs/cartographer_ros_msgs/msg/detail/metric_family__type_support.h
[33.335s] -- Symlinking: /home/yahboom/5550_ros2_ws/install/cartographer_ros_msgs/include/cartographer_ros_msgs/cartographer_ros_msgs/msg/detail/metric_label__functions.h
[33.352s] -- Symlinking: /home/yahboom/5550_ros2_ws/install/cartographer_ros_msgs/include/cartographer_ros_msgs/cartographer_ros_msgs/msg/detail/metric_label__struct.h
[33.369s] -- Symlinking: /home/yahboom/5550_ros2_ws/install/cartographer_ros_msgs/include/cartographer_ros_msgs/cartographer_ros_msgs/msg/detail/metric_label__type_support.h
[33.383s] -- Symlinking: /home/yahboom/5550_ros2_ws/install/cartographer_ros_msgs/include/cartographer_ros_msgs/cartographer_ros_msgs/msg/detail/status_code__functions.h
[33.402s] -- Symlinking: /home/yahboom/5550_ros2_ws/install/cartographer_ros_msgs/include/cartographer_ros_msgs/cartographer_ros_msgs/msg/detail/status_code__struct.h
[33.418s] -- Symlinking: /home/yahboom/5550_ros2_ws/install/cartographer_ros_msgs/include/cartographer_ros_msgs/cartographer_ros_msgs/msg/detail/status_code__type_support.h
[33.438s] -- Symlinking: /home/yahboom/5550_ros2_ws/install/cartographer_ros_msgs/include/cartographer_ros_msgs/cartographer_ros_msgs/msg/detail/status_response__functions.h
[33.451s] -- Symlinking: /home/yahboom/5550_ros2_ws/install/cartographer_ros_msgs/include/cartographer_ros_msgs/cartographer_ros_msgs/msg/detail/status_response__struct.h
[33.469s] -- Symlinking: /home/yahboom/5550_ros2_ws/install/cartographer_ros_msgs/include/cartographer_ros_msgs/cartographer_ros_msgs/msg/detail/status_response__type_support.h
[33.483s] -- Symlinking: /home/yahboom/5550_ros2_ws/install/cartographer_ros_msgs/include/cartographer_ros_msgs/cartographer_ros_msgs/msg/detail/submap_entry__functions.h
[33.500s] -- Symlinking: /home/yahboom/5550_ros2_ws/install/cartographer_ros_msgs/include/cartographer_ros_msgs/cartographer_ros_msgs/msg/detail/submap_entry__struct.h
[33.518s] -- Symlinking: /home/yahboom/5550_ros2_ws/install/cartographer_ros_msgs/include/cartographer_ros_msgs/cartographer_ros_msgs/msg/detail/submap_entry__type_support.h
[33.533s] -- Symlinking: /home/yahboom/5550_ros2_ws/install/cartographer_ros_msgs/include/cartographer_ros_msgs/cartographer_ros_msgs/msg/detail/submap_list__functions.h
[33.552s] -- Symlinking: /home/yahboom/5550_ros2_ws/install/cartographer_ros_msgs/include/cartographer_ros_msgs/cartographer_ros_msgs/msg/detail/submap_list__struct.h
[33.562s] -- Symlinking: /home/yahboom/5550_ros2_ws/install/cartographer_ros_msgs/include/cartographer_ros_msgs/cartographer_ros_msgs/msg/detail/submap_list__type_support.h
[33.569s] -- Symlinking: /home/yahboom/5550_ros2_ws/install/cartographer_ros_msgs/include/cartographer_ros_msgs/cartographer_ros_msgs/msg/detail/submap_texture__functions.h
[33.578s] -- Symlinking: /home/yahboom/5550_ros2_ws/install/cartographer_ros_msgs/include/cartographer_ros_msgs/cartographer_ros_msgs/msg/detail/submap_texture__struct.h
[33.585s] -- Symlinking: /home/yahboom/5550_ros2_ws/install/cartographer_ros_msgs/include/cartographer_ros_msgs/cartographer_ros_msgs/msg/detail/submap_texture__type_support.h
[33.592s] -- Symlinking: /home/yahboom/5550_ros2_ws/install/cartographer_ros_msgs/include/cartographer_ros_msgs/cartographer_ros_msgs/msg/detail/trajectory_states__functions.h
[33.600s] -- Symlinking: /home/yahboom/5550_ros2_ws/install/cartographer_ros_msgs/include/cartographer_ros_msgs/cartographer_ros_msgs/msg/detail/trajectory_states__struct.h
[33.607s] -- Symlinking: /home/yahboom/5550_ros2_ws/install/cartographer_ros_msgs/include/cartographer_ros_msgs/cartographer_ros_msgs/msg/detail/trajectory_states__type_support.h
[33.616s] -- Symlinking: /home/yahboom/5550_ros2_ws/install/cartographer_ros_msgs/include/cartographer_ros_msgs/cartographer_ros_msgs/msg/histogram_bucket.h
[33.625s] -- Symlinking: /home/yahboom/5550_ros2_ws/install/cartographer_ros_msgs/include/cartographer_ros_msgs/cartographer_ros_msgs/msg/landmark_entry.h
[33.631s] -- Symlinking: /home/yahboom/5550_ros2_ws/install/cartographer_ros_msgs/include/cartographer_ros_msgs/cartographer_ros_msgs/msg/landmark_list.h
[33.639s] -- Symlinking: /home/yahboom/5550_ros2_ws/install/cartographer_ros_msgs/include/cartographer_ros_msgs/cartographer_ros_msgs/msg/metric.h
[33.647s] -- Symlinking: /home/yahboom/5550_ros2_ws/install/cartographer_ros_msgs/include/cartographer_ros_msgs/cartographer_ros_msgs/msg/metric_family.h
[33.655s] -- Symlinking: /home/yahboom/5550_ros2_ws/install/cartographer_ros_msgs/include/cartographer_ros_msgs/cartographer_ros_msgs/msg/metric_label.h
[33.664s] -- Symlinking: /home/yahboom/5550_ros2_ws/install/cartographer_ros_msgs/include/cartographer_ros_msgs/cartographer_ros_msgs/msg/rosidl_generator_c__visibility_control.h
[33.670s] -- Symlinking: /home/yahboom/5550_ros2_ws/install/cartographer_ros_msgs/include/cartographer_ros_msgs/cartographer_ros_msgs/msg/status_code.h
[33.678s] -- Symlinking: /home/yahboom/5550_ros2_ws/install/cartographer_ros_msgs/include/cartographer_ros_msgs/cartographer_ros_msgs/msg/status_response.h
[33.693s] -- Symlinking: /home/yahboom/5550_ros2_ws/install/cartographer_ros_msgs/include/cartographer_ros_msgs/cartographer_ros_msgs/msg/submap_entry.h
[33.710s] -- Symlinking: /home/yahboom/5550_ros2_ws/install/cartographer_ros_msgs/include/cartographer_ros_msgs/cartographer_ros_msgs/msg/submap_list.h
[33.727s] -- Symlinking: /home/yahboom/5550_ros2_ws/install/cartographer_ros_msgs/include/cartographer_ros_msgs/cartographer_ros_msgs/msg/submap_texture.h
[33.744s] -- Symlinking: /home/yahboom/5550_ros2_ws/install/cartographer_ros_msgs/include/cartographer_ros_msgs/cartographer_ros_msgs/msg/trajectory_states.h
[33.759s] -- Symlinking: /home/yahboom/5550_ros2_ws/install/cartographer_ros_msgs/include/cartographer_ros_msgs/cartographer_ros_msgs/srv/detail/finish_trajectory__functions.h
[33.775s] -- Symlinking: /home/yahboom/5550_ros2_ws/install/cartographer_ros_msgs/include/cartographer_ros_msgs/cartographer_ros_msgs/srv/detail/finish_trajectory__struct.h
[33.791s] -- Symlinking: /home/yahboom/5550_ros2_ws/install/cartographer_ros_msgs/include/cartographer_ros_msgs/cartographer_ros_msgs/srv/detail/finish_trajectory__type_support.h
[33.808s] -- Symlinking: /home/yahboom/5550_ros2_ws/install/cartographer_ros_msgs/include/cartographer_ros_msgs/cartographer_ros_msgs/srv/detail/get_trajectory_states__functions.h
[33.825s] -- Symlinking: /home/yahboom/5550_ros2_ws/install/cartographer_ros_msgs/include/cartographer_ros_msgs/cartographer_ros_msgs/srv/detail/get_trajectory_states__struct.h
[33.842s] -- Symlinking: /home/yahboom/5550_ros2_ws/install/cartographer_ros_msgs/include/cartographer_ros_msgs/cartographer_ros_msgs/srv/detail/get_trajectory_states__type_support.h
[33.861s] -- Symlinking: /home/yahboom/5550_ros2_ws/install/cartographer_ros_msgs/include/cartographer_ros_msgs/cartographer_ros_msgs/srv/detail/read_metrics__functions.h
[33.878s] -- Symlinking: /home/yahboom/5550_ros2_ws/install/cartographer_ros_msgs/include/cartographer_ros_msgs/cartographer_ros_msgs/srv/detail/read_metrics__struct.h
[33.895s] -- Symlinking: /home/yahboom/5550_ros2_ws/install/cartographer_ros_msgs/include/cartographer_ros_msgs/cartographer_ros_msgs/srv/detail/read_metrics__type_support.h
[33.911s] -- Symlinking: /home/yahboom/5550_ros2_ws/install/cartographer_ros_msgs/include/cartographer_ros_msgs/cartographer_ros_msgs/srv/detail/start_trajectory__functions.h
[33.926s] -- Symlinking: /home/yahboom/5550_ros2_ws/install/cartographer_ros_msgs/include/cartographer_ros_msgs/cartographer_ros_msgs/srv/detail/start_trajectory__struct.h
[33.930s] -- Symlinking: /home/yahboom/5550_ros2_ws/install/cartographer_ros_msgs/include/cartographer_ros_msgs/cartographer_ros_msgs/srv/detail/start_trajectory__type_support.h
[33.938s] -- Symlinking: /home/yahboom/5550_ros2_ws/install/cartographer_ros_msgs/include/cartographer_ros_msgs/cartographer_ros_msgs/srv/detail/submap_query__functions.h
[33.946s] -- Symlinking: /home/yahboom/5550_ros2_ws/install/cartographer_ros_msgs/include/cartographer_ros_msgs/cartographer_ros_msgs/srv/detail/submap_query__struct.h
[33.963s] -- Symlinking: /home/yahboom/5550_ros2_ws/install/cartographer_ros_msgs/include/cartographer_ros_msgs/cartographer_ros_msgs/srv/detail/submap_query__type_support.h
[33.978s] -- Symlinking: /home/yahboom/5550_ros2_ws/install/cartographer_ros_msgs/include/cartographer_ros_msgs/cartographer_ros_msgs/srv/detail/trajectory_query__functions.h
[33.994s] -- Symlinking: /home/yahboom/5550_ros2_ws/install/cartographer_ros_msgs/include/cartographer_ros_msgs/cartographer_ros_msgs/srv/detail/trajectory_query__struct.h
[34.008s] -- Symlinking: /home/yahboom/5550_ros2_ws/install/cartographer_ros_msgs/include/cartographer_ros_msgs/cartographer_ros_msgs/srv/detail/trajectory_query__type_support.h
[34.026s] -- Symlinking: /home/yahboom/5550_ros2_ws/install/cartographer_ros_msgs/include/cartographer_ros_msgs/cartographer_ros_msgs/srv/detail/write_state__functions.h
[34.038s] -- Symlinking: /home/yahboom/5550_ros2_ws/install/cartographer_ros_msgs/include/cartographer_ros_msgs/cartographer_ros_msgs/srv/detail/write_state__struct.h
[34.051s] -- Symlinking: /home/yahboom/5550_ros2_ws/install/cartographer_ros_msgs/include/cartographer_ros_msgs/cartographer_ros_msgs/srv/detail/write_state__type_support.h
[34.062s] -- Symlinking: /home/yahboom/5550_ros2_ws/install/cartographer_ros_msgs/include/cartographer_ros_msgs/cartographer_ros_msgs/srv/finish_trajectory.h
[34.070s] -- Symlinking: /home/yahboom/5550_ros2_ws/install/cartographer_ros_msgs/include/cartographer_ros_msgs/cartographer_ros_msgs/srv/get_trajectory_states.h
[34.077s] -- Symlinking: /home/yahboom/5550_ros2_ws/install/cartographer_ros_msgs/include/cartographer_ros_msgs/cartographer_ros_msgs/srv/read_metrics.h
[34.085s] -- Symlinking: /home/yahboom/5550_ros2_ws/install/cartographer_ros_msgs/include/cartographer_ros_msgs/cartographer_ros_msgs/srv/start_trajectory.h
[34.093s] -- Symlinking: /home/yahboom/5550_ros2_ws/install/cartographer_ros_msgs/include/cartographer_ros_msgs/cartographer_ros_msgs/srv/submap_query.h
[34.100s] -- Symlinking: /home/yahboom/5550_ros2_ws/install/cartographer_ros_msgs/include/cartographer_ros_msgs/cartographer_ros_msgs/srv/trajectory_query.h
[34.108s] -- Symlinking: /home/yahboom/5550_ros2_ws/install/cartographer_ros_msgs/include/cartographer_ros_msgs/cartographer_ros_msgs/srv/write_state.h
[34.117s] -- Symlinking: /home/yahboom/5550_ros2_ws/install/cartographer_ros_msgs/share/cartographer_ros_msgs/environment/library_path.sh
[34.125s] -- Symlinking: /home/yahboom/5550_ros2_ws/install/cartographer_ros_msgs/share/cartographer_ros_msgs/environment/library_path.dsv
[34.134s] -- Symlinking: /home/yahboom/5550_ros2_ws/install/cartographer_ros_msgs/include/cartographer_ros_msgs/cartographer_ros_msgs/msg/detail/bagfile_progress__rosidl_typesupport_fastrtps_c.h
[34.141s] -- Symlinking: /home/yahboom/5550_ros2_ws/install/cartographer_ros_msgs/include/cartographer_ros_msgs/cartographer_ros_msgs/msg/detail/histogram_bucket__rosidl_typesupport_fastrtps_c.h
[34.149s] -- Symlinking: /home/yahboom/5550_ros2_ws/install/cartographer_ros_msgs/include/cartographer_ros_msgs/cartographer_ros_msgs/msg/detail/landmark_entry__rosidl_typesupport_fastrtps_c.h
[34.159s] -- Symlinking: /home/yahboom/5550_ros2_ws/install/cartographer_ros_msgs/include/cartographer_ros_msgs/cartographer_ros_msgs/msg/detail/landmark_list__rosidl_typesupport_fastrtps_c.h
[34.164s] -- Symlinking: /home/yahboom/5550_ros2_ws/install/cartographer_ros_msgs/include/cartographer_ros_msgs/cartographer_ros_msgs/msg/detail/metric__rosidl_typesupport_fastrtps_c.h
[34.172s] -- Symlinking: /home/yahboom/5550_ros2_ws/install/cartographer_ros_msgs/include/cartographer_ros_msgs/cartographer_ros_msgs/msg/detail/metric_family__rosidl_typesupport_fastrtps_c.h
[34.179s] -- Symlinking: /home/yahboom/5550_ros2_ws/install/cartographer_ros_msgs/include/cartographer_ros_msgs/cartographer_ros_msgs/msg/detail/metric_label__rosidl_typesupport_fastrtps_c.h
[34.187s] -- Symlinking: /home/yahboom/5550_ros2_ws/install/cartographer_ros_msgs/include/cartographer_ros_msgs/cartographer_ros_msgs/msg/detail/status_code__rosidl_typesupport_fastrtps_c.h
[34.195s] -- Symlinking: /home/yahboom/5550_ros2_ws/install/cartographer_ros_msgs/include/cartographer_ros_msgs/cartographer_ros_msgs/msg/detail/status_response__rosidl_typesupport_fastrtps_c.h
[34.203s] -- Symlinking: /home/yahboom/5550_ros2_ws/install/cartographer_ros_msgs/include/cartographer_ros_msgs/cartographer_ros_msgs/msg/detail/submap_entry__rosidl_typesupport_fastrtps_c.h
[34.211s] -- Symlinking: /home/yahboom/5550_ros2_ws/install/cartographer_ros_msgs/include/cartographer_ros_msgs/cartographer_ros_msgs/msg/detail/submap_list__rosidl_typesupport_fastrtps_c.h
[34.219s] -- Symlinking: /home/yahboom/5550_ros2_ws/install/cartographer_ros_msgs/include/cartographer_ros_msgs/cartographer_ros_msgs/msg/detail/submap_texture__rosidl_typesupport_fastrtps_c.h
[34.228s] -- Symlinking: /home/yahboom/5550_ros2_ws/install/cartographer_ros_msgs/include/cartographer_ros_msgs/cartographer_ros_msgs/msg/detail/trajectory_states__rosidl_typesupport_fastrtps_c.h
[34.236s] -- Symlinking: /home/yahboom/5550_ros2_ws/install/cartographer_ros_msgs/include/cartographer_ros_msgs/cartographer_ros_msgs/msg/rosidl_typesupport_fastrtps_c__visibility_control.h
[34.244s] -- Symlinking: /home/yahboom/5550_ros2_ws/install/cartographer_ros_msgs/include/cartographer_ros_msgs/cartographer_ros_msgs/srv/detail/finish_trajectory__rosidl_typesupport_fastrtps_c.h
[34.253s] -- Symlinking: /home/yahboom/5550_ros2_ws/install/cartographer_ros_msgs/include/cartographer_ros_msgs/cartographer_ros_msgs/srv/detail/get_trajectory_states__rosidl_typesupport_fastrtps_c.h
[34.260s] -- Symlinking: /home/yahboom/5550_ros2_ws/install/cartographer_ros_msgs/include/cartographer_ros_msgs/cartographer_ros_msgs/srv/detail/read_metrics__rosidl_typesupport_fastrtps_c.h
[34.267s] -- Symlinking: /home/yahboom/5550_ros2_ws/install/cartographer_ros_msgs/include/cartographer_ros_msgs/cartographer_ros_msgs/srv/detail/start_trajectory__rosidl_typesupport_fastrtps_c.h
[34.275s] -- Symlinking: /home/yahboom/5550_ros2_ws/install/cartographer_ros_msgs/include/cartographer_ros_msgs/cartographer_ros_msgs/srv/detail/submap_query__rosidl_typesupport_fastrtps_c.h
[34.283s] -- Symlinking: /home/yahboom/5550_ros2_ws/install/cartographer_ros_msgs/include/cartographer_ros_msgs/cartographer_ros_msgs/srv/detail/trajectory_query__rosidl_typesupport_fastrtps_c.h
[34.294s] -- Symlinking: /home/yahboom/5550_ros2_ws/install/cartographer_ros_msgs/include/cartographer_ros_msgs/cartographer_ros_msgs/srv/detail/write_state__rosidl_typesupport_fastrtps_c.h
[34.300s] -- Symlinking: /home/yahboom/5550_ros2_ws/install/cartographer_ros_msgs/include/cartographer_ros_msgs/cartographer_ros_msgs/msg/detail/bagfile_progress__rosidl_typesupport_introspection_c.h
[34.308s] -- Symlinking: /home/yahboom/5550_ros2_ws/install/cartographer_ros_msgs/include/cartographer_ros_msgs/cartographer_ros_msgs/msg/detail/histogram_bucket__rosidl_typesupport_introspection_c.h
[34.317s] -- Symlinking: /home/yahboom/5550_ros2_ws/install/cartographer_ros_msgs/include/cartographer_ros_msgs/cartographer_ros_msgs/msg/detail/landmark_entry__rosidl_typesupport_introspection_c.h
[34.325s] -- Symlinking: /home/yahboom/5550_ros2_ws/install/cartographer_ros_msgs/include/cartographer_ros_msgs/cartographer_ros_msgs/msg/detail/landmark_list__rosidl_typesupport_introspection_c.h
[34.342s] -- Symlinking: /home/yahboom/5550_ros2_ws/install/cartographer_ros_msgs/include/cartographer_ros_msgs/cartographer_ros_msgs/msg/detail/metric__rosidl_typesupport_introspection_c.h
[34.359s] -- Symlinking: /home/yahboom/5550_ros2_ws/install/cartographer_ros_msgs/include/cartographer_ros_msgs/cartographer_ros_msgs/msg/detail/metric_family__rosidl_typesupport_introspection_c.h
[34.377s] -- Symlinking: /home/yahboom/5550_ros2_ws/install/cartographer_ros_msgs/include/cartographer_ros_msgs/cartographer_ros_msgs/msg/detail/metric_label__rosidl_typesupport_introspection_c.h
[34.392s] -- Symlinking: /home/yahboom/5550_ros2_ws/install/cartographer_ros_msgs/include/cartographer_ros_msgs/cartographer_ros_msgs/msg/detail/status_code__rosidl_typesupport_introspection_c.h
[34.406s] -- Symlinking: /home/yahboom/5550_ros2_ws/install/cartographer_ros_msgs/include/cartographer_ros_msgs/cartographer_ros_msgs/msg/detail/status_response__rosidl_typesupport_introspection_c.h
[34.423s] -- Symlinking: /home/yahboom/5550_ros2_ws/install/cartographer_ros_msgs/include/cartographer_ros_msgs/cartographer_ros_msgs/msg/detail/submap_entry__rosidl_typesupport_introspection_c.h
[34.439s] -- Symlinking: /home/yahboom/5550_ros2_ws/install/cartographer_ros_msgs/include/cartographer_ros_msgs/cartographer_ros_msgs/msg/detail/submap_list__rosidl_typesupport_introspection_c.h
[34.456s] -- Symlinking: /home/yahboom/5550_ros2_ws/install/cartographer_ros_msgs/include/cartographer_ros_msgs/cartographer_ros_msgs/msg/detail/submap_texture__rosidl_typesupport_introspection_c.h
[34.475s] -- Symlinking: /home/yahboom/5550_ros2_ws/install/cartographer_ros_msgs/include/cartographer_ros_msgs/cartographer_ros_msgs/msg/detail/trajectory_states__rosidl_typesupport_introspection_c.h
[34.492s] -- Symlinking: /home/yahboom/5550_ros2_ws/install/cartographer_ros_msgs/include/cartographer_ros_msgs/cartographer_ros_msgs/msg/rosidl_typesupport_introspection_c__visibility_control.h
[34.509s] -- Symlinking: /home/yahboom/5550_ros2_ws/install/cartographer_ros_msgs/include/cartographer_ros_msgs/cartographer_ros_msgs/srv/detail/finish_trajectory__rosidl_typesupport_introspection_c.h
[34.525s] -- Symlinking: /home/yahboom/5550_ros2_ws/install/cartographer_ros_msgs/include/cartographer_ros_msgs/cartographer_ros_msgs/srv/detail/get_trajectory_states__rosidl_typesupport_introspection_c.h
[34.546s] -- Symlinking: /home/yahboom/5550_ros2_ws/install/cartographer_ros_msgs/include/cartographer_ros_msgs/cartographer_ros_msgs/srv/detail/read_metrics__rosidl_typesupport_introspection_c.h
[34.564s] -- Symlinking: /home/yahboom/5550_ros2_ws/install/cartographer_ros_msgs/include/cartographer_ros_msgs/cartographer_ros_msgs/srv/detail/start_trajectory__rosidl_typesupport_introspection_c.h
[34.583s] -- Symlinking: /home/yahboom/5550_ros2_ws/install/cartographer_ros_msgs/include/cartographer_ros_msgs/cartographer_ros_msgs/srv/detail/submap_query__rosidl_typesupport_introspection_c.h
[34.597s] -- Symlinking: /home/yahboom/5550_ros2_ws/install/cartographer_ros_msgs/include/cartographer_ros_msgs/cartographer_ros_msgs/srv/detail/trajectory_query__rosidl_typesupport_introspection_c.h
[34.614s] -- Symlinking: /home/yahboom/5550_ros2_ws/install/cartographer_ros_msgs/include/cartographer_ros_msgs/cartographer_ros_msgs/srv/detail/write_state__rosidl_typesupport_introspection_c.h
[34.631s] -- Symlinking: /home/yahboom/5550_ros2_ws/install/cartographer_ros_msgs/include/cartographer_ros_msgs/cartographer_ros_msgs/msg/bagfile_progress.hpp
[34.644s] -- Symlinking: /home/yahboom/5550_ros2_ws/install/cartographer_ros_msgs/include/cartographer_ros_msgs/cartographer_ros_msgs/msg/detail/bagfile_progress__builder.hpp
[34.657s] -- Symlinking: /home/yahboom/5550_ros2_ws/install/cartographer_ros_msgs/include/cartographer_ros_msgs/cartographer_ros_msgs/msg/detail/bagfile_progress__struct.hpp
[34.661s] -- Symlinking: /home/yahboom/5550_ros2_ws/install/cartographer_ros_msgs/include/cartographer_ros_msgs/cartographer_ros_msgs/msg/detail/bagfile_progress__traits.hpp
[34.669s] -- Symlinking: /home/yahboom/5550_ros2_ws/install/cartographer_ros_msgs/include/cartographer_ros_msgs/cartographer_ros_msgs/msg/detail/histogram_bucket__builder.hpp
[34.686s] -- Symlinking: /home/yahboom/5550_ros2_ws/install/cartographer_ros_msgs/include/cartographer_ros_msgs/cartographer_ros_msgs/msg/detail/histogram_bucket__struct.hpp
[34.700s] -- Symlinking: /home/yahboom/5550_ros2_ws/install/cartographer_ros_msgs/include/cartographer_ros_msgs/cartographer_ros_msgs/msg/detail/histogram_bucket__traits.hpp
[34.716s] -- Symlinking: /home/yahboom/5550_ros2_ws/install/cartographer_ros_msgs/include/cartographer_ros_msgs/cartographer_ros_msgs/msg/detail/landmark_entry__builder.hpp
[34.733s] -- Symlinking: /home/yahboom/5550_ros2_ws/install/cartographer_ros_msgs/include/cartographer_ros_msgs/cartographer_ros_msgs/msg/detail/landmark_entry__struct.hpp
[34.749s] -- Symlinking: /home/yahboom/5550_ros2_ws/install/cartographer_ros_msgs/include/cartographer_ros_msgs/cartographer_ros_msgs/msg/detail/landmark_entry__traits.hpp
[34.769s] -- Symlinking: /home/yahboom/5550_ros2_ws/install/cartographer_ros_msgs/include/cartographer_ros_msgs/cartographer_ros_msgs/msg/detail/landmark_list__builder.hpp
[34.786s] -- Symlinking: /home/yahboom/5550_ros2_ws/install/cartographer_ros_msgs/include/cartographer_ros_msgs/cartographer_ros_msgs/msg/detail/landmark_list__struct.hpp
[34.801s] -- Symlinking: /home/yahboom/5550_ros2_ws/install/cartographer_ros_msgs/include/cartographer_ros_msgs/cartographer_ros_msgs/msg/detail/landmark_list__traits.hpp
[34.811s] -- Symlinking: /home/yahboom/5550_ros2_ws/install/cartographer_ros_msgs/include/cartographer_ros_msgs/cartographer_ros_msgs/msg/detail/metric__builder.hpp
[34.818s] -- Symlinking: /home/yahboom/5550_ros2_ws/install/cartographer_ros_msgs/include/cartographer_ros_msgs/cartographer_ros_msgs/msg/detail/metric__struct.hpp
[34.826s] -- Symlinking: /home/yahboom/5550_ros2_ws/install/cartographer_ros_msgs/include/cartographer_ros_msgs/cartographer_ros_msgs/msg/detail/metric__traits.hpp
[34.834s] -- Symlinking: /home/yahboom/5550_ros2_ws/install/cartographer_ros_msgs/include/cartographer_ros_msgs/cartographer_ros_msgs/msg/detail/metric_family__builder.hpp
[34.842s] -- Symlinking: /home/yahboom/5550_ros2_ws/install/cartographer_ros_msgs/include/cartographer_ros_msgs/cartographer_ros_msgs/msg/detail/metric_family__struct.hpp
[34.849s] -- Symlinking: /home/yahboom/5550_ros2_ws/install/cartographer_ros_msgs/include/cartographer_ros_msgs/cartographer_ros_msgs/msg/detail/metric_family__traits.hpp
[34.857s] -- Symlinking: /home/yahboom/5550_ros2_ws/install/cartographer_ros_msgs/include/cartographer_ros_msgs/cartographer_ros_msgs/msg/detail/metric_label__builder.hpp
[34.865s] -- Symlinking: /home/yahboom/5550_ros2_ws/install/cartographer_ros_msgs/include/cartographer_ros_msgs/cartographer_ros_msgs/msg/detail/metric_label__struct.hpp
[34.874s] -- Symlinking: /home/yahboom/5550_ros2_ws/install/cartographer_ros_msgs/include/cartographer_ros_msgs/cartographer_ros_msgs/msg/detail/metric_label__traits.hpp
[34.883s] -- Symlinking: /home/yahboom/5550_ros2_ws/install/cartographer_ros_msgs/include/cartographer_ros_msgs/cartographer_ros_msgs/msg/detail/status_code__builder.hpp
[34.891s] -- Symlinking: /home/yahboom/5550_ros2_ws/install/cartographer_ros_msgs/include/cartographer_ros_msgs/cartographer_ros_msgs/msg/detail/status_code__struct.hpp
[34.899s] -- Symlinking: /home/yahboom/5550_ros2_ws/install/cartographer_ros_msgs/include/cartographer_ros_msgs/cartographer_ros_msgs/msg/detail/status_code__traits.hpp
[34.907s] -- Symlinking: /home/yahboom/5550_ros2_ws/install/cartographer_ros_msgs/include/cartographer_ros_msgs/cartographer_ros_msgs/msg/detail/status_response__builder.hpp
[34.917s] -- Symlinking: /home/yahboom/5550_ros2_ws/install/cartographer_ros_msgs/include/cartographer_ros_msgs/cartographer_ros_msgs/msg/detail/status_response__struct.hpp
[34.926s] -- Symlinking: /home/yahboom/5550_ros2_ws/install/cartographer_ros_msgs/include/cartographer_ros_msgs/cartographer_ros_msgs/msg/detail/status_response__traits.hpp
[34.935s] -- Symlinking: /home/yahboom/5550_ros2_ws/install/cartographer_ros_msgs/include/cartographer_ros_msgs/cartographer_ros_msgs/msg/detail/submap_entry__builder.hpp
[34.943s] -- Symlinking: /home/yahboom/5550_ros2_ws/install/cartographer_ros_msgs/include/cartographer_ros_msgs/cartographer_ros_msgs/msg/detail/submap_entry__struct.hpp
[34.951s] -- Symlinking: /home/yahboom/5550_ros2_ws/install/cartographer_ros_msgs/include/cartographer_ros_msgs/cartographer_ros_msgs/msg/detail/submap_entry__traits.hpp
[34.960s] -- Symlinking: /home/yahboom/5550_ros2_ws/install/cartographer_ros_msgs/include/cartographer_ros_msgs/cartographer_ros_msgs/msg/detail/submap_list__builder.hpp
[34.967s] -- Symlinking: /home/yahboom/5550_ros2_ws/install/cartographer_ros_msgs/include/cartographer_ros_msgs/cartographer_ros_msgs/msg/detail/submap_list__struct.hpp
[34.975s] -- Symlinking: /home/yahboom/5550_ros2_ws/install/cartographer_ros_msgs/include/cartographer_ros_msgs/cartographer_ros_msgs/msg/detail/submap_list__traits.hpp
[34.983s] -- Symlinking: /home/yahboom/5550_ros2_ws/install/cartographer_ros_msgs/include/cartographer_ros_msgs/cartographer_ros_msgs/msg/detail/submap_texture__builder.hpp
[34.991s] -- Symlinking: /home/yahboom/5550_ros2_ws/install/cartographer_ros_msgs/include/cartographer_ros_msgs/cartographer_ros_msgs/msg/detail/submap_texture__struct.hpp
[34.998s] -- Symlinking: /home/yahboom/5550_ros2_ws/install/cartographer_ros_msgs/include/cartographer_ros_msgs/cartographer_ros_msgs/msg/detail/submap_texture__traits.hpp
[35.006s] -- Symlinking: /home/yahboom/5550_ros2_ws/install/cartographer_ros_msgs/include/cartographer_ros_msgs/cartographer_ros_msgs/msg/detail/trajectory_states__builder.hpp
[35.014s] -- Symlinking: /home/yahboom/5550_ros2_ws/install/cartographer_ros_msgs/include/cartographer_ros_msgs/cartographer_ros_msgs/msg/detail/trajectory_states__struct.hpp
[35.022s] -- Symlinking: /home/yahboom/5550_ros2_ws/install/cartographer_ros_msgs/include/cartographer_ros_msgs/cartographer_ros_msgs/msg/detail/trajectory_states__traits.hpp
[35.038s] -- Symlinking: /home/yahboom/5550_ros2_ws/install/cartographer_ros_msgs/include/cartographer_ros_msgs/cartographer_ros_msgs/msg/histogram_bucket.hpp
[35.054s] -- Symlinking: /home/yahboom/5550_ros2_ws/install/cartographer_ros_msgs/include/cartographer_ros_msgs/cartographer_ros_msgs/msg/landmark_entry.hpp
[35.072s] -- Symlinking: /home/yahboom/5550_ros2_ws/install/cartographer_ros_msgs/include/cartographer_ros_msgs/cartographer_ros_msgs/msg/landmark_list.hpp
[35.089s] -- Symlinking: /home/yahboom/5550_ros2_ws/install/cartographer_ros_msgs/include/cartographer_ros_msgs/cartographer_ros_msgs/msg/metric.hpp
[35.104s] -- Symlinking: /home/yahboom/5550_ros2_ws/install/cartographer_ros_msgs/include/cartographer_ros_msgs/cartographer_ros_msgs/msg/metric_family.hpp
[35.119s] -- Symlinking: /home/yahboom/5550_ros2_ws/install/cartographer_ros_msgs/include/cartographer_ros_msgs/cartographer_ros_msgs/msg/metric_label.hpp
[35.137s] -- Symlinking: /home/yahboom/5550_ros2_ws/install/cartographer_ros_msgs/include/cartographer_ros_msgs/cartographer_ros_msgs/msg/status_code.hpp
[35.153s] -- Symlinking: /home/yahboom/5550_ros2_ws/install/cartographer_ros_msgs/include/cartographer_ros_msgs/cartographer_ros_msgs/msg/status_response.hpp
[35.172s] -- Symlinking: /home/yahboom/5550_ros2_ws/install/cartographer_ros_msgs/include/cartographer_ros_msgs/cartographer_ros_msgs/msg/submap_entry.hpp
[35.188s] -- Symlinking: /home/yahboom/5550_ros2_ws/install/cartographer_ros_msgs/include/cartographer_ros_msgs/cartographer_ros_msgs/msg/submap_list.hpp
[35.204s] -- Symlinking: /home/yahboom/5550_ros2_ws/install/cartographer_ros_msgs/include/cartographer_ros_msgs/cartographer_ros_msgs/msg/submap_texture.hpp
[35.221s] -- Symlinking: /home/yahboom/5550_ros2_ws/install/cartographer_ros_msgs/include/cartographer_ros_msgs/cartographer_ros_msgs/msg/trajectory_states.hpp
[35.237s] -- Symlinking: /home/yahboom/5550_ros2_ws/install/cartographer_ros_msgs/include/cartographer_ros_msgs/cartographer_ros_msgs/srv/detail/finish_trajectory__builder.hpp
[35.253s] -- Symlinking: /home/yahboom/5550_ros2_ws/install/cartographer_ros_msgs/include/cartographer_ros_msgs/cartographer_ros_msgs/srv/detail/finish_trajectory__struct.hpp
[35.272s] -- Symlinking: /home/yahboom/5550_ros2_ws/install/cartographer_ros_msgs/include/cartographer_ros_msgs/cartographer_ros_msgs/srv/detail/finish_trajectory__traits.hpp
[35.287s] -- Symlinking: /home/yahboom/5550_ros2_ws/install/cartographer_ros_msgs/include/cartographer_ros_msgs/cartographer_ros_msgs/srv/detail/get_trajectory_states__builder.hpp
[35.304s] -- Symlinking: /home/yahboom/5550_ros2_ws/install/cartographer_ros_msgs/include/cartographer_ros_msgs/cartographer_ros_msgs/srv/detail/get_trajectory_states__struct.hpp
[35.319s] -- Symlinking: /home/yahboom/5550_ros2_ws/install/cartographer_ros_msgs/include/cartographer_ros_msgs/cartographer_ros_msgs/srv/detail/get_trajectory_states__traits.hpp
[35.331s] -- Symlinking: /home/yahboom/5550_ros2_ws/install/cartographer_ros_msgs/include/cartographer_ros_msgs/cartographer_ros_msgs/srv/detail/read_metrics__builder.hpp
[35.338s] -- Symlinking: /home/yahboom/5550_ros2_ws/install/cartographer_ros_msgs/include/cartographer_ros_msgs/cartographer_ros_msgs/srv/detail/read_metrics__struct.hpp
[35.346s] -- Symlinking: /home/yahboom/5550_ros2_ws/install/cartographer_ros_msgs/include/cartographer_ros_msgs/cartographer_ros_msgs/srv/detail/read_metrics__traits.hpp
[35.355s] -- Symlinking: /home/yahboom/5550_ros2_ws/install/cartographer_ros_msgs/include/cartographer_ros_msgs/cartographer_ros_msgs/srv/detail/start_trajectory__builder.hpp
[35.363s] -- Symlinking: /home/yahboom/5550_ros2_ws/install/cartographer_ros_msgs/include/cartographer_ros_msgs/cartographer_ros_msgs/srv/detail/start_trajectory__struct.hpp
[35.374s] -- Symlinking: /home/yahboom/5550_ros2_ws/install/cartographer_ros_msgs/include/cartographer_ros_msgs/cartographer_ros_msgs/srv/detail/start_trajectory__traits.hpp
[35.380s] -- Symlinking: /home/yahboom/5550_ros2_ws/install/cartographer_ros_msgs/include/cartographer_ros_msgs/cartographer_ros_msgs/srv/detail/submap_query__builder.hpp
[35.388s] -- Symlinking: /home/yahboom/5550_ros2_ws/install/cartographer_ros_msgs/include/cartographer_ros_msgs/cartographer_ros_msgs/srv/detail/submap_query__struct.hpp
[35.395s] -- Symlinking: /home/yahboom/5550_ros2_ws/install/cartographer_ros_msgs/include/cartographer_ros_msgs/cartographer_ros_msgs/srv/detail/submap_query__traits.hpp
[35.406s] -- Symlinking: /home/yahboom/5550_ros2_ws/install/cartographer_ros_msgs/include/cartographer_ros_msgs/cartographer_ros_msgs/srv/detail/trajectory_query__builder.hpp
[35.420s] -- Symlinking: /home/yahboom/5550_ros2_ws/install/cartographer_ros_msgs/include/cartographer_ros_msgs/cartographer_ros_msgs/srv/detail/trajectory_query__struct.hpp
[35.438s] -- Symlinking: /home/yahboom/5550_ros2_ws/install/cartographer_ros_msgs/include/cartographer_ros_msgs/cartographer_ros_msgs/srv/detail/trajectory_query__traits.hpp
[35.455s] -- Symlinking: /home/yahboom/5550_ros2_ws/install/cartographer_ros_msgs/include/cartographer_ros_msgs/cartographer_ros_msgs/srv/detail/write_state__builder.hpp
[35.473s] -- Symlinking: /home/yahboom/5550_ros2_ws/install/cartographer_ros_msgs/include/cartographer_ros_msgs/cartographer_ros_msgs/srv/detail/write_state__struct.hpp
[35.490s] -- Symlinking: /home/yahboom/5550_ros2_ws/install/cartographer_ros_msgs/include/cartographer_ros_msgs/cartographer_ros_msgs/srv/detail/write_state__traits.hpp
[35.508s] -- Symlinking: /home/yahboom/5550_ros2_ws/install/cartographer_ros_msgs/include/cartographer_ros_msgs/cartographer_ros_msgs/srv/finish_trajectory.hpp
[35.526s] -- Symlinking: /home/yahboom/5550_ros2_ws/install/cartographer_ros_msgs/include/cartographer_ros_msgs/cartographer_ros_msgs/srv/get_trajectory_states.hpp
[35.543s] -- Symlinking: /home/yahboom/5550_ros2_ws/install/cartographer_ros_msgs/include/cartographer_ros_msgs/cartographer_ros_msgs/srv/read_metrics.hpp
[35.562s] -- Symlinking: /home/yahboom/5550_ros2_ws/install/cartographer_ros_msgs/include/cartographer_ros_msgs/cartographer_ros_msgs/srv/start_trajectory.hpp
[35.580s] -- Symlinking: /home/yahboom/5550_ros2_ws/install/cartographer_ros_msgs/include/cartographer_ros_msgs/cartographer_ros_msgs/srv/submap_query.hpp
[35.594s] -- Symlinking: /home/yahboom/5550_ros2_ws/install/cartographer_ros_msgs/include/cartographer_ros_msgs/cartographer_ros_msgs/srv/trajectory_query.hpp
[35.612s] -- Symlinking: /home/yahboom/5550_ros2_ws/install/cartographer_ros_msgs/include/cartographer_ros_msgs/cartographer_ros_msgs/srv/write_state.hpp
[35.629s] -- Symlinking: /home/yahboom/5550_ros2_ws/install/cartographer_ros_msgs/include/cartographer_ros_msgs/cartographer_ros_msgs/msg/detail/bagfile_progress__rosidl_typesupport_fastrtps_cpp.hpp
[35.647s] -- Symlinking: /home/yahboom/5550_ros2_ws/install/cartographer_ros_msgs/include/cartographer_ros_msgs/cartographer_ros_msgs/msg/detail/histogram_bucket__rosidl_typesupport_fastrtps_cpp.hpp
[35.664s] -- Symlinking: /home/yahboom/5550_ros2_ws/install/cartographer_ros_msgs/include/cartographer_ros_msgs/cartographer_ros_msgs/msg/detail/landmark_entry__rosidl_typesupport_fastrtps_cpp.hpp
[35.682s] -- Symlinking: /home/yahboom/5550_ros2_ws/install/cartographer_ros_msgs/include/cartographer_ros_msgs/cartographer_ros_msgs/msg/detail/landmark_list__rosidl_typesupport_fastrtps_cpp.hpp
[35.703s] -- Symlinking: /home/yahboom/5550_ros2_ws/install/cartographer_ros_msgs/include/cartographer_ros_msgs/cartographer_ros_msgs/msg/detail/metric__rosidl_typesupport_fastrtps_cpp.hpp
[35.714s] -- Symlinking: /home/yahboom/5550_ros2_ws/install/cartographer_ros_msgs/include/cartographer_ros_msgs/cartographer_ros_msgs/msg/detail/metric_family__rosidl_typesupport_fastrtps_cpp.hpp
[35.732s] -- Symlinking: /home/yahboom/5550_ros2_ws/install/cartographer_ros_msgs/include/cartographer_ros_msgs/cartographer_ros_msgs/msg/detail/metric_label__rosidl_typesupport_fastrtps_cpp.hpp
[35.748s] -- Symlinking: /home/yahboom/5550_ros2_ws/install/cartographer_ros_msgs/include/cartographer_ros_msgs/cartographer_ros_msgs/msg/detail/status_code__rosidl_typesupport_fastrtps_cpp.hpp
[35.759s] -- Symlinking: /home/yahboom/5550_ros2_ws/install/cartographer_ros_msgs/include/cartographer_ros_msgs/cartographer_ros_msgs/msg/detail/status_response__rosidl_typesupport_fastrtps_cpp.hpp
[35.767s] -- Symlinking: /home/yahboom/5550_ros2_ws/install/cartographer_ros_msgs/include/cartographer_ros_msgs/cartographer_ros_msgs/msg/detail/submap_entry__rosidl_typesupport_fastrtps_cpp.hpp
[35.775s] -- Symlinking: /home/yahboom/5550_ros2_ws/install/cartographer_ros_msgs/include/cartographer_ros_msgs/cartographer_ros_msgs/msg/detail/submap_list__rosidl_typesupport_fastrtps_cpp.hpp
[35.782s] -- Symlinking: /home/yahboom/5550_ros2_ws/install/cartographer_ros_msgs/include/cartographer_ros_msgs/cartographer_ros_msgs/msg/detail/submap_texture__rosidl_typesupport_fastrtps_cpp.hpp
[35.790s] -- Symlinking: /home/yahboom/5550_ros2_ws/install/cartographer_ros_msgs/include/cartographer_ros_msgs/cartographer_ros_msgs/msg/detail/trajectory_states__rosidl_typesupport_fastrtps_cpp.hpp
[35.798s] -- Symlinking: /home/yahboom/5550_ros2_ws/install/cartographer_ros_msgs/include/cartographer_ros_msgs/cartographer_ros_msgs/msg/rosidl_typesupport_fastrtps_cpp__visibility_control.h
[35.806s] -- Symlinking: /home/yahboom/5550_ros2_ws/install/cartographer_ros_msgs/include/cartographer_ros_msgs/cartographer_ros_msgs/srv/detail/finish_trajectory__rosidl_typesupport_fastrtps_cpp.hpp
[35.813s] -- Symlinking: /home/yahboom/5550_ros2_ws/install/cartographer_ros_msgs/include/cartographer_ros_msgs/cartographer_ros_msgs/srv/detail/get_trajectory_states__rosidl_typesupport_fastrtps_cpp.hpp
[35.823s] -- Symlinking: /home/yahboom/5550_ros2_ws/install/cartographer_ros_msgs/include/cartographer_ros_msgs/cartographer_ros_msgs/srv/detail/read_metrics__rosidl_typesupport_fastrtps_cpp.hpp
[35.832s] -- Symlinking: /home/yahboom/5550_ros2_ws/install/cartographer_ros_msgs/include/cartographer_ros_msgs/cartographer_ros_msgs/srv/detail/start_trajectory__rosidl_typesupport_fastrtps_cpp.hpp
[35.839s] -- Symlinking: /home/yahboom/5550_ros2_ws/install/cartographer_ros_msgs/include/cartographer_ros_msgs/cartographer_ros_msgs/srv/detail/submap_query__rosidl_typesupport_fastrtps_cpp.hpp
[35.847s] -- Symlinking: /home/yahboom/5550_ros2_ws/install/cartographer_ros_msgs/include/cartographer_ros_msgs/cartographer_ros_msgs/srv/detail/trajectory_query__rosidl_typesupport_fastrtps_cpp.hpp
[35.854s] -- Symlinking: /home/yahboom/5550_ros2_ws/install/cartographer_ros_msgs/include/cartographer_ros_msgs/cartographer_ros_msgs/srv/detail/write_state__rosidl_typesupport_fastrtps_cpp.hpp
[35.863s] -- Symlinking: /home/yahboom/5550_ros2_ws/install/cartographer_ros_msgs/include/cartographer_ros_msgs/cartographer_ros_msgs/msg/detail/bagfile_progress__rosidl_typesupport_introspection_cpp.hpp
[35.870s] -- Symlinking: /home/yahboom/5550_ros2_ws/install/cartographer_ros_msgs/include/cartographer_ros_msgs/cartographer_ros_msgs/msg/detail/histogram_bucket__rosidl_typesupport_introspection_cpp.hpp
[35.878s] -- Symlinking: /home/yahboom/5550_ros2_ws/install/cartographer_ros_msgs/include/cartographer_ros_msgs/cartographer_ros_msgs/msg/detail/landmark_entry__rosidl_typesupport_introspection_cpp.hpp
[35.886s] -- Symlinking: /home/yahboom/5550_ros2_ws/install/cartographer_ros_msgs/include/cartographer_ros_msgs/cartographer_ros_msgs/msg/detail/landmark_list__rosidl_typesupport_introspection_cpp.hpp
[35.894s] -- Symlinking: /home/yahboom/5550_ros2_ws/install/cartographer_ros_msgs/include/cartographer_ros_msgs/cartographer_ros_msgs/msg/detail/metric__rosidl_typesupport_introspection_cpp.hpp
[35.901s] -- Symlinking: /home/yahboom/5550_ros2_ws/install/cartographer_ros_msgs/include/cartographer_ros_msgs/cartographer_ros_msgs/msg/detail/metric_family__rosidl_typesupport_introspection_cpp.hpp
[35.909s] -- Symlinking: /home/yahboom/5550_ros2_ws/install/cartographer_ros_msgs/include/cartographer_ros_msgs/cartographer_ros_msgs/msg/detail/metric_label__rosidl_typesupport_introspection_cpp.hpp
[35.917s] -- Symlinking: /home/yahboom/5550_ros2_ws/install/cartographer_ros_msgs/include/cartographer_ros_msgs/cartographer_ros_msgs/msg/detail/status_code__rosidl_typesupport_introspection_cpp.hpp
[35.926s] -- Symlinking: /home/yahboom/5550_ros2_ws/install/cartographer_ros_msgs/include/cartographer_ros_msgs/cartographer_ros_msgs/msg/detail/status_response__rosidl_typesupport_introspection_cpp.hpp
[35.943s] -- Symlinking: /home/yahboom/5550_ros2_ws/install/cartographer_ros_msgs/include/cartographer_ros_msgs/cartographer_ros_msgs/msg/detail/submap_entry__rosidl_typesupport_introspection_cpp.hpp
[35.961s] -- Symlinking: /home/yahboom/5550_ros2_ws/install/cartographer_ros_msgs/include/cartographer_ros_msgs/cartographer_ros_msgs/msg/detail/submap_list__rosidl_typesupport_introspection_cpp.hpp
[35.975s] -- Symlinking: /home/yahboom/5550_ros2_ws/install/cartographer_ros_msgs/include/cartographer_ros_msgs/cartographer_ros_msgs/msg/detail/submap_texture__rosidl_typesupport_introspection_cpp.hpp
[35.986s] -- Symlinking: /home/yahboom/5550_ros2_ws/install/cartographer_ros_msgs/include/cartographer_ros_msgs/cartographer_ros_msgs/msg/detail/trajectory_states__rosidl_typesupport_introspection_cpp.hpp
[35.994s] -- Symlinking: /home/yahboom/5550_ros2_ws/install/cartographer_ros_msgs/include/cartographer_ros_msgs/cartographer_ros_msgs/srv/detail/finish_trajectory__rosidl_typesupport_introspection_cpp.hpp
[36.003s] -- Symlinking: /home/yahboom/5550_ros2_ws/install/cartographer_ros_msgs/include/cartographer_ros_msgs/cartographer_ros_msgs/srv/detail/get_trajectory_states__rosidl_typesupport_introspection_cpp.hpp
[36.010s] -- Symlinking: /home/yahboom/5550_ros2_ws/install/cartographer_ros_msgs/include/cartographer_ros_msgs/cartographer_ros_msgs/srv/detail/read_metrics__rosidl_typesupport_introspection_cpp.hpp
[36.019s] -- Symlinking: /home/yahboom/5550_ros2_ws/install/cartographer_ros_msgs/include/cartographer_ros_msgs/cartographer_ros_msgs/srv/detail/start_trajectory__rosidl_typesupport_introspection_cpp.hpp
[36.028s] -- Symlinking: /home/yahboom/5550_ros2_ws/install/cartographer_ros_msgs/include/cartographer_ros_msgs/cartographer_ros_msgs/srv/detail/submap_query__rosidl_typesupport_introspection_cpp.hpp
[36.036s] -- Symlinking: /home/yahboom/5550_ros2_ws/install/cartographer_ros_msgs/include/cartographer_ros_msgs/cartographer_ros_msgs/srv/detail/trajectory_query__rosidl_typesupport_introspection_cpp.hpp
[36.047s] -- Symlinking: /home/yahboom/5550_ros2_ws/install/cartographer_ros_msgs/include/cartographer_ros_msgs/cartographer_ros_msgs/srv/detail/write_state__rosidl_typesupport_introspection_cpp.hpp
[36.054s] -- Symlinking: /home/yahboom/5550_ros2_ws/install/cartographer_ros_msgs/share/cartographer_ros_msgs/environment/pythonpath.sh
[36.065s] -- Symlinking: /home/yahboom/5550_ros2_ws/install/cartographer_ros_msgs/share/cartographer_ros_msgs/environment/pythonpath.dsv
[36.077s] -- Symlinking: /home/yahboom/5550_ros2_ws/install/cartographer_ros_msgs/local/lib/python3.10/dist-packages/cartographer_ros_msgs-2.0.9003-py3.10.egg-info/PKG-INFO
[36.095s] -- Symlinking: /home/yahboom/5550_ros2_ws/install/cartographer_ros_msgs/local/lib/python3.10/dist-packages/cartographer_ros_msgs-2.0.9003-py3.10.egg-info/SOURCES.txt
[36.114s] -- Symlinking: /home/yahboom/5550_ros2_ws/install/cartographer_ros_msgs/local/lib/python3.10/dist-packages/cartographer_ros_msgs-2.0.9003-py3.10.egg-info/dependency_links.txt
[36.134s] -- Symlinking: /home/yahboom/5550_ros2_ws/install/cartographer_ros_msgs/local/lib/python3.10/dist-packages/cartographer_ros_msgs-2.0.9003-py3.10.egg-info/top_level.txt
[36.153s] -- Symlinking: /home/yahboom/5550_ros2_ws/install/cartographer_ros_msgs/local/lib/python3.10/dist-packages/cartographer_ros_msgs/__init__.py
[36.171s] -- Symlinking: /home/yahboom/5550_ros2_ws/install/cartographer_ros_msgs/local/lib/python3.10/dist-packages/cartographer_ros_msgs/_cartographer_ros_msgs_s.ep.rosidl_typesupport_c.c
[36.183s] -- Symlinking: /home/yahboom/5550_ros2_ws/install/cartographer_ros_msgs/local/lib/python3.10/dist-packages/cartographer_ros_msgs/_cartographer_ros_msgs_s.ep.rosidl_typesupport_fastrtps_c.c
[36.191s] -- Symlinking: /home/yahboom/5550_ros2_ws/install/cartographer_ros_msgs/local/lib/python3.10/dist-packages/cartographer_ros_msgs/_cartographer_ros_msgs_s.ep.rosidl_typesupport_introspection_c.c
[36.199s] -- Symlinking: /home/yahboom/5550_ros2_ws/install/cartographer_ros_msgs/local/lib/python3.10/dist-packages/cartographer_ros_msgs/cartographer_ros_msgs_s__rosidl_typesupport_c.cpython-310-x86_64-linux-gnu.so
[36.210s] -- Symlinking: /home/yahboom/5550_ros2_ws/install/cartographer_ros_msgs/local/lib/python3.10/dist-packages/cartographer_ros_msgs/cartographer_ros_msgs_s__rosidl_typesupport_fastrtps_c.cpython-310-x86_64-linux-gnu.so
[36.215s] -- Symlinking: /home/yahboom/5550_ros2_ws/install/cartographer_ros_msgs/local/lib/python3.10/dist-packages/cartographer_ros_msgs/cartographer_ros_msgs_s__rosidl_typesupport_introspection_c.cpython-310-x86_64-linux-gnu.so
[36.222s] -- Symlinking: /home/yahboom/5550_ros2_ws/install/cartographer_ros_msgs/local/lib/python3.10/dist-packages/cartographer_ros_msgs/libcartographer_ros_msgs__rosidl_generator_py.so
[36.231s] -- Symlinking: /home/yahboom/5550_ros2_ws/install/cartographer_ros_msgs/local/lib/python3.10/dist-packages/cartographer_ros_msgs/msg/__init__.py
[36.239s] -- Symlinking: /home/yahboom/5550_ros2_ws/install/cartographer_ros_msgs/local/lib/python3.10/dist-packages/cartographer_ros_msgs/msg/_bagfile_progress.py
[36.247s] -- Symlinking: /home/yahboom/5550_ros2_ws/install/cartographer_ros_msgs/local/lib/python3.10/dist-packages/cartographer_ros_msgs/msg/_bagfile_progress_s.c
[36.255s] -- Symlinking: /home/yahboom/5550_ros2_ws/install/cartographer_ros_msgs/local/lib/python3.10/dist-packages/cartographer_ros_msgs/msg/_histogram_bucket.py
[36.267s] -- Symlinking: /home/yahboom/5550_ros2_ws/install/cartographer_ros_msgs/local/lib/python3.10/dist-packages/cartographer_ros_msgs/msg/_histogram_bucket_s.c
[36.272s] -- Symlinking: /home/yahboom/5550_ros2_ws/install/cartographer_ros_msgs/local/lib/python3.10/dist-packages/cartographer_ros_msgs/msg/_landmark_entry.py
[36.279s] -- Symlinking: /home/yahboom/5550_ros2_ws/install/cartographer_ros_msgs/local/lib/python3.10/dist-packages/cartographer_ros_msgs/msg/_landmark_entry_s.c
[36.289s] -- Symlinking: /home/yahboom/5550_ros2_ws/install/cartographer_ros_msgs/local/lib/python3.10/dist-packages/cartographer_ros_msgs/msg/_landmark_list.py
[36.296s] -- Symlinking: /home/yahboom/5550_ros2_ws/install/cartographer_ros_msgs/local/lib/python3.10/dist-packages/cartographer_ros_msgs/msg/_landmark_list_s.c
[36.305s] -- Symlinking: /home/yahboom/5550_ros2_ws/install/cartographer_ros_msgs/local/lib/python3.10/dist-packages/cartographer_ros_msgs/msg/_metric.py
[36.313s] -- Symlinking: /home/yahboom/5550_ros2_ws/install/cartographer_ros_msgs/local/lib/python3.10/dist-packages/cartographer_ros_msgs/msg/_metric_family.py
[36.322s] -- Symlinking: /home/yahboom/5550_ros2_ws/install/cartographer_ros_msgs/local/lib/python3.10/dist-packages/cartographer_ros_msgs/msg/_metric_family_s.c
[36.330s] -- Symlinking: /home/yahboom/5550_ros2_ws/install/cartographer_ros_msgs/local/lib/python3.10/dist-packages/cartographer_ros_msgs/msg/_metric_label.py
[36.338s] -- Symlinking: /home/yahboom/5550_ros2_ws/install/cartographer_ros_msgs/local/lib/python3.10/dist-packages/cartographer_ros_msgs/msg/_metric_label_s.c
[36.348s] -- Symlinking: /home/yahboom/5550_ros2_ws/install/cartographer_ros_msgs/local/lib/python3.10/dist-packages/cartographer_ros_msgs/msg/_metric_s.c
[36.356s] -- Symlinking: /home/yahboom/5550_ros2_ws/install/cartographer_ros_msgs/local/lib/python3.10/dist-packages/cartographer_ros_msgs/msg/_status_code.py
[36.364s] -- Symlinking: /home/yahboom/5550_ros2_ws/install/cartographer_ros_msgs/local/lib/python3.10/dist-packages/cartographer_ros_msgs/msg/_status_code_s.c
[36.372s] -- Symlinking: /home/yahboom/5550_ros2_ws/install/cartographer_ros_msgs/local/lib/python3.10/dist-packages/cartographer_ros_msgs/msg/_status_response.py
[36.379s] -- Symlinking: /home/yahboom/5550_ros2_ws/install/cartographer_ros_msgs/local/lib/python3.10/dist-packages/cartographer_ros_msgs/msg/_status_response_s.c
[36.387s] -- Symlinking: /home/yahboom/5550_ros2_ws/install/cartographer_ros_msgs/local/lib/python3.10/dist-packages/cartographer_ros_msgs/msg/_submap_entry.py
[36.396s] -- Symlinking: /home/yahboom/5550_ros2_ws/install/cartographer_ros_msgs/local/lib/python3.10/dist-packages/cartographer_ros_msgs/msg/_submap_entry_s.c
[36.403s] -- Symlinking: /home/yahboom/5550_ros2_ws/install/cartographer_ros_msgs/local/lib/python3.10/dist-packages/cartographer_ros_msgs/msg/_submap_list.py
[36.411s] -- Symlinking: /home/yahboom/5550_ros2_ws/install/cartographer_ros_msgs/local/lib/python3.10/dist-packages/cartographer_ros_msgs/msg/_submap_list_s.c
[36.425s] -- Symlinking: /home/yahboom/5550_ros2_ws/install/cartographer_ros_msgs/local/lib/python3.10/dist-packages/cartographer_ros_msgs/msg/_submap_texture.py
[36.448s] -- Symlinking: /home/yahboom/5550_ros2_ws/install/cartographer_ros_msgs/local/lib/python3.10/dist-packages/cartographer_ros_msgs/msg/_submap_texture_s.c
[36.459s] -- Symlinking: /home/yahboom/5550_ros2_ws/install/cartographer_ros_msgs/local/lib/python3.10/dist-packages/cartographer_ros_msgs/msg/_trajectory_states.py
[36.476s] -- Symlinking: /home/yahboom/5550_ros2_ws/install/cartographer_ros_msgs/local/lib/python3.10/dist-packages/cartographer_ros_msgs/msg/_trajectory_states_s.c
[36.492s] -- Symlinking: /home/yahboom/5550_ros2_ws/install/cartographer_ros_msgs/local/lib/python3.10/dist-packages/cartographer_ros_msgs/srv/__init__.py
[36.508s] -- Symlinking: /home/yahboom/5550_ros2_ws/install/cartographer_ros_msgs/local/lib/python3.10/dist-packages/cartographer_ros_msgs/srv/_finish_trajectory.py
[36.533s] -- Symlinking: /home/yahboom/5550_ros2_ws/install/cartographer_ros_msgs/local/lib/python3.10/dist-packages/cartographer_ros_msgs/srv/_finish_trajectory_s.c
[36.545s] -- Symlinking: /home/yahboom/5550_ros2_ws/install/cartographer_ros_msgs/local/lib/python3.10/dist-packages/cartographer_ros_msgs/srv/_get_trajectory_states.py
[36.559s] -- Symlinking: /home/yahboom/5550_ros2_ws/install/cartographer_ros_msgs/local/lib/python3.10/dist-packages/cartographer_ros_msgs/srv/_get_trajectory_states_s.c
[36.575s] -- Symlinking: /home/yahboom/5550_ros2_ws/install/cartographer_ros_msgs/local/lib/python3.10/dist-packages/cartographer_ros_msgs/srv/_read_metrics.py
[36.592s] -- Symlinking: /home/yahboom/5550_ros2_ws/install/cartographer_ros_msgs/local/lib/python3.10/dist-packages/cartographer_ros_msgs/srv/_read_metrics_s.c
[36.607s] -- Symlinking: /home/yahboom/5550_ros2_ws/install/cartographer_ros_msgs/local/lib/python3.10/dist-packages/cartographer_ros_msgs/srv/_start_trajectory.py
[36.623s] -- Symlinking: /home/yahboom/5550_ros2_ws/install/cartographer_ros_msgs/local/lib/python3.10/dist-packages/cartographer_ros_msgs/srv/_start_trajectory_s.c
[36.642s] -- Symlinking: /home/yahboom/5550_ros2_ws/install/cartographer_ros_msgs/local/lib/python3.10/dist-packages/cartographer_ros_msgs/srv/_submap_query.py
[36.658s] -- Symlinking: /home/yahboom/5550_ros2_ws/install/cartographer_ros_msgs/local/lib/python3.10/dist-packages/cartographer_ros_msgs/srv/_submap_query_s.c
[36.674s] -- Symlinking: /home/yahboom/5550_ros2_ws/install/cartographer_ros_msgs/local/lib/python3.10/dist-packages/cartographer_ros_msgs/srv/_trajectory_query.py
[36.693s] -- Symlinking: /home/yahboom/5550_ros2_ws/install/cartographer_ros_msgs/local/lib/python3.10/dist-packages/cartographer_ros_msgs/srv/_trajectory_query_s.c
[36.707s] -- Symlinking: /home/yahboom/5550_ros2_ws/install/cartographer_ros_msgs/local/lib/python3.10/dist-packages/cartographer_ros_msgs/srv/_write_state.py
[36.721s] -- Symlinking: /home/yahboom/5550_ros2_ws/install/cartographer_ros_msgs/local/lib/python3.10/dist-packages/cartographer_ros_msgs/srv/_write_state_s.c
[36.736s] -- Up-to-date symlink: /home/yahboom/5550_ros2_ws/install/cartographer_ros_msgs/local/lib/python3.10/dist-packages/cartographer_ros_msgs/cartographer_ros_msgs_s__rosidl_typesupport_fastrtps_c.cpython-310-x86_64-linux-gnu.so
[36.736s] -- Up-to-date symlink: /home/yahboom/5550_ros2_ws/install/cartographer_ros_msgs/local/lib/python3.10/dist-packages/cartographer_ros_msgs/cartographer_ros_msgs_s__rosidl_typesupport_introspection_c.cpython-310-x86_64-linux-gnu.so
[36.736s] -- Up-to-date symlink: /home/yahboom/5550_ros2_ws/install/cartographer_ros_msgs/local/lib/python3.10/dist-packages/cartographer_ros_msgs/cartographer_ros_msgs_s__rosidl_typesupport_c.cpython-310-x86_64-linux-gnu.so
[36.736s] -- Symlinking: /home/yahboom/5550_ros2_ws/install/cartographer_ros_msgs/share/cartographer_ros_msgs/msg/BagfileProgress.idl
[36.755s] -- Symlinking: /home/yahboom/5550_ros2_ws/install/cartographer_ros_msgs/share/cartographer_ros_msgs/msg/HistogramBucket.idl
[36.773s] -- Symlinking: /home/yahboom/5550_ros2_ws/install/cartographer_ros_msgs/share/cartographer_ros_msgs/msg/LandmarkEntry.idl
[36.788s] -- Symlinking: /home/yahboom/5550_ros2_ws/install/cartographer_ros_msgs/share/cartographer_ros_msgs/msg/LandmarkList.idl
[36.805s] -- Symlinking: /home/yahboom/5550_ros2_ws/install/cartographer_ros_msgs/share/cartographer_ros_msgs/msg/MetricFamily.idl
[36.821s] -- Symlinking: /home/yahboom/5550_ros2_ws/install/cartographer_ros_msgs/share/cartographer_ros_msgs/msg/MetricLabel.idl
[36.833s] -- Symlinking: /home/yahboom/5550_ros2_ws/install/cartographer_ros_msgs/share/cartographer_ros_msgs/msg/Metric.idl
[36.849s] -- Symlinking: /home/yahboom/5550_ros2_ws/install/cartographer_ros_msgs/share/cartographer_ros_msgs/msg/StatusCode.idl
[36.868s] -- Symlinking: /home/yahboom/5550_ros2_ws/install/cartographer_ros_msgs/share/cartographer_ros_msgs/msg/StatusResponse.idl
[36.888s] -- Symlinking: /home/yahboom/5550_ros2_ws/install/cartographer_ros_msgs/share/cartographer_ros_msgs/msg/SubmapEntry.idl
[36.898s] -- Symlinking: /home/yahboom/5550_ros2_ws/install/cartographer_ros_msgs/share/cartographer_ros_msgs/msg/SubmapList.idl
[36.909s] -- Symlinking: /home/yahboom/5550_ros2_ws/install/cartographer_ros_msgs/share/cartographer_ros_msgs/msg/SubmapTexture.idl
[36.921s] -- Symlinking: /home/yahboom/5550_ros2_ws/install/cartographer_ros_msgs/share/cartographer_ros_msgs/msg/TrajectoryStates.idl
[36.932s] -- Symlinking: /home/yahboom/5550_ros2_ws/install/cartographer_ros_msgs/share/cartographer_ros_msgs/srv/FinishTrajectory.idl
[36.949s] -- Symlinking: /home/yahboom/5550_ros2_ws/install/cartographer_ros_msgs/share/cartographer_ros_msgs/srv/GetTrajectoryStates.idl
[36.967s] -- Symlinking: /home/yahboom/5550_ros2_ws/install/cartographer_ros_msgs/share/cartographer_ros_msgs/srv/ReadMetrics.idl
[36.982s] -- Symlinking: /home/yahboom/5550_ros2_ws/install/cartographer_ros_msgs/share/cartographer_ros_msgs/srv/StartTrajectory.idl
[36.998s] -- Symlinking: /home/yahboom/5550_ros2_ws/install/cartographer_ros_msgs/share/cartographer_ros_msgs/srv/TrajectoryQuery.idl
[37.015s] -- Symlinking: /home/yahboom/5550_ros2_ws/install/cartographer_ros_msgs/share/cartographer_ros_msgs/srv/SubmapQuery.idl
[37.032s] -- Symlinking: /home/yahboom/5550_ros2_ws/install/cartographer_ros_msgs/share/cartographer_ros_msgs/srv/WriteState.idl
[37.051s] -- Symlinking: /home/yahboom/5550_ros2_ws/install/cartographer_ros_msgs/share/cartographer_ros_msgs/msg/BagfileProgress.msg
[37.067s] -- Symlinking: /home/yahboom/5550_ros2_ws/install/cartographer_ros_msgs/share/cartographer_ros_msgs/msg/HistogramBucket.msg
[37.085s] -- Symlinking: /home/yahboom/5550_ros2_ws/install/cartographer_ros_msgs/share/cartographer_ros_msgs/msg/LandmarkEntry.msg
[37.105s] -- Symlinking: /home/yahboom/5550_ros2_ws/install/cartographer_ros_msgs/share/cartographer_ros_msgs/msg/LandmarkList.msg
[37.122s] -- Symlinking: /home/yahboom/5550_ros2_ws/install/cartographer_ros_msgs/share/cartographer_ros_msgs/msg/MetricFamily.msg
[37.141s] -- Symlinking: /home/yahboom/5550_ros2_ws/install/cartographer_ros_msgs/share/cartographer_ros_msgs/msg/MetricLabel.msg
[37.159s] -- Symlinking: /home/yahboom/5550_ros2_ws/install/cartographer_ros_msgs/share/cartographer_ros_msgs/msg/Metric.msg
[37.174s] -- Symlinking: /home/yahboom/5550_ros2_ws/install/cartographer_ros_msgs/share/cartographer_ros_msgs/msg/StatusCode.msg
[37.189s] -- Symlinking: /home/yahboom/5550_ros2_ws/install/cartographer_ros_msgs/share/cartographer_ros_msgs/msg/StatusResponse.msg
[37.205s] -- Symlinking: /home/yahboom/5550_ros2_ws/install/cartographer_ros_msgs/share/cartographer_ros_msgs/msg/SubmapEntry.msg
[37.225s] -- Symlinking: /home/yahboom/5550_ros2_ws/install/cartographer_ros_msgs/share/cartographer_ros_msgs/msg/SubmapList.msg
[37.241s] -- Symlinking: /home/yahboom/5550_ros2_ws/install/cartographer_ros_msgs/share/cartographer_ros_msgs/msg/SubmapTexture.msg
[37.255s] -- Symlinking: /home/yahboom/5550_ros2_ws/install/cartographer_ros_msgs/share/cartographer_ros_msgs/msg/TrajectoryStates.msg
[37.271s] -- Symlinking: /home/yahboom/5550_ros2_ws/install/cartographer_ros_msgs/share/cartographer_ros_msgs/srv/FinishTrajectory.srv
[37.289s] -- Symlinking: /home/yahboom/5550_ros2_ws/install/cartographer_ros_msgs/share/cartographer_ros_msgs/srv/FinishTrajectory_Request.msg
[37.307s] -- Symlinking: /home/yahboom/5550_ros2_ws/install/cartographer_ros_msgs/share/cartographer_ros_msgs/srv/FinishTrajectory_Response.msg
[37.323s] -- Symlinking: /home/yahboom/5550_ros2_ws/install/cartographer_ros_msgs/share/cartographer_ros_msgs/srv/GetTrajectoryStates.srv
[37.337s] -- Symlinking: /home/yahboom/5550_ros2_ws/install/cartographer_ros_msgs/share/cartographer_ros_msgs/srv/GetTrajectoryStates_Request.msg
[37.354s] -- Symlinking: /home/yahboom/5550_ros2_ws/install/cartographer_ros_msgs/share/cartographer_ros_msgs/srv/GetTrajectoryStates_Response.msg
[37.368s] -- Symlinking: /home/yahboom/5550_ros2_ws/install/cartographer_ros_msgs/share/cartographer_ros_msgs/srv/ReadMetrics.srv
[37.384s] -- Symlinking: /home/yahboom/5550_ros2_ws/install/cartographer_ros_msgs/share/cartographer_ros_msgs/srv/ReadMetrics_Request.msg
[37.400s] -- Symlinking: /home/yahboom/5550_ros2_ws/install/cartographer_ros_msgs/share/cartographer_ros_msgs/srv/ReadMetrics_Response.msg
[37.418s] -- Symlinking: /home/yahboom/5550_ros2_ws/install/cartographer_ros_msgs/share/cartographer_ros_msgs/srv/StartTrajectory.srv
[37.434s] -- Symlinking: /home/yahboom/5550_ros2_ws/install/cartographer_ros_msgs/share/cartographer_ros_msgs/srv/StartTrajectory_Request.msg
[37.451s] -- Symlinking: /home/yahboom/5550_ros2_ws/install/cartographer_ros_msgs/share/cartographer_ros_msgs/srv/StartTrajectory_Response.msg
[37.468s] -- Symlinking: /home/yahboom/5550_ros2_ws/install/cartographer_ros_msgs/share/cartographer_ros_msgs/srv/TrajectoryQuery.srv
[37.484s] -- Symlinking: /home/yahboom/5550_ros2_ws/install/cartographer_ros_msgs/share/cartographer_ros_msgs/srv/TrajectoryQuery_Request.msg
[37.501s] -- Symlinking: /home/yahboom/5550_ros2_ws/install/cartographer_ros_msgs/share/cartographer_ros_msgs/srv/TrajectoryQuery_Response.msg
[37.517s] -- Symlinking: /home/yahboom/5550_ros2_ws/install/cartographer_ros_msgs/share/cartographer_ros_msgs/srv/SubmapQuery.srv
[37.533s] -- Symlinking: /home/yahboom/5550_ros2_ws/install/cartographer_ros_msgs/share/cartographer_ros_msgs/srv/SubmapQuery_Request.msg
[37.551s] -- Symlinking: /home/yahboom/5550_ros2_ws/install/cartographer_ros_msgs/share/cartographer_ros_msgs/srv/SubmapQuery_Response.msg
[37.569s] -- Symlinking: /home/yahboom/5550_ros2_ws/install/cartographer_ros_msgs/share/cartographer_ros_msgs/srv/WriteState.srv
[37.583s] -- Symlinking: /home/yahboom/5550_ros2_ws/install/cartographer_ros_msgs/share/cartographer_ros_msgs/srv/WriteState_Request.msg
[37.600s] -- Symlinking: /home/yahboom/5550_ros2_ws/install/cartographer_ros_msgs/share/cartographer_ros_msgs/srv/WriteState_Response.msg
[37.617s] -- Symlinking: /home/yahboom/5550_ros2_ws/install/cartographer_ros_msgs/share/ament_index/resource_index/package_run_dependencies/cartographer_ros_msgs
[37.630s] -- Symlinking: /home/yahboom/5550_ros2_ws/install/cartographer_ros_msgs/share/ament_index/resource_index/parent_prefix_path/cartographer_ros_msgs
[37.638s] -- Symlinking: /home/yahboom/5550_ros2_ws/install/cartographer_ros_msgs/share/cartographer_ros_msgs/environment/ament_prefix_path.sh
[37.646s] -- Symlinking: /home/yahboom/5550_ros2_ws/install/cartographer_ros_msgs/share/cartographer_ros_msgs/environment/ament_prefix_path.dsv
[37.654s] -- Symlinking: /home/yahboom/5550_ros2_ws/install/cartographer_ros_msgs/share/cartographer_ros_msgs/environment/path.sh
[37.662s] -- Symlinking: /home/yahboom/5550_ros2_ws/install/cartographer_ros_msgs/share/cartographer_ros_msgs/environment/path.dsv
[37.673s] -- Symlinking: /home/yahboom/5550_ros2_ws/install/cartographer_ros_msgs/share/cartographer_ros_msgs/local_setup.bash
[37.678s] -- Symlinking: /home/yahboom/5550_ros2_ws/install/cartographer_ros_msgs/share/cartographer_ros_msgs/local_setup.sh
[37.686s] -- Symlinking: /home/yahboom/5550_ros2_ws/install/cartographer_ros_msgs/share/cartographer_ros_msgs/local_setup.zsh
[37.694s] -- Symlinking: /home/yahboom/5550_ros2_ws/install/cartographer_ros_msgs/share/cartographer_ros_msgs/local_setup.dsv
[37.702s] -- Symlinking: /home/yahboom/5550_ros2_ws/install/cartographer_ros_msgs/share/cartographer_ros_msgs/package.dsv
[37.710s] -- Symlinking: /home/yahboom/5550_ros2_ws/install/cartographer_ros_msgs/share/ament_index/resource_index/packages/cartographer_ros_msgs
[37.721s] -- Symlinking: /home/yahboom/5550_ros2_ws/install/cartographer_ros_msgs/share/cartographer_ros_msgs/cmake/rosidl_cmake-extras.cmake
[37.726s] -- Symlinking: /home/yahboom/5550_ros2_ws/install/cartographer_ros_msgs/share/cartographer_ros_msgs/cmake/ament_cmake_export_dependencies-extras.cmake
[37.735s] -- Symlinking: /home/yahboom/5550_ros2_ws/install/cartographer_ros_msgs/share/cartographer_ros_msgs/cmake/ament_cmake_export_include_directories-extras.cmake
[37.743s] -- Symlinking: /home/yahboom/5550_ros2_ws/install/cartographer_ros_msgs/share/cartographer_ros_msgs/cmake/ament_cmake_export_libraries-extras.cmake
[37.751s] -- Symlinking: /home/yahboom/5550_ros2_ws/install/cartographer_ros_msgs/share/cartographer_ros_msgs/cmake/ament_cmake_export_targets-extras.cmake
[37.758s] -- Symlinking: /home/yahboom/5550_ros2_ws/install/cartographer_ros_msgs/share/cartographer_ros_msgs/cmake/rosidl_cmake_export_typesupport_targets-extras.cmake
[37.766s] -- Symlinking: /home/yahboom/5550_ros2_ws/install/cartographer_ros_msgs/share/cartographer_ros_msgs/cmake/rosidl_cmake_export_typesupport_libraries-extras.cmake
[37.774s] -- Symlinking: /home/yahboom/5550_ros2_ws/install/cartographer_ros_msgs/share/cartographer_ros_msgs/cmake/cartographer_ros_msgsConfig.cmake
[37.782s] -- Symlinking: /home/yahboom/5550_ros2_ws/install/cartographer_ros_msgs/share/cartographer_ros_msgs/cmake/cartographer_ros_msgsConfig-version.cmake
[37.790s] -- Symlinking: /home/yahboom/5550_ros2_ws/install/cartographer_ros_msgs/share/cartographer_ros_msgs/package.xml
[37.799s] -- Installing: /home/yahboom/5550_ros2_ws/install/cartographer_ros_msgs/lib/libcartographer_ros_msgs__rosidl_generator_c.so
[37.799s] -- Set runtime path of "/home/yahboom/5550_ros2_ws/install/cartographer_ros_msgs/lib/libcartographer_ros_msgs__rosidl_generator_c.so" to ""
[37.799s] -- Installing: /home/yahboom/5550_ros2_ws/install/cartographer_ros_msgs/lib/libcartographer_ros_msgs__rosidl_typesupport_fastrtps_c.so
[37.799s] -- Set runtime path of "/home/yahboom/5550_ros2_ws/install/cartographer_ros_msgs/lib/libcartographer_ros_msgs__rosidl_typesupport_fastrtps_c.so" to ""
[37.799s] -- Installing: /home/yahboom/5550_ros2_ws/install/cartographer_ros_msgs/lib/libcartographer_ros_msgs__rosidl_typesupport_introspection_c.so
[37.800s] -- Set runtime path of "/home/yahboom/5550_ros2_ws/install/cartographer_ros_msgs/lib/libcartographer_ros_msgs__rosidl_typesupport_introspection_c.so" to ""
[37.800s] -- Installing: /home/yahboom/5550_ros2_ws/install/cartographer_ros_msgs/lib/libcartographer_ros_msgs__rosidl_typesupport_c.so
[37.800s] -- Set runtime path of "/home/yahboom/5550_ros2_ws/install/cartographer_ros_msgs/lib/libcartographer_ros_msgs__rosidl_typesupport_c.so" to ""
[37.800s] -- Installing: /home/yahboom/5550_ros2_ws/install/cartographer_ros_msgs/lib/libcartographer_ros_msgs__rosidl_typesupport_fastrtps_cpp.so
[37.801s] -- Set runtime path of "/home/yahboom/5550_ros2_ws/install/cartographer_ros_msgs/lib/libcartographer_ros_msgs__rosidl_typesupport_fastrtps_cpp.so" to ""
[37.801s] -- Installing: /home/yahboom/5550_ros2_ws/install/cartographer_ros_msgs/lib/libcartographer_ros_msgs__rosidl_typesupport_introspection_cpp.so
[37.802s] -- Set runtime path of "/home/yahboom/5550_ros2_ws/install/cartographer_ros_msgs/lib/libcartographer_ros_msgs__rosidl_typesupport_introspection_cpp.so" to ""
[37.802s] -- Installing: /home/yahboom/5550_ros2_ws/install/cartographer_ros_msgs/lib/libcartographer_ros_msgs__rosidl_typesupport_cpp.so
[37.803s] -- Set runtime path of "/home/yahboom/5550_ros2_ws/install/cartographer_ros_msgs/lib/libcartographer_ros_msgs__rosidl_typesupport_cpp.so" to ""
[37.909s] Listing '/home/yahboom/5550_ros2_ws/install/cartographer_ros_msgs/local/lib/python3.10/dist-packages/cartographer_ros_msgs'...
[37.909s] Compiling '/home/yahboom/5550_ros2_ws/install/cartographer_ros_msgs/local/lib/python3.10/dist-packages/cartographer_ros_msgs/__init__.py'...
[37.909s] Listing '/home/yahboom/5550_ros2_ws/install/cartographer_ros_msgs/local/lib/python3.10/dist-packages/cartographer_ros_msgs/msg'...
[37.909s] Compiling '/home/yahboom/5550_ros2_ws/install/cartographer_ros_msgs/local/lib/python3.10/dist-packages/cartographer_ros_msgs/msg/__init__.py'...
[37.909s] Compiling '/home/yahboom/5550_ros2_ws/install/cartographer_ros_msgs/local/lib/python3.10/dist-packages/cartographer_ros_msgs/msg/_bagfile_progress.py'...
[37.909s] Compiling '/home/yahboom/5550_ros2_ws/install/cartographer_ros_msgs/local/lib/python3.10/dist-packages/cartographer_ros_msgs/msg/_histogram_bucket.py'...
[37.909s] Compiling '/home/yahboom/5550_ros2_ws/install/cartographer_ros_msgs/local/lib/python3.10/dist-packages/cartographer_ros_msgs/msg/_landmark_entry.py'...
[37.909s] Compiling '/home/yahboom/5550_ros2_ws/install/cartographer_ros_msgs/local/lib/python3.10/dist-packages/cartographer_ros_msgs/msg/_landmark_list.py'...
[37.910s] Compiling '/home/yahboom/5550_ros2_ws/install/cartographer_ros_msgs/local/lib/python3.10/dist-packages/cartographer_ros_msgs/msg/_metric.py'...
[37.910s] Compiling '/home/yahboom/5550_ros2_ws/install/cartographer_ros_msgs/local/lib/python3.10/dist-packages/cartographer_ros_msgs/msg/_metric_family.py'...
[37.910s] Compiling '/home/yahboom/5550_ros2_ws/install/cartographer_ros_msgs/local/lib/python3.10/dist-packages/cartographer_ros_msgs/msg/_metric_label.py'...
[37.910s] Compiling '/home/yahboom/5550_ros2_ws/install/cartographer_ros_msgs/local/lib/python3.10/dist-packages/cartographer_ros_msgs/msg/_status_code.py'...
[37.910s] Compiling '/home/yahboom/5550_ros2_ws/install/cartographer_ros_msgs/local/lib/python3.10/dist-packages/cartographer_ros_msgs/msg/_status_response.py'...
[37.910s] Compiling '/home/yahboom/5550_ros2_ws/install/cartographer_ros_msgs/local/lib/python3.10/dist-packages/cartographer_ros_msgs/msg/_submap_entry.py'...
[37.910s] Compiling '/home/yahboom/5550_ros2_ws/install/cartographer_ros_msgs/local/lib/python3.10/dist-packages/cartographer_ros_msgs/msg/_submap_list.py'...
[37.910s] Compiling '/home/yahboom/5550_ros2_ws/install/cartographer_ros_msgs/local/lib/python3.10/dist-packages/cartographer_ros_msgs/msg/_submap_texture.py'...
[37.910s] Compiling '/home/yahboom/5550_ros2_ws/install/cartographer_ros_msgs/local/lib/python3.10/dist-packages/cartographer_ros_msgs/msg/_trajectory_states.py'...
[37.910s] Listing '/home/yahboom/5550_ros2_ws/install/cartographer_ros_msgs/local/lib/python3.10/dist-packages/cartographer_ros_msgs/srv'...
[37.910s] Compiling '/home/yahboom/5550_ros2_ws/install/cartographer_ros_msgs/local/lib/python3.10/dist-packages/cartographer_ros_msgs/srv/__init__.py'...
[37.910s] Compiling '/home/yahboom/5550_ros2_ws/install/cartographer_ros_msgs/local/lib/python3.10/dist-packages/cartographer_ros_msgs/srv/_finish_trajectory.py'...
[37.910s] Compiling '/home/yahboom/5550_ros2_ws/install/cartographer_ros_msgs/local/lib/python3.10/dist-packages/cartographer_ros_msgs/srv/_get_trajectory_states.py'...
[37.910s] Compiling '/home/yahboom/5550_ros2_ws/install/cartographer_ros_msgs/local/lib/python3.10/dist-packages/cartographer_ros_msgs/srv/_read_metrics.py'...
[37.910s] Compiling '/home/yahboom/5550_ros2_ws/install/cartographer_ros_msgs/local/lib/python3.10/dist-packages/cartographer_ros_msgs/srv/_start_trajectory.py'...
[37.910s] Compiling '/home/yahboom/5550_ros2_ws/install/cartographer_ros_msgs/local/lib/python3.10/dist-packages/cartographer_ros_msgs/srv/_submap_query.py'...
[37.912s] Compiling '/home/yahboom/5550_ros2_ws/install/cartographer_ros_msgs/local/lib/python3.10/dist-packages/cartographer_ros_msgs/srv/_trajectory_query.py'...
[37.913s] Compiling '/home/yahboom/5550_ros2_ws/install/cartographer_ros_msgs/local/lib/python3.10/dist-packages/cartographer_ros_msgs/srv/_write_state.py'...
[37.919s] -- Installing: /home/yahboom/5550_ros2_ws/install/cartographer_ros_msgs/lib/libcartographer_ros_msgs__rosidl_generator_py.so
[37.925s] -- Set runtime path of "/home/yahboom/5550_ros2_ws/install/cartographer_ros_msgs/lib/libcartographer_ros_msgs__rosidl_generator_py.so" to ""
[37.926s] -- Installing: /home/yahboom/5550_ros2_ws/install/cartographer_ros_msgs/share/cartographer_ros_msgs/cmake/export_cartographer_ros_msgs__rosidl_generator_cExport.cmake
[37.926s] -- Installing: /home/yahboom/5550_ros2_ws/install/cartographer_ros_msgs/share/cartographer_ros_msgs/cmake/export_cartographer_ros_msgs__rosidl_generator_cExport-noconfig.cmake
[37.926s] -- Installing: /home/yahboom/5550_ros2_ws/install/cartographer_ros_msgs/share/cartographer_ros_msgs/cmake/export_cartographer_ros_msgs__rosidl_typesupport_fastrtps_cExport.cmake
[37.926s] -- Installing: /home/yahboom/5550_ros2_ws/install/cartographer_ros_msgs/share/cartographer_ros_msgs/cmake/export_cartographer_ros_msgs__rosidl_typesupport_fastrtps_cExport-noconfig.cmake
[37.926s] -- Installing: /home/yahboom/5550_ros2_ws/install/cartographer_ros_msgs/share/cartographer_ros_msgs/cmake/cartographer_ros_msgs__rosidl_typesupport_introspection_cExport.cmake
[37.926s] -- Installing: /home/yahboom/5550_ros2_ws/install/cartographer_ros_msgs/share/cartographer_ros_msgs/cmake/cartographer_ros_msgs__rosidl_typesupport_introspection_cExport-noconfig.cmake
[37.926s] -- Installing: /home/yahboom/5550_ros2_ws/install/cartographer_ros_msgs/share/cartographer_ros_msgs/cmake/cartographer_ros_msgs__rosidl_typesupport_cExport.cmake
[37.926s] -- Installing: /home/yahboom/5550_ros2_ws/install/cartographer_ros_msgs/share/cartographer_ros_msgs/cmake/cartographer_ros_msgs__rosidl_typesupport_cExport-noconfig.cmake
[37.926s] -- Installing: /home/yahboom/5550_ros2_ws/install/cartographer_ros_msgs/share/cartographer_ros_msgs/cmake/export_cartographer_ros_msgs__rosidl_generator_cppExport.cmake
[37.926s] -- Installing: /home/yahboom/5550_ros2_ws/install/cartographer_ros_msgs/share/cartographer_ros_msgs/cmake/export_cartographer_ros_msgs__rosidl_typesupport_fastrtps_cppExport.cmake
[37.926s] -- Installing: /home/yahboom/5550_ros2_ws/install/cartographer_ros_msgs/share/cartographer_ros_msgs/cmake/export_cartographer_ros_msgs__rosidl_typesupport_fastrtps_cppExport-noconfig.cmake
[37.926s] -- Installing: /home/yahboom/5550_ros2_ws/install/cartographer_ros_msgs/share/cartographer_ros_msgs/cmake/cartographer_ros_msgs__rosidl_typesupport_introspection_cppExport.cmake
[37.926s] -- Installing: /home/yahboom/5550_ros2_ws/install/cartographer_ros_msgs/share/cartographer_ros_msgs/cmake/cartographer_ros_msgs__rosidl_typesupport_introspection_cppExport-noconfig.cmake
[37.926s] -- Installing: /home/yahboom/5550_ros2_ws/install/cartographer_ros_msgs/share/cartographer_ros_msgs/cmake/cartographer_ros_msgs__rosidl_typesupport_cppExport.cmake
[37.926s] -- Installing: /home/yahboom/5550_ros2_ws/install/cartographer_ros_msgs/share/cartographer_ros_msgs/cmake/cartographer_ros_msgs__rosidl_typesupport_cppExport-noconfig.cmake
[37.926s] -- Installing: /home/yahboom/5550_ros2_ws/install/cartographer_ros_msgs/share/cartographer_ros_msgs/cmake/export_cartographer_ros_msgs__rosidl_generator_pyExport.cmake
[37.926s] -- Installing: /home/yahboom/5550_ros2_ws/install/cartographer_ros_msgs/share/cartographer_ros_msgs/cmake/export_cartographer_ros_msgs__rosidl_generator_pyExport-noconfig.cmake
[37.929s] Invoked command in '/home/yahboom/5550_ros2_ws/build/cartographer_ros_msgs' returned '0': CMAKE_PREFIX_PATH=${CMAKE_PREFIX_PATH}:/home/yahboom/5550_ros2_ws/install/drone_description:/opt/ros/humble /usr/bin/cmake --install /home/yahboom/5550_ros2_ws/build/cartographer_ros_msgs
