[0.000000] (-) TimerEvent: {}
[0.000439] (cartographer) JobQueued: {'identifier': 'cartographer', 'dependencies': OrderedDict()}
[0.000460] (cartographer_ros_msgs) JobQueued: {'identifier': 'cartographer_ros_msgs', 'dependencies': OrderedDict()}
[0.000474] (drone_description) JobQueued: {'identifier': 'drone_description', 'dependencies': OrderedDict()}
[0.000486] (example_cpp) JobQueued: {'identifier': 'example_cpp', 'dependencies': OrderedDict()}
[0.000497] (cartographer_ros) JobQueued: {'identifier': 'cartographer_ros', 'dependencies': OrderedDict([('cartographer', '/home/yahboom/5550_ros2_ws/install/cartographer'), ('cartographer_ros_msgs', '/home/yahboom/5550_ros2_ws/install/cartographer_ros_msgs')])}
[0.000512] (cartographer_rviz) JobQueued: {'identifier': 'cartographer_rviz', 'dependencies': OrderedDict([('cartographer', '/home/yahboom/5550_ros2_ws/install/cartographer'), ('cartographer_ros_msgs', '/home/yahboom/5550_ros2_ws/install/cartographer_ros_msgs'), ('cartographer_ros', '/home/yahboom/5550_ros2_ws/install/cartographer_ros')])}
[0.000526] (cartographer) JobStarted: {'identifier': 'cartographer'}
[0.011327] (cartographer_ros_msgs) JobStarted: {'identifier': 'cartographer_ros_msgs'}
[0.014759] (drone_description) JobStarted: {'identifier': 'drone_description'}
[0.019923] (example_cpp) JobStarted: {'identifier': 'example_cpp'}
[0.024642] (cartographer) JobProgress: {'identifier': 'cartographer', 'progress': 'cmake'}
[0.024862] (cartographer) Command: {'cmd': ['/usr/bin/cmake', '/home/yahboom/5550_ros2_ws/src/cartographer', '-DCMAKE_INSTALL_PREFIX=/home/yahboom/5550_ros2_ws/install/cartographer'], 'cwd': '/home/yahboom/5550_ros2_ws/build/cartographer', 'env': OrderedDict([('LESSOPEN', '| /usr/bin/lesspipe %s'), ('USER', 'yahboom'), ('LC_TIME', 'en_AU.UTF-8'), ('XDG_SESSION_TYPE', 'wayland'), ('SHLVL', '1'), ('LD_LIBRARY_PATH', '/home/yahboom/5550_ros2_ws/install/cartographer_ros_msgs/lib:/home/yahboom/yahboomcar_ws/install/openslam_gmapping/lib:/usr/lib/x86_64-linux-gnu/gazebo-11/plugins:/opt/ros/humble/opt/rviz_ogre_vendor/lib:/opt/ros/humble/lib/x86_64-linux-gnu:/opt/ros/humble/lib'), ('HOME', '/home/yahboom'), ('OLDPWD', '/home/yahboom/5550_ros2_ws/src'), ('DESKTOP_SESSION', 'ubuntu'), ('ROS_PYTHON_VERSION', '3'), ('GNOME_SHELL_SESSION_MODE', 'ubuntu'), ('GTK_MODULES', 'gail:atk-bridge'), ('LC_MONETARY', 'en_AU.UTF-8'), ('DBUS_STARTER_BUS_TYPE', 'session'), ('SYSTEMD_EXEC_PID', '1207'), ('DBUS_SESSION_BUS_ADDRESS', 'unix:path=/run/user/1000/bus,guid=3b63875a28f7ace014de708968a2af05'), ('COLORTERM', 'truecolor'), ('IM_CONFIG_PHASE', '1'), ('WAYLAND_DISPLAY', 'wayland-0'), ('COLCON_PREFIX_PATH', '/home/yahboom/5550_ros2_ws/install:/home/yahboom/yahboomcar_ws/install'), ('ROS_DISTRO', 'humble'), ('LOGNAME', 'yahboom'), ('_', '/usr/bin/colcon'), ('ROS_VERSION', '2'), ('PKG_CONFIG_PATH', '/home/yahboom/5550_ros2_ws/install/cartographer/lib/x86_64-linux-gnu/pkgconfig:/home/yahboom/5550_ros2_ws/install/cartographer/lib/pkgconfig'), ('XDG_SESSION_CLASS', 'user'), ('USERNAME', 'yahboom'), ('TERM', 'xterm-256color'), ('GNOME_DESKTOP_SESSION_ID', 'this-is-deprecated'), ('ROS_LOCALHOST_ONLY', '0'), ('PATH', '/home/yahboom/5550_ros2_ws/install/cartographer/bin:/opt/ros/humble/bin:/usr/local/sbin:/usr/local/bin:/usr/sbin:/usr/bin:/sbin:/bin:/usr/games:/usr/local/games:/snap/bin:/snap/bin'), ('SESSION_MANAGER', 'local/676rb16:@/tmp/.ICE-unix/1207,unix/676rb16:/tmp/.ICE-unix/1207'), ('PAPERSIZE', 'a4'), ('XDG_MENU_PREFIX', 'gnome-'), ('LC_ADDRESS', 'en_AU.UTF-8'), ('GNOME_TERMINAL_SCREEN', '/org/gnome/Terminal/screen/71ee0731_dd8d_4273_80ff_3f9e8885a6d0'), ('GNOME_SETUP_DISPLAY', ':1'), ('XDG_RUNTIME_DIR', '/run/user/1000'), ('DISPLAY', ':0'), ('LANG', 'en_US.UTF-8'), ('XDG_CURRENT_DESKTOP', 'ubuntu:GNOME'), ('LC_TELEPHONE', 'en_AU.UTF-8'), ('XMODIFIERS', '@im=ibus'), ('XDG_SESSION_DESKTOP', 'ubuntu'), ('XAUTHORITY', '/run/user/1000/.mutter-Xwaylandauth.PDBPB3'), ('LS_COLORS', 'rs=0:di=01;34:ln=01;36:mh=00:pi=40;33:so=01;35:do=01;35:bd=40;33;01:cd=40;33;01:or=40;31;01:mi=00:su=37;41:sg=30;43:ca=30;41:tw=30;42:ow=34;42:st=37;44:ex=01;32:*.tar=01;31:*.tgz=01;31:*.arc=01;31:*.arj=01;31:*.taz=01;31:*.lha=01;31:*.lz4=01;31:*.lzh=01;31:*.lzma=01;31:*.tlz=01;31:*.txz=01;31:*.tzo=01;31:*.t7z=01;31:*.zip=01;31:*.z=01;31:*.dz=01;31:*.gz=01;31:*.lrz=01;31:*.lz=01;31:*.lzo=01;31:*.xz=01;31:*.zst=01;31:*.tzst=01;31:*.bz2=01;31:*.bz=01;31:*.tbz=01;31:*.tbz2=01;31:*.tz=01;31:*.deb=01;31:*.rpm=01;31:*.jar=01;31:*.war=01;31:*.ear=01;31:*.sar=01;31:*.rar=01;31:*.alz=01;31:*.ace=01;31:*.zoo=01;31:*.cpio=01;31:*.7z=01;31:*.rz=01;31:*.cab=01;31:*.wim=01;31:*.swm=01;31:*.dwm=01;31:*.esd=01;31:*.jpg=01;35:*.jpeg=01;35:*.mjpg=01;35:*.mjpeg=01;35:*.gif=01;35:*.bmp=01;35:*.pbm=01;35:*.pgm=01;35:*.ppm=01;35:*.tga=01;35:*.xbm=01;35:*.xpm=01;35:*.tif=01;35:*.tiff=01;35:*.png=01;35:*.svg=01;35:*.svgz=01;35:*.mng=01;35:*.pcx=01;35:*.mov=01;35:*.mpg=01;35:*.mpeg=01;35:*.m2v=01;35:*.mkv=01;35:*.webm=01;35:*.webp=01;35:*.ogm=01;35:*.mp4=01;35:*.m4v=01;35:*.mp4v=01;35:*.vob=01;35:*.qt=01;35:*.nuv=01;35:*.wmv=01;35:*.asf=01;35:*.rm=01;35:*.rmvb=01;35:*.flc=01;35:*.avi=01;35:*.fli=01;35:*.flv=01;35:*.gl=01;35:*.dl=01;35:*.xcf=01;35:*.xwd=01;35:*.yuv=01;35:*.cgm=01;35:*.emf=01;35:*.ogv=01;35:*.ogx=01;35:*.aac=00;36:*.au=00;36:*.flac=00;36:*.m4a=00;36:*.mid=00;36:*.midi=00;36:*.mka=00;36:*.mp3=00;36:*.mpc=00;36:*.ogg=00;36:*.ra=00;36:*.wav=00;36:*.oga=00;36:*.opus=00;36:*.spx=00;36:*.xspf=00;36:'), ('GNOME_TERMINAL_SERVICE', ':1.134'), ('SSH_AGENT_LAUNCHER', 'gnome-keyring'), ('SSH_AUTH_SOCK', '/run/user/1000/keyring/ssh'), ('AMENT_PREFIX_PATH', '/home/yahboom/5550_ros2_ws/install/example_cpp:/home/yahboom/5550_ros2_ws/install/drone_description:/home/yahboom/5550_ros2_ws/install/cartographer_ros_msgs:/home/yahboom/yahboomcar_ws/install/ydlidar_ros2_driver:/home/yahboom/yahboomcar_ws/install/slam_gmapping:/home/yahboom/yahboomcar_ws/install/rf2o_laser_odometry:/home/yahboom/yahboomcar_ws/install/openslam_gmapping:/opt/ros/humble'), ('SHELL', '/bin/bash'), ('LC_NAME', 'en_AU.UTF-8'), ('QT_ACCESSIBILITY', '1'), ('GDMSESSION', 'ubuntu'), ('LESSCLOSE', '/usr/bin/lesspipe %s %s'), ('LC_MEASUREMENT', 'en_AU.UTF-8'), ('LC_IDENTIFICATION', 'en_AU.UTF-8'), ('QT_IM_MODULE', 'ibus'), ('PWD', '/home/yahboom/5550_ros2_ws/build/cartographer'), ('LC_ALL', 'en_US.UTF-8'), ('XDG_CONFIG_DIRS', '/etc/xdg/xdg-ubuntu:/etc/xdg'), ('DBUS_STARTER_ADDRESS', 'unix:path=/run/user/1000/bus,guid=3b63875a28f7ace014de708968a2af05'), ('XDG_DATA_DIRS', '/usr/share/ubuntu:/usr/local/share/:/usr/share/:/var/lib/snapd/desktop'), ('PYTHONPATH', '/home/yahboom/5550_ros2_ws/build/drone_description:/home/yahboom/5550_ros2_ws/install/drone_description/lib/python3.10/site-packages:/home/yahboom/5550_ros2_ws/install/cartographer_ros_msgs/local/lib/python3.10/dist-packages:/opt/ros/humble/lib/python3.10/site-packages:/opt/ros/humble/local/lib/python3.10/dist-packages'), ('LC_NUMERIC', 'en_AU.UTF-8'), ('LC_PAPER', 'en_AU.UTF-8'), ('COLCON', '1'), ('VTE_VERSION', '6800'), ('CMAKE_PREFIX_PATH', '/home/yahboom/5550_ros2_ws/install/example_cpp:/home/yahboom/5550_ros2_ws/install/cartographer_ros_msgs:/home/yahboom/5550_ros2_ws/install/cartographer:/home/yahboom/yahboomcar_ws/install/ydlidar_ros2_driver:/home/yahboom/yahboomcar_ws/install/slam_gmapping:/home/yahboom/yahboomcar_ws/install/rf2o_laser_odometry:/home/yahboom/yahboomcar_ws/install/openslam_gmapping:/home/yahboom/5550_ros2_ws/install/drone_description:/opt/ros/humble')]), 'shell': False}
[0.027703] (cartographer_ros_msgs) JobProgress: {'identifier': 'cartographer_ros_msgs', 'progress': 'cmake'}
[0.028324] (cartographer_ros_msgs) Command: {'cmd': ['/usr/bin/cmake', '/home/yahboom/5550_ros2_ws/src/cartographer_ros/cartographer_ros_msgs', '-DAMENT_CMAKE_SYMLINK_INSTALL=1', '-DCMAKE_INSTALL_PREFIX=/home/yahboom/5550_ros2_ws/install/cartographer_ros_msgs'], 'cwd': '/home/yahboom/5550_ros2_ws/build/cartographer_ros_msgs', 'env': OrderedDict([('LESSOPEN', '| /usr/bin/lesspipe %s'), ('USER', 'yahboom'), ('LC_TIME', 'en_AU.UTF-8'), ('XDG_SESSION_TYPE', 'wayland'), ('SHLVL', '1'), ('LD_LIBRARY_PATH', '/home/yahboom/5550_ros2_ws/install/cartographer_ros_msgs/lib:/home/yahboom/yahboomcar_ws/install/openslam_gmapping/lib:/usr/lib/x86_64-linux-gnu/gazebo-11/plugins:/opt/ros/humble/opt/rviz_ogre_vendor/lib:/opt/ros/humble/lib/x86_64-linux-gnu:/opt/ros/humble/lib'), ('HOME', '/home/yahboom'), ('OLDPWD', '/home/yahboom/5550_ros2_ws/src'), ('DESKTOP_SESSION', 'ubuntu'), ('ROS_PYTHON_VERSION', '3'), ('GNOME_SHELL_SESSION_MODE', 'ubuntu'), ('GTK_MODULES', 'gail:atk-bridge'), ('LC_MONETARY', 'en_AU.UTF-8'), ('DBUS_STARTER_BUS_TYPE', 'session'), ('SYSTEMD_EXEC_PID', '1207'), ('DBUS_SESSION_BUS_ADDRESS', 'unix:path=/run/user/1000/bus,guid=3b63875a28f7ace014de708968a2af05'), ('COLORTERM', 'truecolor'), ('IM_CONFIG_PHASE', '1'), ('WAYLAND_DISPLAY', 'wayland-0'), ('COLCON_PREFIX_PATH', '/home/yahboom/5550_ros2_ws/install:/home/yahboom/yahboomcar_ws/install'), ('ROS_DISTRO', 'humble'), ('LOGNAME', 'yahboom'), ('_', '/usr/bin/colcon'), ('ROS_VERSION', '2'), ('PKG_CONFIG_PATH', '/home/yahboom/5550_ros2_ws/install/cartographer/lib/x86_64-linux-gnu/pkgconfig:/home/yahboom/5550_ros2_ws/install/cartographer/lib/pkgconfig'), ('XDG_SESSION_CLASS', 'user'), ('USERNAME', 'yahboom'), ('TERM', 'xterm-256color'), ('GNOME_DESKTOP_SESSION_ID', 'this-is-deprecated'), ('ROS_LOCALHOST_ONLY', '0'), ('PATH', '/home/yahboom/5550_ros2_ws/install/cartographer/bin:/opt/ros/humble/bin:/usr/local/sbin:/usr/local/bin:/usr/sbin:/usr/bin:/sbin:/bin:/usr/games:/usr/local/games:/snap/bin:/snap/bin'), ('SESSION_MANAGER', 'local/676rb16:@/tmp/.ICE-unix/1207,unix/676rb16:/tmp/.ICE-unix/1207'), ('PAPERSIZE', 'a4'), ('XDG_MENU_PREFIX', 'gnome-'), ('LC_ADDRESS', 'en_AU.UTF-8'), ('GNOME_TERMINAL_SCREEN', '/org/gnome/Terminal/screen/71ee0731_dd8d_4273_80ff_3f9e8885a6d0'), ('GNOME_SETUP_DISPLAY', ':1'), ('XDG_RUNTIME_DIR', '/run/user/1000'), ('DISPLAY', ':0'), ('LANG', 'en_US.UTF-8'), ('XDG_CURRENT_DESKTOP', 'ubuntu:GNOME'), ('LC_TELEPHONE', 'en_AU.UTF-8'), ('XMODIFIERS', '@im=ibus'), ('XDG_SESSION_DESKTOP', 'ubuntu'), ('XAUTHORITY', '/run/user/1000/.mutter-Xwaylandauth.PDBPB3'), ('LS_COLORS', 'rs=0:di=01;34:ln=01;36:mh=00:pi=40;33:so=01;35:do=01;35:bd=40;33;01:cd=40;33;01:or=40;31;01:mi=00:su=37;41:sg=30;43:ca=30;41:tw=30;42:ow=34;42:st=37;44:ex=01;32:*.tar=01;31:*.tgz=01;31:*.arc=01;31:*.arj=01;31:*.taz=01;31:*.lha=01;31:*.lz4=01;31:*.lzh=01;31:*.lzma=01;31:*.tlz=01;31:*.txz=01;31:*.tzo=01;31:*.t7z=01;31:*.zip=01;31:*.z=01;31:*.dz=01;31:*.gz=01;31:*.lrz=01;31:*.lz=01;31:*.lzo=01;31:*.xz=01;31:*.zst=01;31:*.tzst=01;31:*.bz2=01;31:*.bz=01;31:*.tbz=01;31:*.tbz2=01;31:*.tz=01;31:*.deb=01;31:*.rpm=01;31:*.jar=01;31:*.war=01;31:*.ear=01;31:*.sar=01;31:*.rar=01;31:*.alz=01;31:*.ace=01;31:*.zoo=01;31:*.cpio=01;31:*.7z=01;31:*.rz=01;31:*.cab=01;31:*.wim=01;31:*.swm=01;31:*.dwm=01;31:*.esd=01;31:*.jpg=01;35:*.jpeg=01;35:*.mjpg=01;35:*.mjpeg=01;35:*.gif=01;35:*.bmp=01;35:*.pbm=01;35:*.pgm=01;35:*.ppm=01;35:*.tga=01;35:*.xbm=01;35:*.xpm=01;35:*.tif=01;35:*.tiff=01;35:*.png=01;35:*.svg=01;35:*.svgz=01;35:*.mng=01;35:*.pcx=01;35:*.mov=01;35:*.mpg=01;35:*.mpeg=01;35:*.m2v=01;35:*.mkv=01;35:*.webm=01;35:*.webp=01;35:*.ogm=01;35:*.mp4=01;35:*.m4v=01;35:*.mp4v=01;35:*.vob=01;35:*.qt=01;35:*.nuv=01;35:*.wmv=01;35:*.asf=01;35:*.rm=01;35:*.rmvb=01;35:*.flc=01;35:*.avi=01;35:*.fli=01;35:*.flv=01;35:*.gl=01;35:*.dl=01;35:*.xcf=01;35:*.xwd=01;35:*.yuv=01;35:*.cgm=01;35:*.emf=01;35:*.ogv=01;35:*.ogx=01;35:*.aac=00;36:*.au=00;36:*.flac=00;36:*.m4a=00;36:*.mid=00;36:*.midi=00;36:*.mka=00;36:*.mp3=00;36:*.mpc=00;36:*.ogg=00;36:*.ra=00;36:*.wav=00;36:*.oga=00;36:*.opus=00;36:*.spx=00;36:*.xspf=00;36:'), ('GNOME_TERMINAL_SERVICE', ':1.134'), ('SSH_AGENT_LAUNCHER', 'gnome-keyring'), ('SSH_AUTH_SOCK', '/run/user/1000/keyring/ssh'), ('AMENT_PREFIX_PATH', '/home/yahboom/5550_ros2_ws/install/example_cpp:/home/yahboom/5550_ros2_ws/install/drone_description:/home/yahboom/5550_ros2_ws/install/cartographer_ros_msgs:/home/yahboom/yahboomcar_ws/install/ydlidar_ros2_driver:/home/yahboom/yahboomcar_ws/install/slam_gmapping:/home/yahboom/yahboomcar_ws/install/rf2o_laser_odometry:/home/yahboom/yahboomcar_ws/install/openslam_gmapping:/opt/ros/humble'), ('SHELL', '/bin/bash'), ('LC_NAME', 'en_AU.UTF-8'), ('QT_ACCESSIBILITY', '1'), ('GDMSESSION', 'ubuntu'), ('LESSCLOSE', '/usr/bin/lesspipe %s %s'), ('LC_MEASUREMENT', 'en_AU.UTF-8'), ('LC_IDENTIFICATION', 'en_AU.UTF-8'), ('QT_IM_MODULE', 'ibus'), ('PWD', '/home/yahboom/5550_ros2_ws/build/cartographer_ros_msgs'), ('LC_ALL', 'en_US.UTF-8'), ('XDG_CONFIG_DIRS', '/etc/xdg/xdg-ubuntu:/etc/xdg'), ('DBUS_STARTER_ADDRESS', 'unix:path=/run/user/1000/bus,guid=3b63875a28f7ace014de708968a2af05'), ('XDG_DATA_DIRS', '/usr/share/ubuntu:/usr/local/share/:/usr/share/:/var/lib/snapd/desktop'), ('PYTHONPATH', '/home/yahboom/5550_ros2_ws/build/drone_description:/home/yahboom/5550_ros2_ws/install/drone_description/lib/python3.10/site-packages:/home/yahboom/5550_ros2_ws/install/cartographer_ros_msgs/local/lib/python3.10/dist-packages:/opt/ros/humble/lib/python3.10/site-packages:/opt/ros/humble/local/lib/python3.10/dist-packages'), ('LC_NUMERIC', 'en_AU.UTF-8'), ('LC_PAPER', 'en_AU.UTF-8'), ('COLCON', '1'), ('VTE_VERSION', '6800'), ('CMAKE_PREFIX_PATH', '/home/yahboom/5550_ros2_ws/install/example_cpp:/home/yahboom/5550_ros2_ws/install/cartographer_ros_msgs:/home/yahboom/5550_ros2_ws/install/cartographer:/home/yahboom/yahboomcar_ws/install/ydlidar_ros2_driver:/home/yahboom/yahboomcar_ws/install/slam_gmapping:/home/yahboom/yahboomcar_ws/install/rf2o_laser_odometry:/home/yahboom/yahboomcar_ws/install/openslam_gmapping:/home/yahboom/5550_ros2_ws/install/drone_description:/opt/ros/humble')]), 'shell': False}
[0.101756] (-) TimerEvent: {}
[0.202046] (-) TimerEvent: {}
[0.222816] (cartographer) StdoutLine: {'line': b'-- The C compiler identification is GNU 11.4.0\n'}
[0.222944] (cartographer) StdoutLine: {'line': b'-- The CXX compiler identification is GNU 11.4.0\n'}
[0.222998] (cartographer) StdoutLine: {'line': b'-- Detecting C compiler ABI info\n'}
[0.224114] (cartographer_ros_msgs) StdoutLine: {'line': b'-- The C compiler identification is GNU 11.4.0\n'}
[0.224229] (cartographer_ros_msgs) StdoutLine: {'line': b'-- The CXX compiler identification is GNU 11.4.0\n'}
[0.224290] (cartographer_ros_msgs) StdoutLine: {'line': b'-- Detecting C compiler ABI info\n'}
[0.226221] (example_cpp) JobProgress: {'identifier': 'example_cpp', 'progress': 'cmake'}
[0.226254] (example_cpp) Command: {'cmd': ['/usr/bin/cmake', '/home/yahboom/5550_ros2_ws/src/example_cpp', '-DAMENT_CMAKE_SYMLINK_INSTALL=1', '-DCMAKE_INSTALL_PREFIX=/home/yahboom/5550_ros2_ws/install/example_cpp'], 'cwd': '/home/yahboom/5550_ros2_ws/build/example_cpp', 'env': OrderedDict([('LESSOPEN', '| /usr/bin/lesspipe %s'), ('USER', 'yahboom'), ('LC_TIME', 'en_AU.UTF-8'), ('XDG_SESSION_TYPE', 'wayland'), ('SHLVL', '1'), ('LD_LIBRARY_PATH', '/home/yahboom/5550_ros2_ws/install/cartographer_ros_msgs/lib:/home/yahboom/yahboomcar_ws/install/openslam_gmapping/lib:/usr/lib/x86_64-linux-gnu/gazebo-11/plugins:/opt/ros/humble/opt/rviz_ogre_vendor/lib:/opt/ros/humble/lib/x86_64-linux-gnu:/opt/ros/humble/lib'), ('HOME', '/home/yahboom'), ('OLDPWD', '/home/yahboom/5550_ros2_ws/src'), ('DESKTOP_SESSION', 'ubuntu'), ('ROS_PYTHON_VERSION', '3'), ('GNOME_SHELL_SESSION_MODE', 'ubuntu'), ('GTK_MODULES', 'gail:atk-bridge'), ('LC_MONETARY', 'en_AU.UTF-8'), ('DBUS_STARTER_BUS_TYPE', 'session'), ('SYSTEMD_EXEC_PID', '1207'), ('DBUS_SESSION_BUS_ADDRESS', 'unix:path=/run/user/1000/bus,guid=3b63875a28f7ace014de708968a2af05'), ('COLORTERM', 'truecolor'), ('IM_CONFIG_PHASE', '1'), ('WAYLAND_DISPLAY', 'wayland-0'), ('COLCON_PREFIX_PATH', '/home/yahboom/5550_ros2_ws/install:/home/yahboom/yahboomcar_ws/install'), ('ROS_DISTRO', 'humble'), ('LOGNAME', 'yahboom'), ('_', '/usr/bin/colcon'), ('ROS_VERSION', '2'), ('PKG_CONFIG_PATH', '/home/yahboom/5550_ros2_ws/install/cartographer/lib/x86_64-linux-gnu/pkgconfig:/home/yahboom/5550_ros2_ws/install/cartographer/lib/pkgconfig'), ('XDG_SESSION_CLASS', 'user'), ('USERNAME', 'yahboom'), ('TERM', 'xterm-256color'), ('GNOME_DESKTOP_SESSION_ID', 'this-is-deprecated'), ('ROS_LOCALHOST_ONLY', '0'), ('PATH', '/home/yahboom/5550_ros2_ws/install/cartographer/bin:/opt/ros/humble/bin:/usr/local/sbin:/usr/local/bin:/usr/sbin:/usr/bin:/sbin:/bin:/usr/games:/usr/local/games:/snap/bin:/snap/bin'), ('SESSION_MANAGER', 'local/676rb16:@/tmp/.ICE-unix/1207,unix/676rb16:/tmp/.ICE-unix/1207'), ('PAPERSIZE', 'a4'), ('XDG_MENU_PREFIX', 'gnome-'), ('LC_ADDRESS', 'en_AU.UTF-8'), ('GNOME_TERMINAL_SCREEN', '/org/gnome/Terminal/screen/71ee0731_dd8d_4273_80ff_3f9e8885a6d0'), ('GNOME_SETUP_DISPLAY', ':1'), ('XDG_RUNTIME_DIR', '/run/user/1000'), ('DISPLAY', ':0'), ('LANG', 'en_US.UTF-8'), ('XDG_CURRENT_DESKTOP', 'ubuntu:GNOME'), ('LC_TELEPHONE', 'en_AU.UTF-8'), ('XMODIFIERS', '@im=ibus'), ('XDG_SESSION_DESKTOP', 'ubuntu'), ('XAUTHORITY', '/run/user/1000/.mutter-Xwaylandauth.PDBPB3'), ('LS_COLORS', 'rs=0:di=01;34:ln=01;36:mh=00:pi=40;33:so=01;35:do=01;35:bd=40;33;01:cd=40;33;01:or=40;31;01:mi=00:su=37;41:sg=30;43:ca=30;41:tw=30;42:ow=34;42:st=37;44:ex=01;32:*.tar=01;31:*.tgz=01;31:*.arc=01;31:*.arj=01;31:*.taz=01;31:*.lha=01;31:*.lz4=01;31:*.lzh=01;31:*.lzma=01;31:*.tlz=01;31:*.txz=01;31:*.tzo=01;31:*.t7z=01;31:*.zip=01;31:*.z=01;31:*.dz=01;31:*.gz=01;31:*.lrz=01;31:*.lz=01;31:*.lzo=01;31:*.xz=01;31:*.zst=01;31:*.tzst=01;31:*.bz2=01;31:*.bz=01;31:*.tbz=01;31:*.tbz2=01;31:*.tz=01;31:*.deb=01;31:*.rpm=01;31:*.jar=01;31:*.war=01;31:*.ear=01;31:*.sar=01;31:*.rar=01;31:*.alz=01;31:*.ace=01;31:*.zoo=01;31:*.cpio=01;31:*.7z=01;31:*.rz=01;31:*.cab=01;31:*.wim=01;31:*.swm=01;31:*.dwm=01;31:*.esd=01;31:*.jpg=01;35:*.jpeg=01;35:*.mjpg=01;35:*.mjpeg=01;35:*.gif=01;35:*.bmp=01;35:*.pbm=01;35:*.pgm=01;35:*.ppm=01;35:*.tga=01;35:*.xbm=01;35:*.xpm=01;35:*.tif=01;35:*.tiff=01;35:*.png=01;35:*.svg=01;35:*.svgz=01;35:*.mng=01;35:*.pcx=01;35:*.mov=01;35:*.mpg=01;35:*.mpeg=01;35:*.m2v=01;35:*.mkv=01;35:*.webm=01;35:*.webp=01;35:*.ogm=01;35:*.mp4=01;35:*.m4v=01;35:*.mp4v=01;35:*.vob=01;35:*.qt=01;35:*.nuv=01;35:*.wmv=01;35:*.asf=01;35:*.rm=01;35:*.rmvb=01;35:*.flc=01;35:*.avi=01;35:*.fli=01;35:*.flv=01;35:*.gl=01;35:*.dl=01;35:*.xcf=01;35:*.xwd=01;35:*.yuv=01;35:*.cgm=01;35:*.emf=01;35:*.ogv=01;35:*.ogx=01;35:*.aac=00;36:*.au=00;36:*.flac=00;36:*.m4a=00;36:*.mid=00;36:*.midi=00;36:*.mka=00;36:*.mp3=00;36:*.mpc=00;36:*.ogg=00;36:*.ra=00;36:*.wav=00;36:*.oga=00;36:*.opus=00;36:*.spx=00;36:*.xspf=00;36:'), ('GNOME_TERMINAL_SERVICE', ':1.134'), ('SSH_AGENT_LAUNCHER', 'gnome-keyring'), ('SSH_AUTH_SOCK', '/run/user/1000/keyring/ssh'), ('AMENT_PREFIX_PATH', '/home/yahboom/5550_ros2_ws/install/example_cpp:/home/yahboom/5550_ros2_ws/install/drone_description:/home/yahboom/5550_ros2_ws/install/cartographer_ros_msgs:/home/yahboom/yahboomcar_ws/install/ydlidar_ros2_driver:/home/yahboom/yahboomcar_ws/install/slam_gmapping:/home/yahboom/yahboomcar_ws/install/rf2o_laser_odometry:/home/yahboom/yahboomcar_ws/install/openslam_gmapping:/opt/ros/humble'), ('SHELL', '/bin/bash'), ('LC_NAME', 'en_AU.UTF-8'), ('QT_ACCESSIBILITY', '1'), ('GDMSESSION', 'ubuntu'), ('LESSCLOSE', '/usr/bin/lesspipe %s %s'), ('LC_MEASUREMENT', 'en_AU.UTF-8'), ('LC_IDENTIFICATION', 'en_AU.UTF-8'), ('QT_IM_MODULE', 'ibus'), ('PWD', '/home/yahboom/5550_ros2_ws/build/example_cpp'), ('LC_ALL', 'en_US.UTF-8'), ('XDG_CONFIG_DIRS', '/etc/xdg/xdg-ubuntu:/etc/xdg'), ('DBUS_STARTER_ADDRESS', 'unix:path=/run/user/1000/bus,guid=3b63875a28f7ace014de708968a2af05'), ('XDG_DATA_DIRS', '/usr/share/ubuntu:/usr/local/share/:/usr/share/:/var/lib/snapd/desktop'), ('PYTHONPATH', '/home/yahboom/5550_ros2_ws/build/drone_description:/home/yahboom/5550_ros2_ws/install/drone_description/lib/python3.10/site-packages:/home/yahboom/5550_ros2_ws/install/cartographer_ros_msgs/local/lib/python3.10/dist-packages:/opt/ros/humble/lib/python3.10/site-packages:/opt/ros/humble/local/lib/python3.10/dist-packages'), ('LC_NUMERIC', 'en_AU.UTF-8'), ('LC_PAPER', 'en_AU.UTF-8'), ('COLCON', '1'), ('VTE_VERSION', '6800'), ('CMAKE_PREFIX_PATH', '/home/yahboom/5550_ros2_ws/install/example_cpp:/home/yahboom/5550_ros2_ws/install/cartographer_ros_msgs:/home/yahboom/5550_ros2_ws/install/cartographer:/home/yahboom/yahboomcar_ws/install/ydlidar_ros2_driver:/home/yahboom/yahboomcar_ws/install/slam_gmapping:/home/yahboom/yahboomcar_ws/install/rf2o_laser_odometry:/home/yahboom/yahboomcar_ws/install/openslam_gmapping:/home/yahboom/5550_ros2_ws/install/drone_description:/opt/ros/humble')]), 'shell': False}
[0.239791] (cartographer_ros_msgs) StdoutLine: {'line': b'-- Detecting C compiler ABI info - done\n'}
[0.240622] (cartographer) StdoutLine: {'line': b'-- Detecting C compiler ABI info - done\n'}
[0.243199] (cartographer) StdoutLine: {'line': b'-- Check for working C compiler: /usr/bin/cc - skipped\n'}
[0.243666] (cartographer) StdoutLine: {'line': b'-- Detecting C compile features\n'}
[0.243805] (cartographer_ros_msgs) StdoutLine: {'line': b'-- Check for working C compiler: /usr/bin/cc - skipped\n'}
[0.243994] (cartographer_ros_msgs) StdoutLine: {'line': b'-- Detecting C compile features\n'}
[0.244429] (cartographer) StdoutLine: {'line': b'-- Detecting C compile features - done\n'}
[0.244497] (cartographer_ros_msgs) StdoutLine: {'line': b'-- Detecting C compile features - done\n'}
[0.249162] (cartographer) StdoutLine: {'line': b'-- Detecting CXX compiler ABI info\n'}
[0.249258] (cartographer_ros_msgs) StdoutLine: {'line': b'-- Detecting CXX compiler ABI info\n'}
[0.281223] (example_cpp) StdoutLine: {'line': b'-- The C compiler identification is GNU 11.4.0\n'}
[0.302148] (-) TimerEvent: {}
[0.322519] (cartographer_ros_msgs) StdoutLine: {'line': b'-- Detecting CXX compiler ABI info - done\n'}
[0.322748] (cartographer) StdoutLine: {'line': b'-- Detecting CXX compiler ABI info - done\n'}
[0.327376] (cartographer) StdoutLine: {'line': b'-- Check for working CXX compiler: /usr/bin/c++ - skipped\n'}
[0.329528] (cartographer_ros_msgs) StdoutLine: {'line': b'-- Check for working CXX compiler: /usr/bin/c++ - skipped\n'}
[0.329744] (cartographer_ros_msgs) StdoutLine: {'line': b'-- Detecting CXX compile features\n'}
[0.329810] (cartographer_ros_msgs) StdoutLine: {'line': b'-- Detecting CXX compile features - done\n'}
[0.329866] (cartographer) StdoutLine: {'line': b'-- Detecting CXX compile features\n'}
[0.329923] (cartographer) StdoutLine: {'line': b'-- Detecting CXX compile features - done\n'}
[0.329978] (cartographer) StdoutLine: {'line': b'-- Build type: Release\n'}
[0.332006] (example_cpp) StdoutLine: {'line': b'-- The CXX compiler identification is GNU 11.4.0\n'}
[0.338099] (example_cpp) StdoutLine: {'line': b'-- Detecting C compiler ABI info\n'}
[0.340115] (cartographer) StdoutLine: {'line': b'Files /home/yahboom/5550_ros2_ws/build/cartographer/AllFiles.cmake and - differ\n'}
[0.345958] (cartographer_ros_msgs) StdoutLine: {'line': b'-- Found ament_cmake: 1.3.8 (/opt/ros/humble/share/ament_cmake/cmake)\n'}
[0.402856] (-) TimerEvent: {}
[0.404926] (example_cpp) StdoutLine: {'line': b'-- Detecting C compiler ABI info - done\n'}
[0.409997] (example_cpp) StdoutLine: {'line': b'-- Check for working C compiler: /usr/bin/cc - skipped\n'}
[0.410182] (example_cpp) StdoutLine: {'line': b'-- Detecting C compile features\n'}
[0.410499] (example_cpp) StdoutLine: {'line': b'-- Detecting C compile features - done\n'}
[0.412952] (example_cpp) StdoutLine: {'line': b'-- Detecting CXX compiler ABI info\n'}
[0.484091] (cartographer_ros_msgs) StdoutLine: {'line': b'-- Found Python3: /usr/bin/python3 (found version "3.10.12") found components: Interpreter \n'}
[0.494861] (example_cpp) StdoutLine: {'line': b'-- Detecting CXX compiler ABI info - done\n'}
[0.500846] (example_cpp) StdoutLine: {'line': b'-- Check for working CXX compiler: /usr/bin/c++ - skipped\n'}
[0.501723] (example_cpp) StdoutLine: {'line': b'-- Detecting CXX compile features\n'}
[0.501980] (example_cpp) StdoutLine: {'line': b'-- Detecting CXX compile features - done\n'}
[0.503215] (-) TimerEvent: {}
[0.504556] (example_cpp) StdoutLine: {'line': b'-- Found ament_cmake: 1.3.8 (/opt/ros/humble/share/ament_cmake/cmake)\n'}
[0.514374] (cartographer) StdoutLine: {'line': b'-- Found Python: /usr/bin/python3.10 (found version "3.10.12") found components: Interpreter \n'}
[0.517566] (cartographer) StdoutLine: {'line': b'-- Looking for pthread.h\n'}
[0.544221] (cartographer_ros_msgs) StdoutLine: {'line': b'-- Override CMake install command with custom implementation using symlinks instead of copying resources\n'}
[0.585648] (cartographer_ros_msgs) StdoutLine: {'line': b'-- Found rosidl_default_generators: 1.2.0 (/opt/ros/humble/share/rosidl_default_generators/cmake)\n'}
[0.588792] (cartographer) StdoutLine: {'line': b'-- Looking for pthread.h - found\n'}
[0.589773] (cartographer) StdoutLine: {'line': b'-- Performing Test CMAKE_HAVE_LIBC_PTHREAD\n'}
[0.591106] (cartographer_ros_msgs) StdoutLine: {'line': b'-- Using all available rosidl_typesupport_c: rosidl_typesupport_fastrtps_c;rosidl_typesupport_introspection_c\n'}
[0.599633] (cartographer_ros_msgs) StdoutLine: {'line': b'-- Found rosidl_adapter: 3.1.5 (/opt/ros/humble/share/rosidl_adapter/cmake)\n'}
[0.603301] (-) TimerEvent: {}
[0.635477] (example_cpp) StdoutLine: {'line': b'-- Found Python3: /usr/bin/python3 (found version "3.10.12") found components: Interpreter \n'}
[0.654292] (cartographer_ros_msgs) StdoutLine: {'line': b'-- Using all available rosidl_typesupport_cpp: rosidl_typesupport_fastrtps_cpp;rosidl_typesupport_introspection_cpp\n'}
[0.679187] (cartographer) StdoutLine: {'line': b'-- Performing Test CMAKE_HAVE_LIBC_PTHREAD - Success\n'}
[0.680387] (cartographer) StdoutLine: {'line': b'-- Found Threads: TRUE  \n'}
[0.685373] (cartographer) StdoutLine: {'line': b'-- Found GMock: gmock_main  \n'}
[0.690533] (example_cpp) StdoutLine: {'line': b'-- Override CMake install command with custom implementation using symlinks instead of copying resources\n'}
[0.701729] (cartographer_ros_msgs) StdoutLine: {'line': b'-- Found builtin_interfaces: 1.2.1 (/opt/ros/humble/share/builtin_interfaces/cmake)\n'}
[0.703462] (-) TimerEvent: {}
[0.714801] (cartographer) StdoutLine: {'line': b'-- Found Boost: /usr/lib/x86_64-linux-gnu/cmake/Boost-1.74.0/BoostConfig.cmake (found version "1.74.0") found components: iostreams \n'}
[0.719228] (example_cpp) StdoutLine: {'line': b'-- Found rclcpp: 16.0.8 (/opt/ros/humble/share/rclcpp/cmake)\n'}
[0.725053] (cartographer) StdoutLine: {'line': b'-- Found required Ceres dependency: Eigen version 3.4.0 in /usr/include/eigen3\n'}
[0.726902] (cartographer_ros_msgs) StdoutLine: {'line': b'-- Found geometry_msgs: 4.2.3 (/opt/ros/humble/share/geometry_msgs/cmake)\n'}
[0.735820] (cartographer) StdoutLine: {'line': b'-- Found required Ceres dependency: glog\n'}
[0.736124] (drone_description) Command: {'cmd': ['/usr/bin/python3', '-W', 'ignore:setup.py install is deprecated', 'setup.py', 'develop', '--editable', '--build-directory', '/home/yahboom/5550_ros2_ws/build/drone_description/build', '--no-deps', 'symlink_data'], 'cwd': '/home/yahboom/5550_ros2_ws/build/drone_description', 'env': {'LESSOPEN': '| /usr/bin/lesspipe %s', 'USER': 'yahboom', 'LC_TIME': 'en_AU.UTF-8', 'XDG_SESSION_TYPE': 'wayland', 'SHLVL': '1', 'LD_LIBRARY_PATH': '/home/yahboom/5550_ros2_ws/install/cartographer_ros_msgs/lib:/home/yahboom/yahboomcar_ws/install/openslam_gmapping/lib:/usr/lib/x86_64-linux-gnu/gazebo-11/plugins:/opt/ros/humble/opt/rviz_ogre_vendor/lib:/opt/ros/humble/lib/x86_64-linux-gnu:/opt/ros/humble/lib', 'HOME': '/home/yahboom', 'OLDPWD': '/home/yahboom/5550_ros2_ws/src', 'DESKTOP_SESSION': 'ubuntu', 'ROS_PYTHON_VERSION': '3', 'GNOME_SHELL_SESSION_MODE': 'ubuntu', 'GTK_MODULES': 'gail:atk-bridge', 'LC_MONETARY': 'en_AU.UTF-8', 'DBUS_STARTER_BUS_TYPE': 'session', 'SYSTEMD_EXEC_PID': '1207', 'DBUS_SESSION_BUS_ADDRESS': 'unix:path=/run/user/1000/bus,guid=3b63875a28f7ace014de708968a2af05', 'COLORTERM': 'truecolor', 'IM_CONFIG_PHASE': '1', 'WAYLAND_DISPLAY': 'wayland-0', 'COLCON_PREFIX_PATH': '/home/yahboom/5550_ros2_ws/install:/home/yahboom/yahboomcar_ws/install', 'ROS_DISTRO': 'humble', 'LOGNAME': 'yahboom', '_': '/usr/bin/colcon', 'ROS_VERSION': '2', 'PKG_CONFIG_PATH': '/home/yahboom/5550_ros2_ws/install/cartographer/lib/x86_64-linux-gnu/pkgconfig:/home/yahboom/5550_ros2_ws/install/cartographer/lib/pkgconfig', 'XDG_SESSION_CLASS': 'user', 'USERNAME': 'yahboom', 'TERM': 'xterm-256color', 'GNOME_DESKTOP_SESSION_ID': 'this-is-deprecated', 'ROS_LOCALHOST_ONLY': '0', 'PATH': '/home/yahboom/5550_ros2_ws/install/cartographer/bin:/opt/ros/humble/bin:/usr/local/sbin:/usr/local/bin:/usr/sbin:/usr/bin:/sbin:/bin:/usr/games:/usr/local/games:/snap/bin:/snap/bin', 'SESSION_MANAGER': 'local/676rb16:@/tmp/.ICE-unix/1207,unix/676rb16:/tmp/.ICE-unix/1207', 'PAPERSIZE': 'a4', 'XDG_MENU_PREFIX': 'gnome-', 'LC_ADDRESS': 'en_AU.UTF-8', 'GNOME_TERMINAL_SCREEN': '/org/gnome/Terminal/screen/71ee0731_dd8d_4273_80ff_3f9e8885a6d0', 'GNOME_SETUP_DISPLAY': ':1', 'XDG_RUNTIME_DIR': '/run/user/1000', 'DISPLAY': ':0', 'LANG': 'en_US.UTF-8', 'XDG_CURRENT_DESKTOP': 'ubuntu:GNOME', 'LC_TELEPHONE': 'en_AU.UTF-8', 'XMODIFIERS': '@im=ibus', 'XDG_SESSION_DESKTOP': 'ubuntu', 'XAUTHORITY': '/run/user/1000/.mutter-Xwaylandauth.PDBPB3', 'LS_COLORS': 'rs=0:di=01;34:ln=01;36:mh=00:pi=40;33:so=01;35:do=01;35:bd=40;33;01:cd=40;33;01:or=40;31;01:mi=00:su=37;41:sg=30;43:ca=30;41:tw=30;42:ow=34;42:st=37;44:ex=01;32:*.tar=01;31:*.tgz=01;31:*.arc=01;31:*.arj=01;31:*.taz=01;31:*.lha=01;31:*.lz4=01;31:*.lzh=01;31:*.lzma=01;31:*.tlz=01;31:*.txz=01;31:*.tzo=01;31:*.t7z=01;31:*.zip=01;31:*.z=01;31:*.dz=01;31:*.gz=01;31:*.lrz=01;31:*.lz=01;31:*.lzo=01;31:*.xz=01;31:*.zst=01;31:*.tzst=01;31:*.bz2=01;31:*.bz=01;31:*.tbz=01;31:*.tbz2=01;31:*.tz=01;31:*.deb=01;31:*.rpm=01;31:*.jar=01;31:*.war=01;31:*.ear=01;31:*.sar=01;31:*.rar=01;31:*.alz=01;31:*.ace=01;31:*.zoo=01;31:*.cpio=01;31:*.7z=01;31:*.rz=01;31:*.cab=01;31:*.wim=01;31:*.swm=01;31:*.dwm=01;31:*.esd=01;31:*.jpg=01;35:*.jpeg=01;35:*.mjpg=01;35:*.mjpeg=01;35:*.gif=01;35:*.bmp=01;35:*.pbm=01;35:*.pgm=01;35:*.ppm=01;35:*.tga=01;35:*.xbm=01;35:*.xpm=01;35:*.tif=01;35:*.tiff=01;35:*.png=01;35:*.svg=01;35:*.svgz=01;35:*.mng=01;35:*.pcx=01;35:*.mov=01;35:*.mpg=01;35:*.mpeg=01;35:*.m2v=01;35:*.mkv=01;35:*.webm=01;35:*.webp=01;35:*.ogm=01;35:*.mp4=01;35:*.m4v=01;35:*.mp4v=01;35:*.vob=01;35:*.qt=01;35:*.nuv=01;35:*.wmv=01;35:*.asf=01;35:*.rm=01;35:*.rmvb=01;35:*.flc=01;35:*.avi=01;35:*.fli=01;35:*.flv=01;35:*.gl=01;35:*.dl=01;35:*.xcf=01;35:*.xwd=01;35:*.yuv=01;35:*.cgm=01;35:*.emf=01;35:*.ogv=01;35:*.ogx=01;35:*.aac=00;36:*.au=00;36:*.flac=00;36:*.m4a=00;36:*.mid=00;36:*.midi=00;36:*.mka=00;36:*.mp3=00;36:*.mpc=00;36:*.ogg=00;36:*.ra=00;36:*.wav=00;36:*.oga=00;36:*.opus=00;36:*.spx=00;36:*.xspf=00;36:', 'GNOME_TERMINAL_SERVICE': ':1.134', 'SSH_AGENT_LAUNCHER': 'gnome-keyring', 'SSH_AUTH_SOCK': '/run/user/1000/keyring/ssh', 'AMENT_PREFIX_PATH': '/home/yahboom/5550_ros2_ws/install/example_cpp:/home/yahboom/5550_ros2_ws/install/drone_description:/home/yahboom/5550_ros2_ws/install/cartographer_ros_msgs:/home/yahboom/yahboomcar_ws/install/ydlidar_ros2_driver:/home/yahboom/yahboomcar_ws/install/slam_gmapping:/home/yahboom/yahboomcar_ws/install/rf2o_laser_odometry:/home/yahboom/yahboomcar_ws/install/openslam_gmapping:/opt/ros/humble', 'SHELL': '/bin/bash', 'LC_NAME': 'en_AU.UTF-8', 'QT_ACCESSIBILITY': '1', 'GDMSESSION': 'ubuntu', 'LESSCLOSE': '/usr/bin/lesspipe %s %s', 'LC_MEASUREMENT': 'en_AU.UTF-8', 'LC_IDENTIFICATION': 'en_AU.UTF-8', 'QT_IM_MODULE': 'ibus', 'PWD': '/home/yahboom/5550_ros2_ws/build/drone_description', 'LC_ALL': 'en_US.UTF-8', 'XDG_CONFIG_DIRS': '/etc/xdg/xdg-ubuntu:/etc/xdg', 'DBUS_STARTER_ADDRESS': 'unix:path=/run/user/1000/bus,guid=3b63875a28f7ace014de708968a2af05', 'XDG_DATA_DIRS': '/usr/share/ubuntu:/usr/local/share/:/usr/share/:/var/lib/snapd/desktop', 'PYTHONPATH': '/home/yahboom/5550_ros2_ws/build/drone_description/prefix_override:/home/yahboom/5550_ros2_ws/install/drone_description/lib/python3.10/site-packages:/home/yahboom/5550_ros2_ws/build/drone_description:/home/yahboom/5550_ros2_ws/install/drone_description/lib/python3.10/site-packages:/home/yahboom/5550_ros2_ws/install/cartographer_ros_msgs/local/lib/python3.10/dist-packages:/opt/ros/humble/lib/python3.10/site-packages:/opt/ros/humble/local/lib/python3.10/dist-packages', 'LC_NUMERIC': 'en_AU.UTF-8', 'LC_PAPER': 'en_AU.UTF-8', 'COLCON': '1', 'VTE_VERSION': '6800', 'CMAKE_PREFIX_PATH': '/home/yahboom/5550_ros2_ws/install/example_cpp:/home/yahboom/5550_ros2_ws/install/cartographer_ros_msgs:/home/yahboom/5550_ros2_ws/install/cartographer:/home/yahboom/yahboomcar_ws/install/ydlidar_ros2_driver:/home/yahboom/yahboomcar_ws/install/slam_gmapping:/home/yahboom/yahboomcar_ws/install/rf2o_laser_odometry:/home/yahboom/yahboomcar_ws/install/openslam_gmapping'}, 'shell': False}
[0.736982] (cartographer) StdoutLine: {'line': b'-- Found required Ceres dependency: gflags\n'}
[0.737056] (cartographer) StdoutLine: {'line': b'-- Found Ceres version: 2.0.0 installed in: /usr with components: [EigenSparse, SparseLinearAlgebraLibrary, LAPACK, SuiteSparse, CXSparse, SchurSpecializations, Multithreading]\n'}
[0.741171] (cartographer) StderrLine: {'line': b'\x1b[33mCMake Warning (dev) at /usr/share/cmake-3.22/Modules/FindPackageHandleStandardArgs.cmake:438 (message):\n'}
[0.744460] (cartographer) StderrLine: {'line': b'  The package name passed to `find_package_handle_standard_args` (Lua) does\n'}
[0.744558] (cartographer) StderrLine: {'line': b'  not match the name of the calling package (LuaGoogle).  This can lead to\n'}
[0.744625] (cartographer) StderrLine: {'line': b'  problems in calling code that expects `find_package` result variables\n'}
[0.744689] (cartographer) StderrLine: {'line': b'  (e.g., `_FOUND`) to follow a certain pattern.\n'}
[0.744765] (cartographer) StderrLine: {'line': b'Call Stack (most recent call first):\n'}
[0.744828] (cartographer) StderrLine: {'line': b'  cmake/modules/FindLuaGoogle.cmake:211 (FIND_PACKAGE_HANDLE_STANDARD_ARGS)\n'}
[0.744910] (cartographer) StderrLine: {'line': b'  CMakeLists.txt:41 (find_package)\n'}
[0.744975] (cartographer) StderrLine: {'line': b'This warning is for project developers.  Use -Wno-dev to suppress it.\n'}
[0.745097] (cartographer) StderrLine: {'line': b'\x1b[0m\n'}
[0.745194] (cartographer) StdoutLine: {'line': b'-- Found Lua: /usr/lib/x86_64-linux-gnu/liblua5.2.so;/usr/lib/x86_64-linux-gnu/libm.so (found version "5.2.4") \n'}
[0.762669] (cartographer) StdoutLine: {'line': b'-- Found Protobuf: /usr/lib/x86_64-linux-gnu/libprotobuf.so (found suitable version "3.12.4", minimum required is "3.0.0") \n'}
[0.764003] (example_cpp) StdoutLine: {'line': b'-- Found rosidl_generator_c: 3.1.5 (/opt/ros/humble/share/rosidl_generator_c/cmake)\n'}
[0.768202] (cartographer) StdoutLine: {'line': b'-- Found PkgConfig: /usr/bin/pkg-config (found version "0.29.2") \n'}
[0.768618] (example_cpp) StdoutLine: {'line': b'-- Found rosidl_adapter: 3.1.5 (/opt/ros/humble/share/rosidl_adapter/cmake)\n'}
[0.770726] (cartographer) StdoutLine: {'line': b"-- Checking for one of the modules 'cairo>=1.12.16'\n"}
[0.776818] (example_cpp) StdoutLine: {'line': b'-- Found rosidl_generator_cpp: 3.1.5 (/opt/ros/humble/share/rosidl_generator_cpp/cmake)\n'}
[0.791765] (example_cpp) StdoutLine: {'line': b'-- Using all available rosidl_typesupport_c: rosidl_typesupport_fastrtps_c;rosidl_typesupport_introspection_c\n'}
[0.803535] (-) TimerEvent: {}
[0.808204] (example_cpp) StdoutLine: {'line': b'-- Using all available rosidl_typesupport_cpp: rosidl_typesupport_fastrtps_cpp;rosidl_typesupport_introspection_cpp\n'}
[0.840008] (cartographer) StdoutLine: {'line': b'-- Found Sphinx: /usr/bin/sphinx-build  \n'}
[0.890634] (cartographer) StdoutLine: {'line': b'-- Configuring done\n'}
[0.891124] (example_cpp) StdoutLine: {'line': b'-- Found rmw_implementation_cmake: 6.1.1 (/opt/ros/humble/share/rmw_implementation_cmake/cmake)\n'}
[0.895121] (example_cpp) StdoutLine: {'line': b'-- Found rmw_fastrtps_cpp: 6.2.6 (/opt/ros/humble/share/rmw_fastrtps_cpp/cmake)\n'}
[0.904743] (-) TimerEvent: {}
[0.952470] (drone_description) StdoutLine: {'line': b'running develop\n'}
[0.953408] (drone_description) StderrLine: {'line': b'/usr/lib/python3/dist-packages/setuptools/command/easy_install.py:158: EasyInstallDeprecationWarning: easy_install command is deprecated. Use build and pip and other standards-based tools.\n'}
[0.953537] (drone_description) StderrLine: {'line': b'  warnings.warn(\n'}
[1.004883] (-) TimerEvent: {}
[1.008965] (example_cpp) StdoutLine: {'line': b'-- Found OpenSSL: /usr/lib/x86_64-linux-gnu/libcrypto.so (found version "3.0.2")  \n'}
[1.037746] (example_cpp) StdoutLine: {'line': b'-- Found FastRTPS: /opt/ros/humble/include  \n'}
[1.079281] (example_cpp) StdoutLine: {'line': b"-- Using RMW implementation 'rmw_fastrtps_cpp' as default\n"}
[1.091384] (drone_description) StdoutLine: {'line': b'running egg_info\n'}
[1.091560] (drone_description) StdoutLine: {'line': b'creating drone_description.egg-info\n'}
[1.091661] (drone_description) StdoutLine: {'line': b'writing drone_description.egg-info/PKG-INFO\n'}
[1.091856] (drone_description) StdoutLine: {'line': b'writing dependency_links to drone_description.egg-info/dependency_links.txt\n'}
[1.091965] (drone_description) StdoutLine: {'line': b'writing entry points to drone_description.egg-info/entry_points.txt\n'}
[1.092112] (drone_description) StdoutLine: {'line': b'writing requirements to drone_description.egg-info/requires.txt\n'}
[1.092692] (drone_description) StdoutLine: {'line': b'writing top-level names to drone_description.egg-info/top_level.txt\n'}
[1.093852] (example_cpp) StdoutLine: {'line': b'-- Looking for pthread.h\n'}
[1.093958] (drone_description) StdoutLine: {'line': b"writing manifest file 'drone_description.egg-info/SOURCES.txt'\n"}
[1.094016] (drone_description) StdoutLine: {'line': b"reading manifest file 'drone_description.egg-info/SOURCES.txt'\n"}
[1.094195] (drone_description) StdoutLine: {'line': b"writing manifest file 'drone_description.egg-info/SOURCES.txt'\n"}
[1.095468] (drone_description) StdoutLine: {'line': b'running build_ext\n'}
[1.095601] (drone_description) StdoutLine: {'line': b'Creating /home/yahboom/5550_ros2_ws/install/drone_description/lib/python3.10/site-packages/drone-description.egg-link (link to .)\n'}
[1.096271] (drone_description) StdoutLine: {'line': b'\n'}
[1.096384] (drone_description) StdoutLine: {'line': b'Installed /home/yahboom/5550_ros2_ws/build/drone_description\n'}
[1.096481] (drone_description) StdoutLine: {'line': b'running symlink_data\n'}
[1.096550] (drone_description) StdoutLine: {'line': b'creating /home/yahboom/5550_ros2_ws/install/drone_description/share/ament_index\n'}
[1.098741] (drone_description) StdoutLine: {'line': b'creating /home/yahboom/5550_ros2_ws/install/drone_description/share/ament_index/resource_index\n'}
[1.098838] (drone_description) StdoutLine: {'line': b'creating /home/yahboom/5550_ros2_ws/install/drone_description/share/ament_index/resource_index/packages\n'}
[1.098897] (drone_description) StdoutLine: {'line': b'symbolically linking /home/yahboom/5550_ros2_ws/build/drone_description/resource/drone_description -> /home/yahboom/5550_ros2_ws/install/drone_description/share/ament_index/resource_index/packages\n'}
[1.098954] (drone_description) StdoutLine: {'line': b'symbolically linking /home/yahboom/5550_ros2_ws/build/drone_description/package.xml -> /home/yahboom/5550_ros2_ws/install/drone_description/share/drone_description\n'}
[1.099010] (drone_description) StdoutLine: {'line': b'creating /home/yahboom/5550_ros2_ws/install/drone_description/share/drone_description/urdf\n'}
[1.099064] (drone_description) StdoutLine: {'line': b'symbolically linking /home/yahboom/5550_ros2_ws/build/drone_description/urdf/drone_base.urdf -> /home/yahboom/5550_ros2_ws/install/drone_description/share/drone_description/urdf\n'}
[1.099117] (drone_description) StdoutLine: {'line': b'creating /home/yahboom/5550_ros2_ws/install/drone_description/share/drone_description/launch\n'}
[1.099170] (drone_description) StdoutLine: {'line': b'symbolically linking /home/yahboom/5550_ros2_ws/build/drone_description/launch/display_rviz2.launch.py -> /home/yahboom/5550_ros2_ws/install/drone_description/share/drone_description/launch\n'}
[1.099222] (drone_description) StdoutLine: {'line': b'symbolically linking /home/yahboom/5550_ros2_ws/build/drone_description/launch/spawn_in_gazebo.launch.py -> /home/yahboom/5550_ros2_ws/install/drone_description/share/drone_description/launch\n'}
[1.099274] (drone_description) StdoutLine: {'line': b'creating /home/yahboom/5550_ros2_ws/install/drone_description/share/drone_description/worlds\n'}
[1.099326] (drone_description) StdoutLine: {'line': b'symbolically linking /home/yahboom/5550_ros2_ws/build/drone_description/worlds/room4.world -> /home/yahboom/5550_ros2_ws/install/drone_description/share/drone_description/worlds\n'}
[1.104959] (-) TimerEvent: {}
[1.113586] (drone_description) CommandEnded: {'returncode': 0}
[1.126605] (drone_description) JobEnded: {'identifier': 'drone_description', 'rc': 0}
[1.148433] (cartographer) StdoutLine: {'line': b'-- Generating done\n'}
[1.154794] (cartographer) StdoutLine: {'line': b'-- Build files have been written to: /home/yahboom/5550_ros2_ws/build/cartographer\n'}
[1.164217] (cartographer) CommandEnded: {'returncode': 0}
[1.166368] (cartographer) JobProgress: {'identifier': 'cartographer', 'progress': 'build'}
[1.166420] (cartographer) Command: {'cmd': ['/usr/bin/cmake', '--build', '/home/yahboom/5550_ros2_ws/build/cartographer', '--', '-j4', '-l4'], 'cwd': '/home/yahboom/5550_ros2_ws/build/cartographer', 'env': OrderedDict([('LESSOPEN', '| /usr/bin/lesspipe %s'), ('USER', 'yahboom'), ('LC_TIME', 'en_AU.UTF-8'), ('XDG_SESSION_TYPE', 'wayland'), ('SHLVL', '1'), ('LD_LIBRARY_PATH', '/home/yahboom/5550_ros2_ws/install/cartographer_ros_msgs/lib:/home/yahboom/yahboomcar_ws/install/openslam_gmapping/lib:/usr/lib/x86_64-linux-gnu/gazebo-11/plugins:/opt/ros/humble/opt/rviz_ogre_vendor/lib:/opt/ros/humble/lib/x86_64-linux-gnu:/opt/ros/humble/lib'), ('HOME', '/home/yahboom'), ('OLDPWD', '/home/yahboom/5550_ros2_ws/src'), ('DESKTOP_SESSION', 'ubuntu'), ('ROS_PYTHON_VERSION', '3'), ('GNOME_SHELL_SESSION_MODE', 'ubuntu'), ('GTK_MODULES', 'gail:atk-bridge'), ('LC_MONETARY', 'en_AU.UTF-8'), ('DBUS_STARTER_BUS_TYPE', 'session'), ('SYSTEMD_EXEC_PID', '1207'), ('DBUS_SESSION_BUS_ADDRESS', 'unix:path=/run/user/1000/bus,guid=3b63875a28f7ace014de708968a2af05'), ('COLORTERM', 'truecolor'), ('IM_CONFIG_PHASE', '1'), ('WAYLAND_DISPLAY', 'wayland-0'), ('COLCON_PREFIX_PATH', '/home/yahboom/5550_ros2_ws/install:/home/yahboom/yahboomcar_ws/install'), ('ROS_DISTRO', 'humble'), ('LOGNAME', 'yahboom'), ('_', '/usr/bin/colcon'), ('ROS_VERSION', '2'), ('PKG_CONFIG_PATH', '/home/yahboom/5550_ros2_ws/install/cartographer/lib/x86_64-linux-gnu/pkgconfig:/home/yahboom/5550_ros2_ws/install/cartographer/lib/pkgconfig'), ('XDG_SESSION_CLASS', 'user'), ('USERNAME', 'yahboom'), ('TERM', 'xterm-256color'), ('GNOME_DESKTOP_SESSION_ID', 'this-is-deprecated'), ('ROS_LOCALHOST_ONLY', '0'), ('PATH', '/home/yahboom/5550_ros2_ws/install/cartographer/bin:/opt/ros/humble/bin:/usr/local/sbin:/usr/local/bin:/usr/sbin:/usr/bin:/sbin:/bin:/usr/games:/usr/local/games:/snap/bin:/snap/bin'), ('SESSION_MANAGER', 'local/676rb16:@/tmp/.ICE-unix/1207,unix/676rb16:/tmp/.ICE-unix/1207'), ('PAPERSIZE', 'a4'), ('XDG_MENU_PREFIX', 'gnome-'), ('LC_ADDRESS', 'en_AU.UTF-8'), ('GNOME_TERMINAL_SCREEN', '/org/gnome/Terminal/screen/71ee0731_dd8d_4273_80ff_3f9e8885a6d0'), ('GNOME_SETUP_DISPLAY', ':1'), ('XDG_RUNTIME_DIR', '/run/user/1000'), ('DISPLAY', ':0'), ('LANG', 'en_US.UTF-8'), ('XDG_CURRENT_DESKTOP', 'ubuntu:GNOME'), ('LC_TELEPHONE', 'en_AU.UTF-8'), ('XMODIFIERS', '@im=ibus'), ('XDG_SESSION_DESKTOP', 'ubuntu'), ('XAUTHORITY', '/run/user/1000/.mutter-Xwaylandauth.PDBPB3'), ('LS_COLORS', 'rs=0:di=01;34:ln=01;36:mh=00:pi=40;33:so=01;35:do=01;35:bd=40;33;01:cd=40;33;01:or=40;31;01:mi=00:su=37;41:sg=30;43:ca=30;41:tw=30;42:ow=34;42:st=37;44:ex=01;32:*.tar=01;31:*.tgz=01;31:*.arc=01;31:*.arj=01;31:*.taz=01;31:*.lha=01;31:*.lz4=01;31:*.lzh=01;31:*.lzma=01;31:*.tlz=01;31:*.txz=01;31:*.tzo=01;31:*.t7z=01;31:*.zip=01;31:*.z=01;31:*.dz=01;31:*.gz=01;31:*.lrz=01;31:*.lz=01;31:*.lzo=01;31:*.xz=01;31:*.zst=01;31:*.tzst=01;31:*.bz2=01;31:*.bz=01;31:*.tbz=01;31:*.tbz2=01;31:*.tz=01;31:*.deb=01;31:*.rpm=01;31:*.jar=01;31:*.war=01;31:*.ear=01;31:*.sar=01;31:*.rar=01;31:*.alz=01;31:*.ace=01;31:*.zoo=01;31:*.cpio=01;31:*.7z=01;31:*.rz=01;31:*.cab=01;31:*.wim=01;31:*.swm=01;31:*.dwm=01;31:*.esd=01;31:*.jpg=01;35:*.jpeg=01;35:*.mjpg=01;35:*.mjpeg=01;35:*.gif=01;35:*.bmp=01;35:*.pbm=01;35:*.pgm=01;35:*.ppm=01;35:*.tga=01;35:*.xbm=01;35:*.xpm=01;35:*.tif=01;35:*.tiff=01;35:*.png=01;35:*.svg=01;35:*.svgz=01;35:*.mng=01;35:*.pcx=01;35:*.mov=01;35:*.mpg=01;35:*.mpeg=01;35:*.m2v=01;35:*.mkv=01;35:*.webm=01;35:*.webp=01;35:*.ogm=01;35:*.mp4=01;35:*.m4v=01;35:*.mp4v=01;35:*.vob=01;35:*.qt=01;35:*.nuv=01;35:*.wmv=01;35:*.asf=01;35:*.rm=01;35:*.rmvb=01;35:*.flc=01;35:*.avi=01;35:*.fli=01;35:*.flv=01;35:*.gl=01;35:*.dl=01;35:*.xcf=01;35:*.xwd=01;35:*.yuv=01;35:*.cgm=01;35:*.emf=01;35:*.ogv=01;35:*.ogx=01;35:*.aac=00;36:*.au=00;36:*.flac=00;36:*.m4a=00;36:*.mid=00;36:*.midi=00;36:*.mka=00;36:*.mp3=00;36:*.mpc=00;36:*.ogg=00;36:*.ra=00;36:*.wav=00;36:*.oga=00;36:*.opus=00;36:*.spx=00;36:*.xspf=00;36:'), ('GNOME_TERMINAL_SERVICE', ':1.134'), ('SSH_AGENT_LAUNCHER', 'gnome-keyring'), ('SSH_AUTH_SOCK', '/run/user/1000/keyring/ssh'), ('AMENT_PREFIX_PATH', '/home/yahboom/5550_ros2_ws/install/example_cpp:/home/yahboom/5550_ros2_ws/install/drone_description:/home/yahboom/5550_ros2_ws/install/cartographer_ros_msgs:/home/yahboom/yahboomcar_ws/install/ydlidar_ros2_driver:/home/yahboom/yahboomcar_ws/install/slam_gmapping:/home/yahboom/yahboomcar_ws/install/rf2o_laser_odometry:/home/yahboom/yahboomcar_ws/install/openslam_gmapping:/opt/ros/humble'), ('SHELL', '/bin/bash'), ('LC_NAME', 'en_AU.UTF-8'), ('QT_ACCESSIBILITY', '1'), ('GDMSESSION', 'ubuntu'), ('LESSCLOSE', '/usr/bin/lesspipe %s %s'), ('LC_MEASUREMENT', 'en_AU.UTF-8'), ('LC_IDENTIFICATION', 'en_AU.UTF-8'), ('QT_IM_MODULE', 'ibus'), ('PWD', '/home/yahboom/5550_ros2_ws/build/cartographer'), ('LC_ALL', 'en_US.UTF-8'), ('XDG_CONFIG_DIRS', '/etc/xdg/xdg-ubuntu:/etc/xdg'), ('DBUS_STARTER_ADDRESS', 'unix:path=/run/user/1000/bus,guid=3b63875a28f7ace014de708968a2af05'), ('XDG_DATA_DIRS', '/usr/share/ubuntu:/usr/local/share/:/usr/share/:/var/lib/snapd/desktop'), ('PYTHONPATH', '/home/yahboom/5550_ros2_ws/build/drone_description:/home/yahboom/5550_ros2_ws/install/drone_description/lib/python3.10/site-packages:/home/yahboom/5550_ros2_ws/install/cartographer_ros_msgs/local/lib/python3.10/dist-packages:/opt/ros/humble/lib/python3.10/site-packages:/opt/ros/humble/local/lib/python3.10/dist-packages'), ('LC_NUMERIC', 'en_AU.UTF-8'), ('LC_PAPER', 'en_AU.UTF-8'), ('COLCON', '1'), ('VTE_VERSION', '6800'), ('CMAKE_PREFIX_PATH', '/home/yahboom/5550_ros2_ws/install/example_cpp:/home/yahboom/5550_ros2_ws/install/cartographer_ros_msgs:/home/yahboom/5550_ros2_ws/install/cartographer:/home/yahboom/yahboomcar_ws/install/ydlidar_ros2_driver:/home/yahboom/yahboomcar_ws/install/slam_gmapping:/home/yahboom/yahboomcar_ws/install/rf2o_laser_odometry:/home/yahboom/yahboomcar_ws/install/openslam_gmapping:/home/yahboom/5550_ros2_ws/install/drone_description:/opt/ros/humble')]), 'shell': False}
[1.166849] (example_cpp) StdoutLine: {'line': b'-- Looking for pthread.h - found\n'}
[1.167091] (example_cpp) StdoutLine: {'line': b'-- Performing Test CMAKE_HAVE_LIBC_PTHREAD\n'}
[1.176197] (cartographer_ros_msgs) StdoutLine: {'line': b'-- Found ament_cmake_cppcheck: 0.12.10 (/opt/ros/humble/share/ament_cmake_cppcheck/cmake)\n'}
[1.180869] (cartographer_ros_msgs) StdoutLine: {'line': b'-- Found ament_cmake_cpplint: 0.12.10 (/opt/ros/humble/share/ament_cmake_cpplint/cmake)\n'}
[1.182948] (cartographer_ros_msgs) StdoutLine: {'line': b'-- Found ament_cmake_uncrustify: 0.12.10 (/opt/ros/humble/share/ament_cmake_uncrustify/cmake)\n'}
[1.186352] (cartographer_ros_msgs) StdoutLine: {'line': b'-- Found ament_cmake_ros: 0.10.0 (/opt/ros/humble/share/ament_cmake_ros/cmake)\n'}
[1.205630] (-) TimerEvent: {}
[1.229788] (cartographer) StdoutLine: {'line': b'[  0%] \x1b[34m\x1b[1mRunning C++ protocol buffer compiler on /home/yahboom/5550_ros2_ws/src/cartographer/cartographer/transform/proto/transform.proto\x1b[0m\n'}
[1.230604] (cartographer) StdoutLine: {'line': b'[  0%] \x1b[34m\x1b[1mBuilding documentation.\x1b[0m\n'}
[1.240996] (cartographer) StdoutLine: {'line': b'[  1%] \x1b[32mBuilding CXX object googletest/CMakeFiles/gtest.dir/src/gtest-all.cc.o\x1b[0m\n'}
[1.244983] (cartographer) StdoutLine: {'line': b'[  1%] Built target cartographer_detect_changes\n'}
[1.250328] (example_cpp) StdoutLine: {'line': b'-- Performing Test CMAKE_HAVE_LIBC_PTHREAD - Success\n'}
[1.250455] (example_cpp) StdoutLine: {'line': b'-- Found Threads: TRUE  \n'}
[1.251547] (cartographer) StdoutLine: {'line': b'[  1%] \x1b[34m\x1b[1mRunning C++ protocol buffer compiler on /home/yahboom/5550_ros2_ws/src/cartographer/cartographer/common/proto/ceres_solver_options.proto\x1b[0m\n'}
[1.259645] (cartographer) StdoutLine: {'line': b'[  1%] \x1b[34m\x1b[1mRunning C++ protocol buffer compiler on /home/yahboom/5550_ros2_ws/src/cartographer/cartographer/ground_truth/proto/relations.proto\x1b[0m\n'}
[1.273133] (cartographer) StdoutLine: {'line': b'[  2%] \x1b[34m\x1b[1mRunning C++ protocol buffer compiler on /home/yahboom/5550_ros2_ws/src/cartographer/cartographer/mapping/proto/cell_limits_2d.proto\x1b[0m\n'}
[1.284812] (cartographer) StdoutLine: {'line': b'[  2%] \x1b[34m\x1b[1mRunning C++ protocol buffer compiler on /home/yahboom/5550_ros2_ws/src/cartographer/cartographer/mapping/proto/connected_components.proto\x1b[0m\n'}
[1.285127] (cartographer) StdoutLine: {'line': b'[  2%] \x1b[34m\x1b[1mRunning C++ protocol buffer compiler on /home/yahboom/5550_ros2_ws/src/cartographer/cartographer/mapping/proto/grid_2d.proto\x1b[0m\n'}
[1.303641] (cartographer) StdoutLine: {'line': b'[  2%] \x1b[34m\x1b[1mRunning C++ protocol buffer compiler on /home/yahboom/5550_ros2_ws/src/cartographer/cartographer/mapping/proto/grid_2d_options.proto\x1b[0m\n'}
[1.305706] (-) TimerEvent: {}
[1.306377] (cartographer) StdoutLine: {'line': b'[  3%] \x1b[34m\x1b[1mRunning C++ protocol buffer compiler on /home/yahboom/5550_ros2_ws/src/cartographer/cartographer/mapping/proto/hybrid_grid.proto\x1b[0m\n'}
[1.316069] (cartographer) StdoutLine: {'line': b'[  3%] \x1b[34m\x1b[1mRunning C++ protocol buffer compiler on /home/yahboom/5550_ros2_ws/src/cartographer/cartographer/mapping/proto/local_trajectory_builder_options_2d.proto\x1b[0m\n'}
[1.319252] (cartographer) StdoutLine: {'line': b'[  3%] \x1b[34m\x1b[1mRunning C++ protocol buffer compiler on /home/yahboom/5550_ros2_ws/src/cartographer/cartographer/mapping/proto/local_trajectory_builder_options_3d.proto\x1b[0m\n'}
[1.343806] (cartographer) StdoutLine: {'line': b'[  4%] \x1b[34m\x1b[1mRunning C++ protocol buffer compiler on /home/yahboom/5550_ros2_ws/src/cartographer/cartographer/mapping/proto/map_limits.proto\x1b[0m\n'}
[1.345954] (cartographer) StdoutLine: {'line': b'[  4%] \x1b[34m\x1b[1mRunning C++ protocol buffer compiler on /home/yahboom/5550_ros2_ws/src/cartographer/cartographer/mapping/proto/map_builder_options.proto\x1b[0m\n'}
[1.365813] (cartographer) StdoutLine: {'line': b'[  4%] \x1b[34m\x1b[1mRunning C++ protocol buffer compiler on /home/yahboom/5550_ros2_ws/src/cartographer/cartographer/mapping/proto/motion_filter_options.proto\x1b[0m\n'}
[1.373388] (cartographer) StdoutLine: {'line': b'[  4%] \x1b[34m\x1b[1mRunning C++ protocol buffer compiler on /home/yahboom/5550_ros2_ws/src/cartographer/cartographer/mapping/proto/normal_estimation_options_2d.proto\x1b[0m\n'}
[1.389278] (cartographer) StdoutLine: {'line': b'[  4%] \x1b[34m\x1b[1mRunning C++ protocol buffer compiler on /home/yahboom/5550_ros2_ws/src/cartographer/cartographer/mapping/proto/pose_extrapolator_options.proto\x1b[0m\n'}
[1.397766] (cartographer) StdoutLine: {'line': b'[  5%] \x1b[34m\x1b[1mRunning C++ protocol buffer compiler on /home/yahboom/5550_ros2_ws/src/cartographer/cartographer/mapping/proto/pose_graph.proto\x1b[0m\n'}
[1.405734] (-) TimerEvent: {}
[1.413376] (cartographer) StdoutLine: {'line': b'[  5%] \x1b[34m\x1b[1mRunning C++ protocol buffer compiler on /home/yahboom/5550_ros2_ws/src/cartographer/cartographer/mapping/proto/pose_graph/constraint_builder_options.proto\x1b[0m\n'}
[1.423082] (cartographer) StdoutLine: {'line': b'[  5%] \x1b[34m\x1b[1mRunning C++ protocol buffer compiler on /home/yahboom/5550_ros2_ws/src/cartographer/cartographer/mapping/proto/pose_graph/optimization_problem_options.proto\x1b[0m\n'}
[1.443068] (cartographer) StdoutLine: {'line': b'[  5%] \x1b[34m\x1b[1mRunning C++ protocol buffer compiler on /home/yahboom/5550_ros2_ws/src/cartographer/cartographer/mapping/proto/pose_graph_options.proto\x1b[0m\n'}
[1.448591] (cartographer) StdoutLine: {'line': b'[  6%] \x1b[34m\x1b[1mRunning C++ protocol buffer compiler on /home/yahboom/5550_ros2_ws/src/cartographer/cartographer/mapping/proto/probability_grid.proto\x1b[0m\n'}
[1.449340] (example_cpp) StdoutLine: {'line': b'-- Found ament_lint_auto: 0.12.10 (/opt/ros/humble/share/ament_lint_auto/cmake)\n'}
[1.475749] (cartographer) StdoutLine: {'line': b'[  6%] \x1b[34m\x1b[1mRunning C++ protocol buffer compiler on /home/yahboom/5550_ros2_ws/src/cartographer/cartographer/mapping/proto/probability_grid_range_data_inserter_options_2d.proto\x1b[0m\n'}
[1.476021] (cartographer) StdoutLine: {'line': b'[  6%] \x1b[34m\x1b[1mRunning C++ protocol buffer compiler on /home/yahboom/5550_ros2_ws/src/cartographer/cartographer/mapping/proto/range_data_inserter_options.proto\x1b[0m\n'}
[1.498211] (cartographer) StdoutLine: {'line': b'[  6%] \x1b[34m\x1b[1mRunning C++ protocol buffer compiler on /home/yahboom/5550_ros2_ws/src/cartographer/cartographer/mapping/proto/range_data_inserter_options_3d.proto\x1b[0m\n'}
[1.502568] (cartographer) StdoutLine: {'line': b'[  7%] \x1b[34m\x1b[1mRunning C++ protocol buffer compiler on /home/yahboom/5550_ros2_ws/src/cartographer/cartographer/mapping/proto/scan_matching/ceres_scan_matcher_options_2d.proto\x1b[0m\n'}
[1.505852] (-) TimerEvent: {}
[1.526797] (cartographer) StdoutLine: {'line': b'[  7%] \x1b[34m\x1b[1mRunning C++ protocol buffer compiler on /home/yahboom/5550_ros2_ws/src/cartographer/cartographer/mapping/proto/scan_matching/ceres_scan_matcher_options_3d.proto\x1b[0m\n'}
[1.527334] (cartographer) StdoutLine: {'line': b'[  7%] \x1b[34m\x1b[1mRunning C++ protocol buffer compiler on /home/yahboom/5550_ros2_ws/src/cartographer/cartographer/mapping/proto/scan_matching/fast_correlative_scan_matcher_options_2d.proto\x1b[0m\n'}
[1.544312] (cartographer) StdoutLine: {'line': b'[  7%] \x1b[34m\x1b[1mRunning C++ protocol buffer compiler on /home/yahboom/5550_ros2_ws/src/cartographer/cartographer/mapping/proto/scan_matching/fast_correlative_scan_matcher_options_3d.proto\x1b[0m\n'}
[1.553665] (cartographer) StdoutLine: {'line': b'[  8%] \x1b[34m\x1b[1mRunning C++ protocol buffer compiler on /home/yahboom/5550_ros2_ws/src/cartographer/cartographer/mapping/proto/scan_matching/real_time_correlative_scan_matcher_options.proto\x1b[0m\n'}
[1.560156] (cartographer) StdoutLine: {'line': b'[  8%] \x1b[34m\x1b[1mRunning C++ protocol buffer compiler on /home/yahboom/5550_ros2_ws/src/cartographer/cartographer/mapping/proto/serialization.proto\x1b[0m\n'}
[1.560336] (cartographer_ros_msgs) StdoutLine: {'line': b'-- Using all available rosidl_typesupport_c: rosidl_typesupport_fastrtps_c;rosidl_typesupport_introspection_c\n'}
[1.580366] (cartographer) StdoutLine: {'line': b'[  8%] \x1b[34m\x1b[1mRunning C++ protocol buffer compiler on /home/yahboom/5550_ros2_ws/src/cartographer/cartographer/mapping/proto/submap.proto\x1b[0m\n'}
[1.581664] (cartographer) StdoutLine: {'line': b'\x1b[01mRunning Sphinx v4.3.2\x1b[39;49;00m\n'}
[1.585807] (example_cpp) StdoutLine: {'line': b"-- Added test 'cppcheck' to perform static code analysis on C / C++ code\n"}
[1.585956] (example_cpp) StdoutLine: {'line': b'-- Configured cppcheck include dirs: \n'}
[1.586019] (example_cpp) StdoutLine: {'line': b'-- Configured cppcheck exclude dirs and/or files: \n'}
[1.586743] (example_cpp) StdoutLine: {'line': b"-- Added test 'flake8' to check Python code syntax and style conventions\n"}
[1.589949] (example_cpp) StdoutLine: {'line': b"-- Added test 'lint_cmake' to check CMake code style\n"}
[1.590047] (example_cpp) StdoutLine: {'line': b"-- Added test 'pep257' to check Python code against some of the docstring style conventions in PEP 257\n"}
[1.592675] (example_cpp) StdoutLine: {'line': b"-- Added test 'uncrustify' to check C / C++ code style\n"}
[1.592784] (example_cpp) StdoutLine: {'line': b'-- Configured uncrustify additional arguments: \n'}
[1.593229] (cartographer) StdoutLine: {'line': b'[  8%] \x1b[34m\x1b[1mRunning C++ protocol buffer compiler on /home/yahboom/5550_ros2_ws/src/cartographer/cartographer/mapping/proto/submap_visualization.proto\x1b[0m\n'}
[1.593448] (example_cpp) StdoutLine: {'line': b"-- Added test 'xmllint' to check XML markup files\n"}
[1.597151] (cartographer) StdoutLine: {'line': b'[  9%] \x1b[34m\x1b[1mRunning C++ protocol buffer compiler on /home/yahboom/5550_ros2_ws/src/cartographer/cartographer/mapping/proto/submaps_options_2d.proto\x1b[0m\n'}
[1.599205] (example_cpp) StdoutLine: {'line': b'-- Configuring done\n'}
[1.605892] (-) TimerEvent: {}
[1.607800] (example_cpp) StdoutLine: {'line': b'-- Generating done\n'}
[1.610266] (example_cpp) StdoutLine: {'line': b'-- Build files have been written to: /home/yahboom/5550_ros2_ws/build/example_cpp\n'}
[1.619434] (cartographer) StdoutLine: {'line': b'[  9%] \x1b[34m\x1b[1mRunning C++ protocol buffer compiler on /home/yahboom/5550_ros2_ws/src/cartographer/cartographer/mapping/proto/submaps_options_3d.proto\x1b[0m\n'}
[1.622849] (cartographer) StdoutLine: {'line': b'[  9%] \x1b[34m\x1b[1mRunning C++ protocol buffer compiler on /home/yahboom/5550_ros2_ws/src/cartographer/cartographer/mapping/proto/trajectory.proto\x1b[0m\n'}
[1.626068] (example_cpp) CommandEnded: {'returncode': 0}
[1.626292] (example_cpp) JobProgress: {'identifier': 'example_cpp', 'progress': 'build'}
[1.626314] (example_cpp) Command: {'cmd': ['/usr/bin/cmake', '--build', '/home/yahboom/5550_ros2_ws/build/example_cpp', '--', '-j4', '-l4'], 'cwd': '/home/yahboom/5550_ros2_ws/build/example_cpp', 'env': OrderedDict([('LESSOPEN', '| /usr/bin/lesspipe %s'), ('USER', 'yahboom'), ('LC_TIME', 'en_AU.UTF-8'), ('XDG_SESSION_TYPE', 'wayland'), ('SHLVL', '1'), ('LD_LIBRARY_PATH', '/home/yahboom/5550_ros2_ws/install/cartographer_ros_msgs/lib:/home/yahboom/yahboomcar_ws/install/openslam_gmapping/lib:/usr/lib/x86_64-linux-gnu/gazebo-11/plugins:/opt/ros/humble/opt/rviz_ogre_vendor/lib:/opt/ros/humble/lib/x86_64-linux-gnu:/opt/ros/humble/lib'), ('HOME', '/home/yahboom'), ('OLDPWD', '/home/yahboom/5550_ros2_ws/src'), ('DESKTOP_SESSION', 'ubuntu'), ('ROS_PYTHON_VERSION', '3'), ('GNOME_SHELL_SESSION_MODE', 'ubuntu'), ('GTK_MODULES', 'gail:atk-bridge'), ('LC_MONETARY', 'en_AU.UTF-8'), ('DBUS_STARTER_BUS_TYPE', 'session'), ('SYSTEMD_EXEC_PID', '1207'), ('DBUS_SESSION_BUS_ADDRESS', 'unix:path=/run/user/1000/bus,guid=3b63875a28f7ace014de708968a2af05'), ('COLORTERM', 'truecolor'), ('IM_CONFIG_PHASE', '1'), ('WAYLAND_DISPLAY', 'wayland-0'), ('COLCON_PREFIX_PATH', '/home/yahboom/5550_ros2_ws/install:/home/yahboom/yahboomcar_ws/install'), ('ROS_DISTRO', 'humble'), ('LOGNAME', 'yahboom'), ('_', '/usr/bin/colcon'), ('ROS_VERSION', '2'), ('PKG_CONFIG_PATH', '/home/yahboom/5550_ros2_ws/install/cartographer/lib/x86_64-linux-gnu/pkgconfig:/home/yahboom/5550_ros2_ws/install/cartographer/lib/pkgconfig'), ('XDG_SESSION_CLASS', 'user'), ('USERNAME', 'yahboom'), ('TERM', 'xterm-256color'), ('GNOME_DESKTOP_SESSION_ID', 'this-is-deprecated'), ('ROS_LOCALHOST_ONLY', '0'), ('PATH', '/home/yahboom/5550_ros2_ws/install/cartographer/bin:/opt/ros/humble/bin:/usr/local/sbin:/usr/local/bin:/usr/sbin:/usr/bin:/sbin:/bin:/usr/games:/usr/local/games:/snap/bin:/snap/bin'), ('SESSION_MANAGER', 'local/676rb16:@/tmp/.ICE-unix/1207,unix/676rb16:/tmp/.ICE-unix/1207'), ('PAPERSIZE', 'a4'), ('XDG_MENU_PREFIX', 'gnome-'), ('LC_ADDRESS', 'en_AU.UTF-8'), ('GNOME_TERMINAL_SCREEN', '/org/gnome/Terminal/screen/71ee0731_dd8d_4273_80ff_3f9e8885a6d0'), ('GNOME_SETUP_DISPLAY', ':1'), ('XDG_RUNTIME_DIR', '/run/user/1000'), ('DISPLAY', ':0'), ('LANG', 'en_US.UTF-8'), ('XDG_CURRENT_DESKTOP', 'ubuntu:GNOME'), ('LC_TELEPHONE', 'en_AU.UTF-8'), ('XMODIFIERS', '@im=ibus'), ('XDG_SESSION_DESKTOP', 'ubuntu'), ('XAUTHORITY', '/run/user/1000/.mutter-Xwaylandauth.PDBPB3'), ('LS_COLORS', 'rs=0:di=01;34:ln=01;36:mh=00:pi=40;33:so=01;35:do=01;35:bd=40;33;01:cd=40;33;01:or=40;31;01:mi=00:su=37;41:sg=30;43:ca=30;41:tw=30;42:ow=34;42:st=37;44:ex=01;32:*.tar=01;31:*.tgz=01;31:*.arc=01;31:*.arj=01;31:*.taz=01;31:*.lha=01;31:*.lz4=01;31:*.lzh=01;31:*.lzma=01;31:*.tlz=01;31:*.txz=01;31:*.tzo=01;31:*.t7z=01;31:*.zip=01;31:*.z=01;31:*.dz=01;31:*.gz=01;31:*.lrz=01;31:*.lz=01;31:*.lzo=01;31:*.xz=01;31:*.zst=01;31:*.tzst=01;31:*.bz2=01;31:*.bz=01;31:*.tbz=01;31:*.tbz2=01;31:*.tz=01;31:*.deb=01;31:*.rpm=01;31:*.jar=01;31:*.war=01;31:*.ear=01;31:*.sar=01;31:*.rar=01;31:*.alz=01;31:*.ace=01;31:*.zoo=01;31:*.cpio=01;31:*.7z=01;31:*.rz=01;31:*.cab=01;31:*.wim=01;31:*.swm=01;31:*.dwm=01;31:*.esd=01;31:*.jpg=01;35:*.jpeg=01;35:*.mjpg=01;35:*.mjpeg=01;35:*.gif=01;35:*.bmp=01;35:*.pbm=01;35:*.pgm=01;35:*.ppm=01;35:*.tga=01;35:*.xbm=01;35:*.xpm=01;35:*.tif=01;35:*.tiff=01;35:*.png=01;35:*.svg=01;35:*.svgz=01;35:*.mng=01;35:*.pcx=01;35:*.mov=01;35:*.mpg=01;35:*.mpeg=01;35:*.m2v=01;35:*.mkv=01;35:*.webm=01;35:*.webp=01;35:*.ogm=01;35:*.mp4=01;35:*.m4v=01;35:*.mp4v=01;35:*.vob=01;35:*.qt=01;35:*.nuv=01;35:*.wmv=01;35:*.asf=01;35:*.rm=01;35:*.rmvb=01;35:*.flc=01;35:*.avi=01;35:*.fli=01;35:*.flv=01;35:*.gl=01;35:*.dl=01;35:*.xcf=01;35:*.xwd=01;35:*.yuv=01;35:*.cgm=01;35:*.emf=01;35:*.ogv=01;35:*.ogx=01;35:*.aac=00;36:*.au=00;36:*.flac=00;36:*.m4a=00;36:*.mid=00;36:*.midi=00;36:*.mka=00;36:*.mp3=00;36:*.mpc=00;36:*.ogg=00;36:*.ra=00;36:*.wav=00;36:*.oga=00;36:*.opus=00;36:*.spx=00;36:*.xspf=00;36:'), ('GNOME_TERMINAL_SERVICE', ':1.134'), ('SSH_AGENT_LAUNCHER', 'gnome-keyring'), ('SSH_AUTH_SOCK', '/run/user/1000/keyring/ssh'), ('AMENT_PREFIX_PATH', '/home/yahboom/5550_ros2_ws/install/example_cpp:/home/yahboom/5550_ros2_ws/install/drone_description:/home/yahboom/5550_ros2_ws/install/cartographer_ros_msgs:/home/yahboom/yahboomcar_ws/install/ydlidar_ros2_driver:/home/yahboom/yahboomcar_ws/install/slam_gmapping:/home/yahboom/yahboomcar_ws/install/rf2o_laser_odometry:/home/yahboom/yahboomcar_ws/install/openslam_gmapping:/opt/ros/humble'), ('SHELL', '/bin/bash'), ('LC_NAME', 'en_AU.UTF-8'), ('QT_ACCESSIBILITY', '1'), ('GDMSESSION', 'ubuntu'), ('LESSCLOSE', '/usr/bin/lesspipe %s %s'), ('LC_MEASUREMENT', 'en_AU.UTF-8'), ('LC_IDENTIFICATION', 'en_AU.UTF-8'), ('QT_IM_MODULE', 'ibus'), ('PWD', '/home/yahboom/5550_ros2_ws/build/example_cpp'), ('LC_ALL', 'en_US.UTF-8'), ('XDG_CONFIG_DIRS', '/etc/xdg/xdg-ubuntu:/etc/xdg'), ('DBUS_STARTER_ADDRESS', 'unix:path=/run/user/1000/bus,guid=3b63875a28f7ace014de708968a2af05'), ('XDG_DATA_DIRS', '/usr/share/ubuntu:/usr/local/share/:/usr/share/:/var/lib/snapd/desktop'), ('PYTHONPATH', '/home/yahboom/5550_ros2_ws/build/drone_description:/home/yahboom/5550_ros2_ws/install/drone_description/lib/python3.10/site-packages:/home/yahboom/5550_ros2_ws/install/cartographer_ros_msgs/local/lib/python3.10/dist-packages:/opt/ros/humble/lib/python3.10/site-packages:/opt/ros/humble/local/lib/python3.10/dist-packages'), ('LC_NUMERIC', 'en_AU.UTF-8'), ('LC_PAPER', 'en_AU.UTF-8'), ('COLCON', '1'), ('VTE_VERSION', '6800'), ('CMAKE_PREFIX_PATH', '/home/yahboom/5550_ros2_ws/install/example_cpp:/home/yahboom/5550_ros2_ws/install/cartographer_ros_msgs:/home/yahboom/5550_ros2_ws/install/cartographer:/home/yahboom/yahboomcar_ws/install/ydlidar_ros2_driver:/home/yahboom/yahboomcar_ws/install/slam_gmapping:/home/yahboom/yahboomcar_ws/install/rf2o_laser_odometry:/home/yahboom/yahboomcar_ws/install/openslam_gmapping:/home/yahboom/5550_ros2_ws/install/drone_description:/opt/ros/humble')]), 'shell': False}
[1.646967] (cartographer) StdoutLine: {'line': b'[ 10%] \x1b[34m\x1b[1mRunning C++ protocol buffer compiler on /home/yahboom/5550_ros2_ws/src/cartographer/cartographer/mapping/proto/trajectory_builder_options.proto\x1b[0m\n'}
[1.652843] (cartographer) StdoutLine: {'line': b'[ 10%] \x1b[34m\x1b[1mRunning C++ protocol buffer compiler on /home/yahboom/5550_ros2_ws/src/cartographer/cartographer/mapping/proto/trajectory_node_data.proto\x1b[0m\n'}
[1.665096] (cartographer) StdoutLine: {'line': b'[ 10%] \x1b[34m\x1b[1mRunning C++ protocol buffer compiler on /home/yahboom/5550_ros2_ws/src/cartographer/cartographer/mapping/proto/tsdf_2d.proto\x1b[0m\n'}
[1.674415] (cartographer) StdoutLine: {'line': b'[ 10%] \x1b[34m\x1b[1mRunning C++ protocol buffer compiler on /home/yahboom/5550_ros2_ws/src/cartographer/cartographer/mapping/proto/tsdf_range_data_inserter_options_2d.proto\x1b[0m\n'}
[1.686650] (cartographer) StdoutLine: {'line': b'[ 11%] \x1b[34m\x1b[1mRunning C++ protocol buffer compiler on /home/yahboom/5550_ros2_ws/src/cartographer/cartographer/sensor/proto/adaptive_voxel_filter_options.proto\x1b[0m\n'}
[1.692507] (cartographer) StdoutLine: {'line': b'[ 11%] \x1b[34m\x1b[1mRunning C++ protocol buffer compiler on /home/yahboom/5550_ros2_ws/src/cartographer/cartographer/sensor/proto/sensor.proto\x1b[0m\n'}
[1.701388] (example_cpp) StdoutLine: {'line': b'[ 50%] \x1b[32mBuilding CXX object CMakeFiles/node_01.dir/src/node_01.cpp.o\x1b[0m\n'}
[1.705972] (-) TimerEvent: {}
[1.708584] (cartographer) StdoutLine: {'line': b'[ 11%] \x1b[34m\x1b[1mRunning C++ protocol buffer compiler on /home/yahboom/5550_ros2_ws/src/cartographer/cartographer/transform/proto/timestamped_transform.proto\x1b[0m\n'}
[1.806069] (-) TimerEvent: {}
[1.874590] (cartographer) StdoutLine: {'line': b'\x1b[01mmaking output directory... \x1b[39;49;00mdone\n'}
[1.886167] (cartographer) StdoutLine: {'line': b'\x1b[01mbuilding [mo]: \x1b[39;49;00mtargets for 0 po files that are out of date\n'}
[1.892867] (cartographer) StdoutLine: {'line': b'\x1b[01mbuilding [html]: \x1b[39;49;00mtargets for 6 source files that are out of date\n'}
[1.893006] (cartographer) StdoutLine: {'line': b'\x1b[01mupdating environment: \x1b[39;49;00m[new config] 6 added, 0 changed, 0 removed\n'}
[1.906157] (-) TimerEvent: {}
[1.978448] (cartographer) StdoutLine: {'line': b'\x1b[01mreading sources... \x1b[39;49;00m[ 16%] \x1b[35mconfiguration\x1b[39;49;00m                                        \n'}
[1.986951] (cartographer) StdoutLine: {'line': b'\x1b[01mreading sources... \x1b[39;49;00m[ 33%] \x1b[35mcost_functions\x1b[39;49;00m                                       \n'}
[1.999103] (cartographer) StdoutLine: {'line': b'\x1b[01mreading sources... \x1b[39;49;00m[ 50%] \x1b[35mevaluation\x1b[39;49;00m                                           \n'}
[2.006244] (-) TimerEvent: {}
[2.012801] (cartographer) StdoutLine: {'line': b'\x1b[01mreading sources... \x1b[39;49;00m[ 66%] \x1b[35mindex\x1b[39;49;00m                                                \n'}
[2.017461] (cartographer) StdoutLine: {'line': b'\x1b[01mreading sources... \x1b[39;49;00m[ 83%] \x1b[35mpbstream_migration\x1b[39;49;00m                                   \n'}
[2.024289] (cartographer) StdoutLine: {'line': b'\x1b[01mreading sources... \x1b[39;49;00m[100%] \x1b[35mterminology\x1b[39;49;00m                                          \n'}
[2.024399] (cartographer) StdoutLine: {'line': b'\n'}
[2.024614] (cartographer) StdoutLine: {'line': b'\x1b[01mlooking for now-outdated files... \x1b[39;49;00mnone found\n'}
[2.025699] (cartographer) StdoutLine: {'line': b'\x1b[01mpickling environment... \x1b[39;49;00mdone\n'}
[2.026112] (cartographer) StdoutLine: {'line': b'\x1b[01mchecking consistency... \x1b[39;49;00mdone\n'}
[2.027635] (cartographer) StdoutLine: {'line': b'\x1b[01mpreparing documents... \x1b[39;49;00mdone\n'}
[2.046302] (cartographer_ros_msgs) StdoutLine: {'line': b'-- Using all available rosidl_typesupport_cpp: rosidl_typesupport_fastrtps_cpp;rosidl_typesupport_introspection_cpp\n'}
[2.046770] (cartographer) StdoutLine: {'line': b'\x1b[01mwriting output... \x1b[39;49;00m[ 16%] \x1b[32mconfiguration\x1b[39;49;00m                                         \n'}
[2.051738] (cartographer) StdoutLine: {'line': b'[ 12%] \x1b[32mBuilding CXX object CMakeFiles/cartographer.dir/cartographer/common/configuration_file_resolver.cc.o\x1b[0m\n'}
[2.054034] (cartographer) StdoutLine: {'line': b'[ 12%] \x1b[32mBuilding CXX object CMakeFiles/cartographer.dir/cartographer/common/fixed_ratio_sampler.cc.o\x1b[0m\n'}
[2.092780] (cartographer_ros_msgs) StdoutLine: {'line': b'-- Found PythonInterp: /usr/bin/python3 (found suitable version "3.10.12", minimum required is "3.6") \n'}
[2.095775] (cartographer_ros_msgs) StdoutLine: {'line': b'-- Found python_cmake_module: 0.10.0 (/opt/ros/humble/share/python_cmake_module/cmake)\n'}
[2.106333] (-) TimerEvent: {}
[2.143273] (cartographer) StdoutLine: {'line': b'\x1b[01mwriting output... \x1b[39;49;00m[ 33%] \x1b[32mcost_functions\x1b[39;49;00m                                        \n'}
[2.143554] (cartographer_ros_msgs) StdoutLine: {'line': b'-- Found PythonLibs: /usr/lib/x86_64-linux-gnu/libpython3.10.so (found suitable version "3.10.12", minimum required is "3.5") \n'}
[2.143697] (cartographer_ros_msgs) StdoutLine: {'line': b'-- Using PYTHON_EXECUTABLE: /usr/bin/python3\n'}
[2.143785] (cartographer_ros_msgs) StdoutLine: {'line': b'-- Using PYTHON_INCLUDE_DIRS: /usr/include/python3.10\n'}
[2.143844] (cartographer_ros_msgs) StdoutLine: {'line': b'-- Using PYTHON_LIBRARIES: /usr/lib/x86_64-linux-gnu/libpython3.10.so\n'}
[2.184183] (cartographer_ros_msgs) StdoutLine: {'line': b'-- Found PythonExtra: .so  \n'}
[2.206429] (-) TimerEvent: {}
[2.210125] (cartographer) StdoutLine: {'line': b'\x1b[01mwriting output... \x1b[39;49;00m[ 50%] \x1b[32mevaluation\x1b[39;49;00m                                            \n'}
[2.233184] (cartographer) StdoutLine: {'line': b'\x1b[01mwriting output... \x1b[39;49;00m[ 66%] \x1b[32mindex\x1b[39;49;00m                                                 \n'}
[2.265806] (cartographer) StdoutLine: {'line': b'\x1b[01mwriting output... \x1b[39;49;00m[ 83%] \x1b[32mpbstream_migration\x1b[39;49;00m                                    \n'}
[2.274817] (cartographer) StdoutLine: {'line': b'\x1b[01mwriting output... \x1b[39;49;00m[100%] \x1b[32mterminology\x1b[39;49;00m                                           \n'}
[2.274971] (cartographer) StdoutLine: {'line': b'\n'}
[2.289411] (cartographer) StdoutLine: {'line': b'\x1b[01mgenerating indices... \x1b[39;49;00mgenindex done\n'}
[2.300591] (cartographer) StdoutLine: {'line': b'\x1b[01mwriting additional pages... \x1b[39;49;00msearch done\n'}
[2.300836] (cartographer) StdoutLine: {'line': b'\x1b[01mcopying images... \x1b[39;49;00m[ 50%] \x1b[33mautogenerate_groundtruth.png\x1b[39;49;00m                          \n'}
[2.300995] (cartographer) StdoutLine: {'line': b'\x1b[01mcopying images... \x1b[39;49;00m[100%] \x1b[33mhigh_level_system_overview.png\x1b[39;49;00m                        \n'}
[2.301067] (cartographer) StdoutLine: {'line': b'\n'}
[2.306505] (-) TimerEvent: {}
[2.314584] (cartographer_ros_msgs) StdoutLine: {'line': b'-- Found ament_cmake_flake8: 0.12.10 (/opt/ros/humble/share/ament_cmake_flake8/cmake)\n'}
[2.319982] (cartographer_ros_msgs) StdoutLine: {'line': b'-- Found ament_cmake_pep257: 0.12.10 (/opt/ros/humble/share/ament_cmake_pep257/cmake)\n'}
[2.333958] (cartographer) StdoutLine: {'line': b'\x1b[01mcopying static files... \x1b[39;49;00mdone\n'}
[2.334127] (cartographer) StdoutLine: {'line': b'\x1b[01mcopying extra files... \x1b[39;49;00mdone\n'}
[2.335570] (cartographer) StdoutLine: {'line': b'\x1b[01mdumping search index in English (code: en)... \x1b[39;49;00mdone\n'}
[2.336359] (cartographer) StdoutLine: {'line': b'\x1b[01mdumping object inventory... \x1b[39;49;00mdone\n'}
[2.336492] (cartographer) StdoutLine: {'line': b'\x1b[01mbuild succeeded.\x1b[39;49;00m\n'}
[2.336553] (cartographer) StdoutLine: {'line': b'\n'}
[2.336611] (cartographer) StdoutLine: {'line': b'The HTML pages are in html.\n'}
[2.353602] (cartographer_ros_msgs) StdoutLine: {'line': b'-- Configuring done\n'}
[2.409768] (-) TimerEvent: {}
[2.427610] (cartographer) StdoutLine: {'line': b'[ 12%] Built target build_doc\n'}
[2.446419] (cartographer) StdoutLine: {'line': b'[ 12%] \x1b[32mBuilding CXX object CMakeFiles/cartographer.dir/cartographer/common/histogram.cc.o\x1b[0m\n'}
[2.475808] (cartographer_ros_msgs) StdoutLine: {'line': b'-- Generating done\n'}
[2.481793] (cartographer_ros_msgs) StdoutLine: {'line': b'-- Build files have been written to: /home/yahboom/5550_ros2_ws/build/cartographer_ros_msgs\n'}
[2.495951] (cartographer_ros_msgs) CommandEnded: {'returncode': 0}
[2.496494] (cartographer_ros_msgs) JobProgress: {'identifier': 'cartographer_ros_msgs', 'progress': 'build'}
[2.496859] (cartographer_ros_msgs) Command: {'cmd': ['/usr/bin/cmake', '--build', '/home/yahboom/5550_ros2_ws/build/cartographer_ros_msgs', '--', '-j4', '-l4'], 'cwd': '/home/yahboom/5550_ros2_ws/build/cartographer_ros_msgs', 'env': OrderedDict([('LESSOPEN', '| /usr/bin/lesspipe %s'), ('USER', 'yahboom'), ('LC_TIME', 'en_AU.UTF-8'), ('XDG_SESSION_TYPE', 'wayland'), ('SHLVL', '1'), ('LD_LIBRARY_PATH', '/home/yahboom/5550_ros2_ws/install/cartographer_ros_msgs/lib:/home/yahboom/yahboomcar_ws/install/openslam_gmapping/lib:/usr/lib/x86_64-linux-gnu/gazebo-11/plugins:/opt/ros/humble/opt/rviz_ogre_vendor/lib:/opt/ros/humble/lib/x86_64-linux-gnu:/opt/ros/humble/lib'), ('HOME', '/home/yahboom'), ('OLDPWD', '/home/yahboom/5550_ros2_ws/src'), ('DESKTOP_SESSION', 'ubuntu'), ('ROS_PYTHON_VERSION', '3'), ('GNOME_SHELL_SESSION_MODE', 'ubuntu'), ('GTK_MODULES', 'gail:atk-bridge'), ('LC_MONETARY', 'en_AU.UTF-8'), ('DBUS_STARTER_BUS_TYPE', 'session'), ('SYSTEMD_EXEC_PID', '1207'), ('DBUS_SESSION_BUS_ADDRESS', 'unix:path=/run/user/1000/bus,guid=3b63875a28f7ace014de708968a2af05'), ('COLORTERM', 'truecolor'), ('IM_CONFIG_PHASE', '1'), ('WAYLAND_DISPLAY', 'wayland-0'), ('COLCON_PREFIX_PATH', '/home/yahboom/5550_ros2_ws/install:/home/yahboom/yahboomcar_ws/install'), ('ROS_DISTRO', 'humble'), ('LOGNAME', 'yahboom'), ('_', '/usr/bin/colcon'), ('ROS_VERSION', '2'), ('PKG_CONFIG_PATH', '/home/yahboom/5550_ros2_ws/install/cartographer/lib/x86_64-linux-gnu/pkgconfig:/home/yahboom/5550_ros2_ws/install/cartographer/lib/pkgconfig'), ('XDG_SESSION_CLASS', 'user'), ('USERNAME', 'yahboom'), ('TERM', 'xterm-256color'), ('GNOME_DESKTOP_SESSION_ID', 'this-is-deprecated'), ('ROS_LOCALHOST_ONLY', '0'), ('PATH', '/home/yahboom/5550_ros2_ws/install/cartographer/bin:/opt/ros/humble/bin:/usr/local/sbin:/usr/local/bin:/usr/sbin:/usr/bin:/sbin:/bin:/usr/games:/usr/local/games:/snap/bin:/snap/bin'), ('SESSION_MANAGER', 'local/676rb16:@/tmp/.ICE-unix/1207,unix/676rb16:/tmp/.ICE-unix/1207'), ('PAPERSIZE', 'a4'), ('XDG_MENU_PREFIX', 'gnome-'), ('LC_ADDRESS', 'en_AU.UTF-8'), ('GNOME_TERMINAL_SCREEN', '/org/gnome/Terminal/screen/71ee0731_dd8d_4273_80ff_3f9e8885a6d0'), ('GNOME_SETUP_DISPLAY', ':1'), ('XDG_RUNTIME_DIR', '/run/user/1000'), ('DISPLAY', ':0'), ('LANG', 'en_US.UTF-8'), ('XDG_CURRENT_DESKTOP', 'ubuntu:GNOME'), ('LC_TELEPHONE', 'en_AU.UTF-8'), ('XMODIFIERS', '@im=ibus'), ('XDG_SESSION_DESKTOP', 'ubuntu'), ('XAUTHORITY', '/run/user/1000/.mutter-Xwaylandauth.PDBPB3'), ('LS_COLORS', 'rs=0:di=01;34:ln=01;36:mh=00:pi=40;33:so=01;35:do=01;35:bd=40;33;01:cd=40;33;01:or=40;31;01:mi=00:su=37;41:sg=30;43:ca=30;41:tw=30;42:ow=34;42:st=37;44:ex=01;32:*.tar=01;31:*.tgz=01;31:*.arc=01;31:*.arj=01;31:*.taz=01;31:*.lha=01;31:*.lz4=01;31:*.lzh=01;31:*.lzma=01;31:*.tlz=01;31:*.txz=01;31:*.tzo=01;31:*.t7z=01;31:*.zip=01;31:*.z=01;31:*.dz=01;31:*.gz=01;31:*.lrz=01;31:*.lz=01;31:*.lzo=01;31:*.xz=01;31:*.zst=01;31:*.tzst=01;31:*.bz2=01;31:*.bz=01;31:*.tbz=01;31:*.tbz2=01;31:*.tz=01;31:*.deb=01;31:*.rpm=01;31:*.jar=01;31:*.war=01;31:*.ear=01;31:*.sar=01;31:*.rar=01;31:*.alz=01;31:*.ace=01;31:*.zoo=01;31:*.cpio=01;31:*.7z=01;31:*.rz=01;31:*.cab=01;31:*.wim=01;31:*.swm=01;31:*.dwm=01;31:*.esd=01;31:*.jpg=01;35:*.jpeg=01;35:*.mjpg=01;35:*.mjpeg=01;35:*.gif=01;35:*.bmp=01;35:*.pbm=01;35:*.pgm=01;35:*.ppm=01;35:*.tga=01;35:*.xbm=01;35:*.xpm=01;35:*.tif=01;35:*.tiff=01;35:*.png=01;35:*.svg=01;35:*.svgz=01;35:*.mng=01;35:*.pcx=01;35:*.mov=01;35:*.mpg=01;35:*.mpeg=01;35:*.m2v=01;35:*.mkv=01;35:*.webm=01;35:*.webp=01;35:*.ogm=01;35:*.mp4=01;35:*.m4v=01;35:*.mp4v=01;35:*.vob=01;35:*.qt=01;35:*.nuv=01;35:*.wmv=01;35:*.asf=01;35:*.rm=01;35:*.rmvb=01;35:*.flc=01;35:*.avi=01;35:*.fli=01;35:*.flv=01;35:*.gl=01;35:*.dl=01;35:*.xcf=01;35:*.xwd=01;35:*.yuv=01;35:*.cgm=01;35:*.emf=01;35:*.ogv=01;35:*.ogx=01;35:*.aac=00;36:*.au=00;36:*.flac=00;36:*.m4a=00;36:*.mid=00;36:*.midi=00;36:*.mka=00;36:*.mp3=00;36:*.mpc=00;36:*.ogg=00;36:*.ra=00;36:*.wav=00;36:*.oga=00;36:*.opus=00;36:*.spx=00;36:*.xspf=00;36:'), ('GNOME_TERMINAL_SERVICE', ':1.134'), ('SSH_AGENT_LAUNCHER', 'gnome-keyring'), ('SSH_AUTH_SOCK', '/run/user/1000/keyring/ssh'), ('AMENT_PREFIX_PATH', '/home/yahboom/5550_ros2_ws/install/example_cpp:/home/yahboom/5550_ros2_ws/install/drone_description:/home/yahboom/5550_ros2_ws/install/cartographer_ros_msgs:/home/yahboom/yahboomcar_ws/install/ydlidar_ros2_driver:/home/yahboom/yahboomcar_ws/install/slam_gmapping:/home/yahboom/yahboomcar_ws/install/rf2o_laser_odometry:/home/yahboom/yahboomcar_ws/install/openslam_gmapping:/opt/ros/humble'), ('SHELL', '/bin/bash'), ('LC_NAME', 'en_AU.UTF-8'), ('QT_ACCESSIBILITY', '1'), ('GDMSESSION', 'ubuntu'), ('LESSCLOSE', '/usr/bin/lesspipe %s %s'), ('LC_MEASUREMENT', 'en_AU.UTF-8'), ('LC_IDENTIFICATION', 'en_AU.UTF-8'), ('QT_IM_MODULE', 'ibus'), ('PWD', '/home/yahboom/5550_ros2_ws/build/cartographer_ros_msgs'), ('LC_ALL', 'en_US.UTF-8'), ('XDG_CONFIG_DIRS', '/etc/xdg/xdg-ubuntu:/etc/xdg'), ('DBUS_STARTER_ADDRESS', 'unix:path=/run/user/1000/bus,guid=3b63875a28f7ace014de708968a2af05'), ('XDG_DATA_DIRS', '/usr/share/ubuntu:/usr/local/share/:/usr/share/:/var/lib/snapd/desktop'), ('PYTHONPATH', '/home/yahboom/5550_ros2_ws/build/drone_description:/home/yahboom/5550_ros2_ws/install/drone_description/lib/python3.10/site-packages:/home/yahboom/5550_ros2_ws/install/cartographer_ros_msgs/local/lib/python3.10/dist-packages:/opt/ros/humble/lib/python3.10/site-packages:/opt/ros/humble/local/lib/python3.10/dist-packages'), ('LC_NUMERIC', 'en_AU.UTF-8'), ('LC_PAPER', 'en_AU.UTF-8'), ('COLCON', '1'), ('VTE_VERSION', '6800'), ('CMAKE_PREFIX_PATH', '/home/yahboom/5550_ros2_ws/install/example_cpp:/home/yahboom/5550_ros2_ws/install/cartographer_ros_msgs:/home/yahboom/5550_ros2_ws/install/cartographer:/home/yahboom/yahboomcar_ws/install/ydlidar_ros2_driver:/home/yahboom/yahboomcar_ws/install/slam_gmapping:/home/yahboom/yahboomcar_ws/install/rf2o_laser_odometry:/home/yahboom/yahboomcar_ws/install/openslam_gmapping:/home/yahboom/5550_ros2_ws/install/drone_description:/opt/ros/humble')]), 'shell': False}
[2.509847] (-) TimerEvent: {}
[2.609555] (cartographer_ros_msgs) StdoutLine: {'line': b'[  0%] \x1b[34m\x1b[1mGenerating C code for ROS interfaces\x1b[0m\n'}
[2.609912] (-) TimerEvent: {}
[2.625994] (cartographer_ros_msgs) StdoutLine: {'line': b'[  0%] \x1b[34m\x1b[1mGenerating C++ code for ROS interfaces\x1b[0m\n'}
[2.643857] (cartographer_ros_msgs) StdoutLine: {'line': b'[  0%] Built target ament_cmake_python_symlink_cartographer_ros_msgs\n'}
[2.710015] (-) TimerEvent: {}
[2.810285] (-) TimerEvent: {}
[2.914771] (-) TimerEvent: {}
[3.017760] (-) TimerEvent: {}
[3.079823] (cartographer_ros_msgs) StdoutLine: {'line': b'running egg_info\n'}
[3.083807] (cartographer_ros_msgs) StdoutLine: {'line': b'creating cartographer_ros_msgs.egg-info\n'}
[3.083952] (cartographer_ros_msgs) StdoutLine: {'line': b'writing cartographer_ros_msgs.egg-info/PKG-INFO\n'}
[3.084017] (cartographer_ros_msgs) StdoutLine: {'line': b'writing dependency_links to cartographer_ros_msgs.egg-info/dependency_links.txt\n'}
[3.084077] (cartographer_ros_msgs) StdoutLine: {'line': b'writing top-level names to cartographer_ros_msgs.egg-info/top_level.txt\n'}
[3.084168] (cartographer_ros_msgs) StdoutLine: {'line': b"writing manifest file 'cartographer_ros_msgs.egg-info/SOURCES.txt'\n"}
[3.085630] (cartographer_ros_msgs) StdoutLine: {'line': b"reading manifest file 'cartographer_ros_msgs.egg-info/SOURCES.txt'\n"}
[3.086318] (cartographer_ros_msgs) StdoutLine: {'line': b"writing manifest file 'cartographer_ros_msgs.egg-info/SOURCES.txt'\n"}
[3.117868] (-) TimerEvent: {}
[3.133799] (cartographer_ros_msgs) StdoutLine: {'line': b'[  0%] Built target ament_cmake_python_build_cartographer_ros_msgs_egg\n'}
[3.217967] (-) TimerEvent: {}
[3.318341] (-) TimerEvent: {}
[3.418689] (-) TimerEvent: {}
[3.519064] (-) TimerEvent: {}
[3.619406] (-) TimerEvent: {}
[3.719780] (-) TimerEvent: {}
[3.820193] (-) TimerEvent: {}
[3.891829] (cartographer) StdoutLine: {'line': b'[ 12%] \x1b[32mBuilding CXX object CMakeFiles/cartographer.dir/cartographer/common/internal/ceres_solver_options.cc.o\x1b[0m\n'}
[3.921759] (-) TimerEvent: {}
[4.024760] (-) TimerEvent: {}
[4.125102] (-) TimerEvent: {}
[4.225449] (-) TimerEvent: {}
[4.325761] (-) TimerEvent: {}
[4.428761] (-) TimerEvent: {}
[4.502557] (cartographer) StdoutLine: {'line': b'[ 13%] \x1b[32mBuilding CXX object CMakeFiles/cartographer.dir/cartographer/common/internal/testing/thread_pool_for_testing.cc.o\x1b[0m\n'}
[4.528867] (-) TimerEvent: {}
[4.629226] (-) TimerEvent: {}
[4.729577] (-) TimerEvent: {}
[4.829948] (-) TimerEvent: {}
[4.930304] (-) TimerEvent: {}
[5.031424] (-) TimerEvent: {}
[5.031778] (cartographer_ros_msgs) StdoutLine: {'line': b'[  0%] Built target cartographer_ros_msgs__cpp\n'}
[5.054815] (cartographer_ros_msgs) StdoutLine: {'line': b'[  1%] \x1b[34m\x1b[1mGenerating C++ type support for eProsima Fast-RTPS\x1b[0m\n'}
[5.061664] (cartographer) StdoutLine: {'line': b'[ 13%] \x1b[32mBuilding CXX object CMakeFiles/cartographer.dir/cartographer/common/lua_parameter_dictionary.cc.o\x1b[0m\n'}
[5.066058] (cartographer_ros_msgs) StdoutLine: {'line': b'[  2%] \x1b[34m\x1b[1mGenerating C++ introspection for ROS interfaces\x1b[0m\n'}
[5.066839] (cartographer_ros_msgs) StdoutLine: {'line': b'[  3%] \x1b[34m\x1b[1mGenerating C++ type support dispatch for ROS interfaces\x1b[0m\n'}
[5.131517] (-) TimerEvent: {}
[5.231866] (-) TimerEvent: {}
[5.334756] (-) TimerEvent: {}
[5.435106] (-) TimerEvent: {}
[5.535447] (-) TimerEvent: {}
[5.635831] (-) TimerEvent: {}
[5.736166] (-) TimerEvent: {}
[5.762505] (example_cpp) StdoutLine: {'line': b'[100%] \x1b[32m\x1b[1mLinking CXX executable node_01\x1b[0m\n'}
[5.837759] (-) TimerEvent: {}
[5.938050] (-) TimerEvent: {}
[5.992820] (example_cpp) StdoutLine: {'line': b'[100%] Built target node_01\n'}
[6.013980] (example_cpp) CommandEnded: {'returncode': 0}
[6.038142] (-) TimerEvent: {}
[6.079795] (example_cpp) JobProgress: {'identifier': 'example_cpp', 'progress': 'install'}
[6.097987] (example_cpp) Command: {'cmd': ['/usr/bin/cmake', '--install', '/home/yahboom/5550_ros2_ws/build/example_cpp'], 'cwd': '/home/yahboom/5550_ros2_ws/build/example_cpp', 'env': OrderedDict([('LESSOPEN', '| /usr/bin/lesspipe %s'), ('USER', 'yahboom'), ('LC_TIME', 'en_AU.UTF-8'), ('XDG_SESSION_TYPE', 'wayland'), ('SHLVL', '1'), ('LD_LIBRARY_PATH', '/home/yahboom/5550_ros2_ws/install/cartographer_ros_msgs/lib:/home/yahboom/yahboomcar_ws/install/openslam_gmapping/lib:/usr/lib/x86_64-linux-gnu/gazebo-11/plugins:/opt/ros/humble/opt/rviz_ogre_vendor/lib:/opt/ros/humble/lib/x86_64-linux-gnu:/opt/ros/humble/lib'), ('HOME', '/home/yahboom'), ('OLDPWD', '/home/yahboom/5550_ros2_ws/src'), ('DESKTOP_SESSION', 'ubuntu'), ('ROS_PYTHON_VERSION', '3'), ('GNOME_SHELL_SESSION_MODE', 'ubuntu'), ('GTK_MODULES', 'gail:atk-bridge'), ('LC_MONETARY', 'en_AU.UTF-8'), ('DBUS_STARTER_BUS_TYPE', 'session'), ('SYSTEMD_EXEC_PID', '1207'), ('DBUS_SESSION_BUS_ADDRESS', 'unix:path=/run/user/1000/bus,guid=3b63875a28f7ace014de708968a2af05'), ('COLORTERM', 'truecolor'), ('IM_CONFIG_PHASE', '1'), ('WAYLAND_DISPLAY', 'wayland-0'), ('COLCON_PREFIX_PATH', '/home/yahboom/5550_ros2_ws/install:/home/yahboom/yahboomcar_ws/install'), ('ROS_DISTRO', 'humble'), ('LOGNAME', 'yahboom'), ('_', '/usr/bin/colcon'), ('ROS_VERSION', '2'), ('PKG_CONFIG_PATH', '/home/yahboom/5550_ros2_ws/install/cartographer/lib/x86_64-linux-gnu/pkgconfig:/home/yahboom/5550_ros2_ws/install/cartographer/lib/pkgconfig'), ('XDG_SESSION_CLASS', 'user'), ('USERNAME', 'yahboom'), ('TERM', 'xterm-256color'), ('GNOME_DESKTOP_SESSION_ID', 'this-is-deprecated'), ('ROS_LOCALHOST_ONLY', '0'), ('PATH', '/home/yahboom/5550_ros2_ws/install/cartographer/bin:/opt/ros/humble/bin:/usr/local/sbin:/usr/local/bin:/usr/sbin:/usr/bin:/sbin:/bin:/usr/games:/usr/local/games:/snap/bin:/snap/bin'), ('SESSION_MANAGER', 'local/676rb16:@/tmp/.ICE-unix/1207,unix/676rb16:/tmp/.ICE-unix/1207'), ('PAPERSIZE', 'a4'), ('XDG_MENU_PREFIX', 'gnome-'), ('LC_ADDRESS', 'en_AU.UTF-8'), ('GNOME_TERMINAL_SCREEN', '/org/gnome/Terminal/screen/71ee0731_dd8d_4273_80ff_3f9e8885a6d0'), ('GNOME_SETUP_DISPLAY', ':1'), ('XDG_RUNTIME_DIR', '/run/user/1000'), ('DISPLAY', ':0'), ('LANG', 'en_US.UTF-8'), ('XDG_CURRENT_DESKTOP', 'ubuntu:GNOME'), ('LC_TELEPHONE', 'en_AU.UTF-8'), ('XMODIFIERS', '@im=ibus'), ('XDG_SESSION_DESKTOP', 'ubuntu'), ('XAUTHORITY', '/run/user/1000/.mutter-Xwaylandauth.PDBPB3'), ('LS_COLORS', 'rs=0:di=01;34:ln=01;36:mh=00:pi=40;33:so=01;35:do=01;35:bd=40;33;01:cd=40;33;01:or=40;31;01:mi=00:su=37;41:sg=30;43:ca=30;41:tw=30;42:ow=34;42:st=37;44:ex=01;32:*.tar=01;31:*.tgz=01;31:*.arc=01;31:*.arj=01;31:*.taz=01;31:*.lha=01;31:*.lz4=01;31:*.lzh=01;31:*.lzma=01;31:*.tlz=01;31:*.txz=01;31:*.tzo=01;31:*.t7z=01;31:*.zip=01;31:*.z=01;31:*.dz=01;31:*.gz=01;31:*.lrz=01;31:*.lz=01;31:*.lzo=01;31:*.xz=01;31:*.zst=01;31:*.tzst=01;31:*.bz2=01;31:*.bz=01;31:*.tbz=01;31:*.tbz2=01;31:*.tz=01;31:*.deb=01;31:*.rpm=01;31:*.jar=01;31:*.war=01;31:*.ear=01;31:*.sar=01;31:*.rar=01;31:*.alz=01;31:*.ace=01;31:*.zoo=01;31:*.cpio=01;31:*.7z=01;31:*.rz=01;31:*.cab=01;31:*.wim=01;31:*.swm=01;31:*.dwm=01;31:*.esd=01;31:*.jpg=01;35:*.jpeg=01;35:*.mjpg=01;35:*.mjpeg=01;35:*.gif=01;35:*.bmp=01;35:*.pbm=01;35:*.pgm=01;35:*.ppm=01;35:*.tga=01;35:*.xbm=01;35:*.xpm=01;35:*.tif=01;35:*.tiff=01;35:*.png=01;35:*.svg=01;35:*.svgz=01;35:*.mng=01;35:*.pcx=01;35:*.mov=01;35:*.mpg=01;35:*.mpeg=01;35:*.m2v=01;35:*.mkv=01;35:*.webm=01;35:*.webp=01;35:*.ogm=01;35:*.mp4=01;35:*.m4v=01;35:*.mp4v=01;35:*.vob=01;35:*.qt=01;35:*.nuv=01;35:*.wmv=01;35:*.asf=01;35:*.rm=01;35:*.rmvb=01;35:*.flc=01;35:*.avi=01;35:*.fli=01;35:*.flv=01;35:*.gl=01;35:*.dl=01;35:*.xcf=01;35:*.xwd=01;35:*.yuv=01;35:*.cgm=01;35:*.emf=01;35:*.ogv=01;35:*.ogx=01;35:*.aac=00;36:*.au=00;36:*.flac=00;36:*.m4a=00;36:*.mid=00;36:*.midi=00;36:*.mka=00;36:*.mp3=00;36:*.mpc=00;36:*.ogg=00;36:*.ra=00;36:*.wav=00;36:*.oga=00;36:*.opus=00;36:*.spx=00;36:*.xspf=00;36:'), ('GNOME_TERMINAL_SERVICE', ':1.134'), ('SSH_AGENT_LAUNCHER', 'gnome-keyring'), ('SSH_AUTH_SOCK', '/run/user/1000/keyring/ssh'), ('AMENT_PREFIX_PATH', '/home/yahboom/5550_ros2_ws/install/example_cpp:/home/yahboom/5550_ros2_ws/install/drone_description:/home/yahboom/5550_ros2_ws/install/cartographer_ros_msgs:/home/yahboom/yahboomcar_ws/install/ydlidar_ros2_driver:/home/yahboom/yahboomcar_ws/install/slam_gmapping:/home/yahboom/yahboomcar_ws/install/rf2o_laser_odometry:/home/yahboom/yahboomcar_ws/install/openslam_gmapping:/opt/ros/humble'), ('SHELL', '/bin/bash'), ('LC_NAME', 'en_AU.UTF-8'), ('QT_ACCESSIBILITY', '1'), ('GDMSESSION', 'ubuntu'), ('LESSCLOSE', '/usr/bin/lesspipe %s %s'), ('LC_MEASUREMENT', 'en_AU.UTF-8'), ('LC_IDENTIFICATION', 'en_AU.UTF-8'), ('QT_IM_MODULE', 'ibus'), ('PWD', '/home/yahboom/5550_ros2_ws/build/example_cpp'), ('LC_ALL', 'en_US.UTF-8'), ('XDG_CONFIG_DIRS', '/etc/xdg/xdg-ubuntu:/etc/xdg'), ('DBUS_STARTER_ADDRESS', 'unix:path=/run/user/1000/bus,guid=3b63875a28f7ace014de708968a2af05'), ('XDG_DATA_DIRS', '/usr/share/ubuntu:/usr/local/share/:/usr/share/:/var/lib/snapd/desktop'), ('PYTHONPATH', '/home/yahboom/5550_ros2_ws/build/drone_description:/home/yahboom/5550_ros2_ws/install/drone_description/lib/python3.10/site-packages:/home/yahboom/5550_ros2_ws/install/cartographer_ros_msgs/local/lib/python3.10/dist-packages:/opt/ros/humble/lib/python3.10/site-packages:/opt/ros/humble/local/lib/python3.10/dist-packages'), ('LC_NUMERIC', 'en_AU.UTF-8'), ('LC_PAPER', 'en_AU.UTF-8'), ('COLCON', '1'), ('VTE_VERSION', '6800'), ('CMAKE_PREFIX_PATH', '/home/yahboom/5550_ros2_ws/install/example_cpp:/home/yahboom/5550_ros2_ws/install/cartographer_ros_msgs:/home/yahboom/5550_ros2_ws/install/cartographer:/home/yahboom/yahboomcar_ws/install/ydlidar_ros2_driver:/home/yahboom/yahboomcar_ws/install/slam_gmapping:/home/yahboom/yahboomcar_ws/install/rf2o_laser_odometry:/home/yahboom/yahboomcar_ws/install/openslam_gmapping:/home/yahboom/5550_ros2_ws/install/drone_description:/opt/ros/humble')]), 'shell': False}
[6.119679] (example_cpp) StdoutLine: {'line': b'-- Install configuration: ""\n'}
[6.120047] (example_cpp) StdoutLine: {'line': b'-- Execute custom install script\n'}
[6.120282] (example_cpp) StdoutLine: {'line': b'-- Symlinking: /home/yahboom/5550_ros2_ws/install/example_cpp/share/ament_index/resource_index/package_run_dependencies/example_cpp\n'}
[6.140758] (-) TimerEvent: {}
[6.140959] (example_cpp) StdoutLine: {'line': b'-- Symlinking: /home/yahboom/5550_ros2_ws/install/example_cpp/share/ament_index/resource_index/parent_prefix_path/example_cpp\n'}
[6.156798] (example_cpp) StdoutLine: {'line': b'-- Symlinking: /home/yahboom/5550_ros2_ws/install/example_cpp/share/example_cpp/environment/ament_prefix_path.sh\n'}
[6.182583] (example_cpp) StdoutLine: {'line': b'-- Symlinking: /home/yahboom/5550_ros2_ws/install/example_cpp/share/example_cpp/environment/ament_prefix_path.dsv\n'}
[6.207768] (example_cpp) StdoutLine: {'line': b'-- Symlinking: /home/yahboom/5550_ros2_ws/install/example_cpp/share/example_cpp/environment/path.sh\n'}
[6.223223] (example_cpp) StdoutLine: {'line': b'-- Symlinking: /home/yahboom/5550_ros2_ws/install/example_cpp/share/example_cpp/environment/path.dsv\n'}
[6.238744] (example_cpp) StdoutLine: {'line': b'-- Symlinking: /home/yahboom/5550_ros2_ws/install/example_cpp/share/example_cpp/local_setup.bash\n'}
[6.240859] (-) TimerEvent: {}
[6.257795] (example_cpp) StdoutLine: {'line': b'-- Symlinking: /home/yahboom/5550_ros2_ws/install/example_cpp/share/example_cpp/local_setup.sh\n'}
[6.279180] (example_cpp) StdoutLine: {'line': b'-- Symlinking: /home/yahboom/5550_ros2_ws/install/example_cpp/share/example_cpp/local_setup.zsh\n'}
[6.296817] (example_cpp) StdoutLine: {'line': b'-- Symlinking: /home/yahboom/5550_ros2_ws/install/example_cpp/share/example_cpp/local_setup.dsv\n'}
[6.314807] (example_cpp) StdoutLine: {'line': b'-- Symlinking: /home/yahboom/5550_ros2_ws/install/example_cpp/share/example_cpp/package.dsv\n'}
[6.330812] (example_cpp) StdoutLine: {'line': b'-- Symlinking: /home/yahboom/5550_ros2_ws/install/example_cpp/share/ament_index/resource_index/packages/example_cpp\n'}
[6.343765] (-) TimerEvent: {}
[6.349798] (example_cpp) StdoutLine: {'line': b'-- Symlinking: /home/yahboom/5550_ros2_ws/install/example_cpp/share/example_cpp/cmake/example_cppConfig.cmake\n'}
[6.362976] (example_cpp) StdoutLine: {'line': b'-- Symlinking: /home/yahboom/5550_ros2_ws/install/example_cpp/share/example_cpp/cmake/example_cppConfig-version.cmake\n'}
[6.385678] (example_cpp) StdoutLine: {'line': b'-- Symlinking: /home/yahboom/5550_ros2_ws/install/example_cpp/share/example_cpp/package.xml\n'}
[6.403798] (example_cpp) StdoutLine: {'line': b'-- Symlinking: /home/yahboom/5550_ros2_ws/install/example_cpp/lib/example_cpp/node_01\n'}
[6.418626] (example_cpp) StdoutLine: {'line': b'-- Symlinking: /home/yahboom/5550_ros2_ws/install/example_cpp/share/example_cpp/launch/1node_launch.py\n'}
[6.437334] (example_cpp) CommandEnded: {'returncode': 0}
[6.458195] (-) TimerEvent: {}
[6.558460] (-) TimerEvent: {}
[6.580189] (example_cpp) JobEnded: {'identifier': 'example_cpp', 'rc': 0}
[6.658562] (-) TimerEvent: {}
[6.761759] (-) TimerEvent: {}
[6.862031] (-) TimerEvent: {}
[6.962309] (-) TimerEvent: {}
[7.062574] (-) TimerEvent: {}
[7.162878] (-) TimerEvent: {}
[7.263136] (-) TimerEvent: {}
[7.298904] (cartographer_ros_msgs) StdoutLine: {'line': b'[  4%] \x1b[32mBuilding C object CMakeFiles/cartographer_ros_msgs__rosidl_generator_c.dir/rosidl_generator_c/cartographer_ros_msgs/msg/detail/bagfile_progress__functions.c.o\x1b[0m\n'}
[7.363237] (-) TimerEvent: {}
[7.385418] (cartographer) StdoutLine: {'line': b'[ 13%] \x1b[32mBuilding CXX object CMakeFiles/cartographer.dir/cartographer/common/task.cc.o\x1b[0m\n'}
[7.403636] (cartographer_ros_msgs) StdoutLine: {'line': b'[  4%] \x1b[32mBuilding C object CMakeFiles/cartographer_ros_msgs__rosidl_generator_c.dir/rosidl_generator_c/cartographer_ros_msgs/msg/detail/histogram_bucket__functions.c.o\x1b[0m\n'}
[7.463329] (-) TimerEvent: {}
[7.494827] (cartographer_ros_msgs) StdoutLine: {'line': b'[  5%] \x1b[32mBuilding C object CMakeFiles/cartographer_ros_msgs__rosidl_generator_c.dir/rosidl_generator_c/cartographer_ros_msgs/msg/detail/landmark_entry__functions.c.o\x1b[0m\n'}
[7.563953] (-) TimerEvent: {}
[7.581348] (cartographer_ros_msgs) StdoutLine: {'line': b'[  5%] \x1b[32mBuilding CXX object CMakeFiles/cartographer_ros_msgs__rosidl_typesupport_cpp.dir/rosidl_typesupport_cpp/cartographer_ros_msgs/msg/bagfile_progress__type_support.cpp.o\x1b[0m\n'}
[7.592151] (cartographer_ros_msgs) StdoutLine: {'line': b'[  5%] \x1b[32mBuilding C object CMakeFiles/cartographer_ros_msgs__rosidl_generator_c.dir/rosidl_generator_c/cartographer_ros_msgs/msg/detail/landmark_list__functions.c.o\x1b[0m\n'}
[7.664069] (-) TimerEvent: {}
[7.685934] (cartographer_ros_msgs) StdoutLine: {'line': b'[  6%] \x1b[32mBuilding C object CMakeFiles/cartographer_ros_msgs__rosidl_generator_c.dir/rosidl_generator_c/cartographer_ros_msgs/msg/detail/metric_family__functions.c.o\x1b[0m\n'}
[7.764175] (-) TimerEvent: {}
[7.797084] (cartographer_ros_msgs) StdoutLine: {'line': b'[  6%] \x1b[32mBuilding C object CMakeFiles/cartographer_ros_msgs__rosidl_generator_c.dir/rosidl_generator_c/cartographer_ros_msgs/msg/detail/metric_label__functions.c.o\x1b[0m\n'}
[7.864281] (-) TimerEvent: {}
[7.887846] (cartographer_ros_msgs) StdoutLine: {'line': b'[  7%] \x1b[32mBuilding CXX object CMakeFiles/cartographer_ros_msgs__rosidl_typesupport_introspection_cpp.dir/rosidl_typesupport_introspection_cpp/cartographer_ros_msgs/msg/detail/bagfile_progress__type_support.cpp.o\x1b[0m\n'}
[7.889216] (cartographer_ros_msgs) StdoutLine: {'line': b'[  8%] \x1b[32mBuilding C object CMakeFiles/cartographer_ros_msgs__rosidl_generator_c.dir/rosidl_generator_c/cartographer_ros_msgs/msg/detail/metric__functions.c.o\x1b[0m\n'}
[7.955869] (cartographer_ros_msgs) StdoutLine: {'line': b'[  9%] \x1b[32mBuilding CXX object CMakeFiles/cartographer_ros_msgs__rosidl_typesupport_cpp.dir/rosidl_typesupport_cpp/cartographer_ros_msgs/msg/histogram_bucket__type_support.cpp.o\x1b[0m\n'}
[7.965751] (-) TimerEvent: {}
[7.980237] (cartographer_ros_msgs) StdoutLine: {'line': b'[ 10%] \x1b[32mBuilding C object CMakeFiles/cartographer_ros_msgs__rosidl_generator_c.dir/rosidl_generator_c/cartographer_ros_msgs/msg/detail/status_code__functions.c.o\x1b[0m\n'}
[8.065873] (-) TimerEvent: {}
[8.069029] (cartographer_ros_msgs) StdoutLine: {'line': b'[ 10%] \x1b[32mBuilding C object CMakeFiles/cartographer_ros_msgs__rosidl_generator_c.dir/rosidl_generator_c/cartographer_ros_msgs/msg/detail/status_response__functions.c.o\x1b[0m\n'}
[8.158757] (cartographer_ros_msgs) StdoutLine: {'line': b'[ 11%] \x1b[32mBuilding C object CMakeFiles/cartographer_ros_msgs__rosidl_generator_c.dir/rosidl_generator_c/cartographer_ros_msgs/msg/detail/submap_entry__functions.c.o\x1b[0m\n'}
[8.168763] (-) TimerEvent: {}
[8.219835] (cartographer) StdoutLine: {'line': b'[ 13%] \x1b[32mBuilding CXX object CMakeFiles/cartographer.dir/cartographer/common/thread_pool.cc.o\x1b[0m\n'}
[8.256044] (cartographer_ros_msgs) StdoutLine: {'line': b'[ 11%] \x1b[32mBuilding C object CMakeFiles/cartographer_ros_msgs__rosidl_generator_c.dir/rosidl_generator_c/cartographer_ros_msgs/msg/detail/submap_list__functions.c.o\x1b[0m\n'}
[8.268906] (-) TimerEvent: {}
[8.333772] (cartographer_ros_msgs) StdoutLine: {'line': b'[ 11%] \x1b[32mBuilding CXX object CMakeFiles/cartographer_ros_msgs__rosidl_typesupport_introspection_cpp.dir/rosidl_typesupport_introspection_cpp/cartographer_ros_msgs/msg/detail/histogram_bucket__type_support.cpp.o\x1b[0m\n'}
[8.361451] (cartographer_ros_msgs) StdoutLine: {'line': b'[ 11%] \x1b[32mBuilding CXX object CMakeFiles/cartographer_ros_msgs__rosidl_typesupport_fastrtps_cpp.dir/rosidl_typesupport_fastrtps_cpp/cartographer_ros_msgs/msg/detail/dds_fastrtps/bagfile_progress__type_support.cpp.o\x1b[0m\n'}
[8.368995] (-) TimerEvent: {}
[8.384131] (cartographer_ros_msgs) StdoutLine: {'line': b'[ 12%] \x1b[32mBuilding C object CMakeFiles/cartographer_ros_msgs__rosidl_generator_c.dir/rosidl_generator_c/cartographer_ros_msgs/msg/detail/submap_texture__functions.c.o\x1b[0m\n'}
[8.410557] (cartographer_ros_msgs) StdoutLine: {'line': b'[ 12%] \x1b[32mBuilding CXX object CMakeFiles/cartographer_ros_msgs__rosidl_typesupport_cpp.dir/rosidl_typesupport_cpp/cartographer_ros_msgs/msg/landmark_entry__type_support.cpp.o\x1b[0m\n'}
[8.469107] (-) TimerEvent: {}
[8.487249] (cartographer_ros_msgs) StdoutLine: {'line': b'[ 12%] \x1b[32mBuilding C object CMakeFiles/cartographer_ros_msgs__rosidl_generator_c.dir/rosidl_generator_c/cartographer_ros_msgs/msg/detail/trajectory_states__functions.c.o\x1b[0m\n'}
[8.570769] (-) TimerEvent: {}
[8.624821] (cartographer_ros_msgs) StdoutLine: {'line': b'[ 13%] \x1b[32mBuilding C object CMakeFiles/cartographer_ros_msgs__rosidl_generator_c.dir/rosidl_generator_c/cartographer_ros_msgs/srv/detail/finish_trajectory__functions.c.o\x1b[0m\n'}
[8.670875] (-) TimerEvent: {}
[8.733758] (cartographer_ros_msgs) StdoutLine: {'line': b'[ 14%] \x1b[32mBuilding CXX object CMakeFiles/cartographer_ros_msgs__rosidl_typesupport_cpp.dir/rosidl_typesupport_cpp/cartographer_ros_msgs/msg/landmark_list__type_support.cpp.o\x1b[0m\n'}
[8.734311] (cartographer_ros_msgs) StdoutLine: {'line': b'[ 14%] \x1b[32mBuilding C object CMakeFiles/cartographer_ros_msgs__rosidl_generator_c.dir/rosidl_generator_c/cartographer_ros_msgs/srv/detail/get_trajectory_states__functions.c.o\x1b[0m\n'}
[8.770977] (-) TimerEvent: {}
[8.846795] (cartographer_ros_msgs) StdoutLine: {'line': b'[ 15%] \x1b[32mBuilding C object CMakeFiles/cartographer_ros_msgs__rosidl_generator_c.dir/rosidl_generator_c/cartographer_ros_msgs/srv/detail/read_metrics__functions.c.o\x1b[0m\n'}
[8.871083] (-) TimerEvent: {}
[8.877855] (cartographer) StdoutLine: {'line': b'[ 14%] \x1b[32mBuilding CXX object CMakeFiles/cartographer.dir/cartographer/common/time.cc.o\x1b[0m\n'}
[8.883984] (cartographer_ros_msgs) StdoutLine: {'line': b'[ 16%] \x1b[32mBuilding CXX object CMakeFiles/cartographer_ros_msgs__rosidl_typesupport_introspection_cpp.dir/rosidl_typesupport_introspection_cpp/cartographer_ros_msgs/msg/detail/landmark_entry__type_support.cpp.o\x1b[0m\n'}
[8.941856] (cartographer_ros_msgs) StdoutLine: {'line': b'[ 16%] \x1b[32mBuilding C object CMakeFiles/cartographer_ros_msgs__rosidl_generator_c.dir/rosidl_generator_c/cartographer_ros_msgs/srv/detail/start_trajectory__functions.c.o\x1b[0m\n'}
[8.971184] (-) TimerEvent: {}
[9.013132] (cartographer_ros_msgs) StdoutLine: {'line': b'[ 17%] \x1b[32mBuilding CXX object CMakeFiles/cartographer_ros_msgs__rosidl_typesupport_fastrtps_cpp.dir/rosidl_typesupport_fastrtps_cpp/cartographer_ros_msgs/msg/detail/dds_fastrtps/histogram_bucket__type_support.cpp.o\x1b[0m\n'}
[9.071942] (-) TimerEvent: {}
[9.072171] (cartographer_ros_msgs) StdoutLine: {'line': b'[ 18%] \x1b[32mBuilding C object CMakeFiles/cartographer_ros_msgs__rosidl_generator_c.dir/rosidl_generator_c/cartographer_ros_msgs/srv/detail/trajectory_query__functions.c.o\x1b[0m\n'}
[9.075761] (cartographer_ros_msgs) StdoutLine: {'line': b'[ 18%] \x1b[32mBuilding CXX object CMakeFiles/cartographer_ros_msgs__rosidl_typesupport_cpp.dir/rosidl_typesupport_cpp/cartographer_ros_msgs/msg/metric_family__type_support.cpp.o\x1b[0m\n'}
[9.172049] (-) TimerEvent: {}
[9.236650] (cartographer_ros_msgs) StdoutLine: {'line': b'[ 19%] \x1b[32mBuilding C object CMakeFiles/cartographer_ros_msgs__rosidl_generator_c.dir/rosidl_generator_c/cartographer_ros_msgs/srv/detail/submap_query__functions.c.o\x1b[0m\n'}
[9.274782] (-) TimerEvent: {}
[9.366804] (cartographer_ros_msgs) StdoutLine: {'line': b'[ 19%] \x1b[32mBuilding C object CMakeFiles/cartographer_ros_msgs__rosidl_generator_c.dir/rosidl_generator_c/cartographer_ros_msgs/srv/detail/write_state__functions.c.o\x1b[0m\n'}
[9.374882] (-) TimerEvent: {}
[9.415872] (cartographer) StdoutLine: {'line': b'[ 14%] \x1b[32mBuilding CXX object CMakeFiles/cartographer.dir/cartographer/ground_truth/autogenerate_ground_truth.cc.o\x1b[0m\n'}
[9.441833] (cartographer_ros_msgs) StdoutLine: {'line': b'[ 20%] \x1b[32m\x1b[1mLinking C shared library libcartographer_ros_msgs__rosidl_generator_c.so\x1b[0m\n'}
[9.476766] (-) TimerEvent: {}
[9.533769] (cartographer_ros_msgs) StdoutLine: {'line': b'[ 20%] Built target cartographer_ros_msgs__rosidl_generator_c\n'}
[9.553242] (cartographer_ros_msgs) StdoutLine: {'line': b'[ 21%] \x1b[32mBuilding CXX object CMakeFiles/cartographer_ros_msgs__rosidl_typesupport_cpp.dir/rosidl_typesupport_cpp/cartographer_ros_msgs/msg/metric_label__type_support.cpp.o\x1b[0m\n'}
[9.576878] (-) TimerEvent: {}
[9.599818] (cartographer_ros_msgs) StdoutLine: {'line': b'[ 21%] \x1b[32mBuilding CXX object CMakeFiles/cartographer_ros_msgs__rosidl_typesupport_introspection_cpp.dir/rosidl_typesupport_introspection_cpp/cartographer_ros_msgs/msg/detail/landmark_list__type_support.cpp.o\x1b[0m\n'}
[9.604580] (cartographer_ros_msgs) StdoutLine: {'line': b'[ 22%] \x1b[32mBuilding CXX object CMakeFiles/cartographer_ros_msgs__rosidl_typesupport_cpp.dir/rosidl_typesupport_cpp/cartographer_ros_msgs/msg/metric__type_support.cpp.o\x1b[0m\n'}
[9.676993] (-) TimerEvent: {}
[9.721044] (cartographer_ros_msgs) StdoutLine: {'line': b'[ 23%] \x1b[32mBuilding CXX object CMakeFiles/cartographer_ros_msgs__rosidl_typesupport_fastrtps_cpp.dir/rosidl_typesupport_fastrtps_cpp/cartographer_ros_msgs/msg/detail/dds_fastrtps/landmark_entry__type_support.cpp.o\x1b[0m\n'}
[9.777099] (-) TimerEvent: {}
[9.877474] (-) TimerEvent: {}
[9.980767] (-) TimerEvent: {}
[10.024825] (cartographer_ros_msgs) StdoutLine: {'line': b'[ 24%] \x1b[34m\x1b[1mGenerating C type support for eProsima Fast-RTPS\x1b[0m\n'}
[10.080780] (cartographer_ros_msgs) StdoutLine: {'line': b'[ 24%] \x1b[32mBuilding CXX object CMakeFiles/cartographer_ros_msgs__rosidl_typesupport_cpp.dir/rosidl_typesupport_cpp/cartographer_ros_msgs/msg/status_code__type_support.cpp.o\x1b[0m\n'}
[10.080957] (-) TimerEvent: {}
[10.183769] (-) TimerEvent: {}
[10.237265] (cartographer_ros_msgs) StdoutLine: {'line': b'[ 24%] \x1b[32mBuilding CXX object CMakeFiles/cartographer_ros_msgs__rosidl_typesupport_fastrtps_cpp.dir/rosidl_typesupport_fastrtps_cpp/cartographer_ros_msgs/msg/detail/dds_fastrtps/landmark_list__type_support.cpp.o\x1b[0m\n'}
[10.283864] (-) TimerEvent: {}
[10.329761] (cartographer_ros_msgs) StdoutLine: {'line': b'[ 25%] \x1b[32mBuilding CXX object CMakeFiles/cartographer_ros_msgs__rosidl_typesupport_introspection_cpp.dir/rosidl_typesupport_introspection_cpp/cartographer_ros_msgs/msg/detail/metric_family__type_support.cpp.o\x1b[0m\n'}
[10.383962] (-) TimerEvent: {}
[10.484220] (-) TimerEvent: {}
[10.505758] (cartographer_ros_msgs) StdoutLine: {'line': b'[ 26%] \x1b[32mBuilding CXX object CMakeFiles/cartographer_ros_msgs__rosidl_typesupport_cpp.dir/rosidl_typesupport_cpp/cartographer_ros_msgs/msg/status_response__type_support.cpp.o\x1b[0m\n'}
[10.584327] (-) TimerEvent: {}
[10.686772] (-) TimerEvent: {}
[10.736645] (cartographer) StdoutLine: {'line': b'[ 14%] \x1b[32mBuilding CXX object CMakeFiles/cartographer.dir/cartographer/ground_truth/relations_text_file.cc.o\x1b[0m\n'}
[10.786869] (-) TimerEvent: {}
[10.841807] (cartographer_ros_msgs) StdoutLine: {'line': b'[ 26%] \x1b[32mBuilding CXX object CMakeFiles/cartographer_ros_msgs__rosidl_typesupport_cpp.dir/rosidl_typesupport_cpp/cartographer_ros_msgs/msg/submap_entry__type_support.cpp.o\x1b[0m\n'}
[10.889783] (-) TimerEvent: {}
[10.990059] (-) TimerEvent: {}
[10.991293] (cartographer_ros_msgs) StdoutLine: {'line': b'[ 27%] \x1b[32mBuilding CXX object CMakeFiles/cartographer_ros_msgs__rosidl_typesupport_fastrtps_cpp.dir/rosidl_typesupport_fastrtps_cpp/cartographer_ros_msgs/msg/detail/dds_fastrtps/metric_family__type_support.cpp.o\x1b[0m\n'}
[11.050005] (cartographer) StdoutLine: {'line': b'[ 14%] \x1b[32mBuilding CXX object CMakeFiles/cartographer.dir/cartographer/io/color.cc.o\x1b[0m\n'}
[11.090157] (-) TimerEvent: {}
[11.191751] (cartographer_ros_msgs) StdoutLine: {'line': b'[ 28%] \x1b[32mBuilding CXX object CMakeFiles/cartographer_ros_msgs__rosidl_typesupport_cpp.dir/rosidl_typesupport_cpp/cartographer_ros_msgs/msg/submap_list__type_support.cpp.o\x1b[0m\n'}
[11.191911] (-) TimerEvent: {}
[11.225815] (cartographer_ros_msgs) StdoutLine: {'line': b'[ 28%] \x1b[32mBuilding CXX object CMakeFiles/cartographer_ros_msgs__rosidl_typesupport_introspection_cpp.dir/rosidl_typesupport_introspection_cpp/cartographer_ros_msgs/msg/detail/metric_label__type_support.cpp.o\x1b[0m\n'}
[11.294759] (-) TimerEvent: {}
[11.395024] (-) TimerEvent: {}
[11.495294] (-) TimerEvent: {}
[11.595579] (-) TimerEvent: {}
[11.677883] (cartographer_ros_msgs) StdoutLine: {'line': b'[ 28%] \x1b[32mBuilding CXX object CMakeFiles/cartographer_ros_msgs__rosidl_typesupport_cpp.dir/rosidl_typesupport_cpp/cartographer_ros_msgs/msg/submap_texture__type_support.cpp.o\x1b[0m\n'}
[11.695673] (-) TimerEvent: {}
[11.795955] (-) TimerEvent: {}
[11.849811] (cartographer_ros_msgs) StdoutLine: {'line': b'[ 29%] \x1b[32mBuilding CXX object CMakeFiles/cartographer_ros_msgs__rosidl_typesupport_introspection_cpp.dir/rosidl_typesupport_introspection_cpp/cartographer_ros_msgs/msg/detail/metric__type_support.cpp.o\x1b[0m\n'}
[11.877146] (cartographer_ros_msgs) StdoutLine: {'line': b'[ 29%] \x1b[32mBuilding CXX object CMakeFiles/cartographer_ros_msgs__rosidl_typesupport_fastrtps_cpp.dir/rosidl_typesupport_fastrtps_cpp/cartographer_ros_msgs/msg/detail/dds_fastrtps/metric_label__type_support.cpp.o\x1b[0m\n'}
[11.896058] (-) TimerEvent: {}
[11.996320] (-) TimerEvent: {}
[12.096610] (-) TimerEvent: {}
[12.107967] (cartographer_ros_msgs) StdoutLine: {'line': b'[ 30%] \x1b[32mBuilding CXX object CMakeFiles/cartographer_ros_msgs__rosidl_typesupport_cpp.dir/rosidl_typesupport_cpp/cartographer_ros_msgs/msg/trajectory_states__type_support.cpp.o\x1b[0m\n'}
[12.196711] (-) TimerEvent: {}
[12.297023] (-) TimerEvent: {}
[12.397311] (-) TimerEvent: {}
[12.497676] (-) TimerEvent: {}
[12.517819] (cartographer_ros_msgs) StdoutLine: {'line': b'[ 31%] \x1b[32mBuilding CXX object CMakeFiles/cartographer_ros_msgs__rosidl_typesupport_fastrtps_cpp.dir/rosidl_typesupport_fastrtps_cpp/cartographer_ros_msgs/msg/detail/dds_fastrtps/metric__type_support.cpp.o\x1b[0m\n'}
[12.541601] (cartographer_ros_msgs) StdoutLine: {'line': b'[ 31%] \x1b[32mBuilding CXX object CMakeFiles/cartographer_ros_msgs__rosidl_typesupport_cpp.dir/rosidl_typesupport_cpp/cartographer_ros_msgs/srv/finish_trajectory__type_support.cpp.o\x1b[0m\n'}
[12.571820] (cartographer_ros_msgs) StdoutLine: {'line': b'[ 31%] \x1b[32mBuilding CXX object CMakeFiles/cartographer_ros_msgs__rosidl_typesupport_introspection_cpp.dir/rosidl_typesupport_introspection_cpp/cartographer_ros_msgs/msg/detail/status_code__type_support.cpp.o\x1b[0m\n'}
[12.597767] (-) TimerEvent: {}
[12.698113] (-) TimerEvent: {}
[12.800772] (-) TimerEvent: {}
[12.901056] (-) TimerEvent: {}
[12.966037] (cartographer_ros_msgs) StdoutLine: {'line': b'[ 31%] \x1b[32mBuilding CXX object CMakeFiles/cartographer_ros_msgs__rosidl_typesupport_fastrtps_c.dir/rosidl_typesupport_fastrtps_c/cartographer_ros_msgs/msg/detail/bagfile_progress__type_support_c.cpp.o\x1b[0m\n'}
[13.004865] (-) TimerEvent: {}
[13.034467] (cartographer_ros_msgs) StdoutLine: {'line': b'[ 32%] \x1b[32mBuilding CXX object CMakeFiles/cartographer_ros_msgs__rosidl_typesupport_cpp.dir/rosidl_typesupport_cpp/cartographer_ros_msgs/srv/get_trajectory_states__type_support.cpp.o\x1b[0m\n'}
[13.104968] (-) TimerEvent: {}
[13.128815] (cartographer_ros_msgs) StdoutLine: {'line': b'[ 33%] \x1b[32mBuilding CXX object CMakeFiles/cartographer_ros_msgs__rosidl_typesupport_introspection_cpp.dir/rosidl_typesupport_introspection_cpp/cartographer_ros_msgs/msg/detail/status_response__type_support.cpp.o\x1b[0m\n'}
[13.205073] (-) TimerEvent: {}
[13.240000] (cartographer_ros_msgs) StdoutLine: {'line': b'[ 33%] \x1b[32mBuilding CXX object CMakeFiles/cartographer_ros_msgs__rosidl_typesupport_fastrtps_cpp.dir/rosidl_typesupport_fastrtps_cpp/cartographer_ros_msgs/msg/detail/dds_fastrtps/status_code__type_support.cpp.o\x1b[0m\n'}
[13.305180] (-) TimerEvent: {}
[13.366694] (cartographer_ros_msgs) StdoutLine: {'line': b'[ 33%] \x1b[32mBuilding CXX object CMakeFiles/cartographer_ros_msgs__rosidl_typesupport_cpp.dir/rosidl_typesupport_cpp/cartographer_ros_msgs/srv/read_metrics__type_support.cpp.o\x1b[0m\n'}
[13.405284] (-) TimerEvent: {}
[13.452853] (cartographer_ros_msgs) StdoutLine: {'line': b'[ 34%] \x1b[32mBuilding CXX object CMakeFiles/cartographer_ros_msgs__rosidl_typesupport_fastrtps_c.dir/rosidl_typesupport_fastrtps_c/cartographer_ros_msgs/msg/detail/histogram_bucket__type_support_c.cpp.o\x1b[0m\n'}
[13.505386] (-) TimerEvent: {}
[13.515914] (cartographer) StdoutLine: {'line': b'[ 14%] \x1b[32m\x1b[1mLinking CXX static library ../lib/libgtest.a\x1b[0m\n'}
[13.605491] (-) TimerEvent: {}
[13.616164] (cartographer) StdoutLine: {'line': b'[ 14%] Built target gtest\n'}
[13.637673] (cartographer) StdoutLine: {'line': b'[ 15%] \x1b[32mBuilding CXX object CMakeFiles/cartographer.dir/cartographer/io/coloring_points_processor.cc.o\x1b[0m\n'}
[13.705600] (-) TimerEvent: {}
[13.800506] (cartographer_ros_msgs) StdoutLine: {'line': b'[ 34%] \x1b[32mBuilding CXX object CMakeFiles/cartographer_ros_msgs__rosidl_typesupport_introspection_cpp.dir/rosidl_typesupport_introspection_cpp/cartographer_ros_msgs/msg/detail/submap_entry__type_support.cpp.o\x1b[0m\n'}
[13.805697] (-) TimerEvent: {}
[13.854830] (cartographer_ros_msgs) StdoutLine: {'line': b'[ 35%] \x1b[32mBuilding CXX object CMakeFiles/cartographer_ros_msgs__rosidl_typesupport_fastrtps_cpp.dir/rosidl_typesupport_fastrtps_cpp/cartographer_ros_msgs/msg/detail/dds_fastrtps/status_response__type_support.cpp.o\x1b[0m\n'}
[13.888386] (cartographer_ros_msgs) StdoutLine: {'line': b'[ 36%] \x1b[32mBuilding CXX object CMakeFiles/cartographer_ros_msgs__rosidl_typesupport_cpp.dir/rosidl_typesupport_cpp/cartographer_ros_msgs/srv/start_trajectory__type_support.cpp.o\x1b[0m\n'}
[13.905768] (-) TimerEvent: {}
[13.987635] (cartographer_ros_msgs) StdoutLine: {'line': b'[ 36%] \x1b[32mBuilding CXX object CMakeFiles/cartographer_ros_msgs__rosidl_typesupport_fastrtps_c.dir/rosidl_typesupport_fastrtps_c/cartographer_ros_msgs/msg/detail/landmark_entry__type_support_c.cpp.o\x1b[0m\n'}
[14.005870] (-) TimerEvent: {}
[14.110774] (-) TimerEvent: {}
[14.211057] (-) TimerEvent: {}
[14.311417] (-) TimerEvent: {}
[14.321077] (cartographer_ros_msgs) StdoutLine: {'line': b'[ 37%] \x1b[32mBuilding CXX object CMakeFiles/cartographer_ros_msgs__rosidl_typesupport_cpp.dir/rosidl_typesupport_cpp/cartographer_ros_msgs/srv/trajectory_query__type_support.cpp.o\x1b[0m\n'}
[14.358467] (cartographer) StdoutLine: {'line': b'[ 15%] \x1b[32mBuilding CXX object CMakeFiles/cartographer.dir/cartographer/io/counting_points_processor.cc.o\x1b[0m\n'}
[14.411524] (-) TimerEvent: {}
[14.412355] (cartographer_ros_msgs) StdoutLine: {'line': b'[ 38%] \x1b[32mBuilding CXX object CMakeFiles/cartographer_ros_msgs__rosidl_typesupport_fastrtps_c.dir/rosidl_typesupport_fastrtps_c/cartographer_ros_msgs/msg/detail/landmark_list__type_support_c.cpp.o\x1b[0m\n'}
[14.443457] (cartographer_ros_msgs) StdoutLine: {'line': b'[ 39%] \x1b[32mBuilding CXX object CMakeFiles/cartographer_ros_msgs__rosidl_typesupport_introspection_cpp.dir/rosidl_typesupport_introspection_cpp/cartographer_ros_msgs/msg/detail/submap_list__type_support.cpp.o\x1b[0m\n'}
[14.511631] (-) TimerEvent: {}
[14.560822] (cartographer_ros_msgs) StdoutLine: {'line': b'[ 39%] \x1b[32mBuilding CXX object CMakeFiles/cartographer_ros_msgs__rosidl_typesupport_fastrtps_cpp.dir/rosidl_typesupport_fastrtps_cpp/cartographer_ros_msgs/msg/detail/dds_fastrtps/submap_entry__type_support.cpp.o\x1b[0m\n'}
[14.611737] (-) TimerEvent: {}
[14.714763] (-) TimerEvent: {}
[14.816767] (-) TimerEvent: {}
[14.827828] (cartographer_ros_msgs) StdoutLine: {'line': b'[ 39%] \x1b[32mBuilding CXX object CMakeFiles/cartographer_ros_msgs__rosidl_typesupport_cpp.dir/rosidl_typesupport_cpp/cartographer_ros_msgs/srv/submap_query__type_support.cpp.o\x1b[0m\n'}
[14.916876] (-) TimerEvent: {}
[14.945824] (cartographer) StdoutLine: {'line': b'[ 15%] \x1b[32mBuilding CXX object CMakeFiles/cartographer.dir/cartographer/io/draw_trajectories.cc.o\x1b[0m\n'}
[14.978201] (cartographer_ros_msgs) StdoutLine: {'line': b'[ 40%] \x1b[32mBuilding CXX object CMakeFiles/cartographer_ros_msgs__rosidl_typesupport_fastrtps_c.dir/rosidl_typesupport_fastrtps_c/cartographer_ros_msgs/msg/detail/metric_family__type_support_c.cpp.o\x1b[0m\n'}
[15.016984] (-) TimerEvent: {}
[15.101277] (cartographer) StdoutLine: {'line': b'[ 16%] \x1b[32mBuilding CXX object gmock/CMakeFiles/gmock.dir/src/gmock-all.cc.o\x1b[0m\n'}
[15.117087] (-) TimerEvent: {}
[15.218769] (-) TimerEvent: {}
[15.225820] (cartographer_ros_msgs) StdoutLine: {'line': b'[ 41%] \x1b[32mBuilding CXX object CMakeFiles/cartographer_ros_msgs__rosidl_typesupport_introspection_cpp.dir/rosidl_typesupport_introspection_cpp/cartographer_ros_msgs/msg/detail/submap_texture__type_support.cpp.o\x1b[0m\n'}
[15.290633] (cartographer_ros_msgs) StdoutLine: {'line': b'[ 42%] \x1b[32mBuilding CXX object CMakeFiles/cartographer_ros_msgs__rosidl_typesupport_cpp.dir/rosidl_typesupport_cpp/cartographer_ros_msgs/srv/write_state__type_support.cpp.o\x1b[0m\n'}
[15.290822] (cartographer_ros_msgs) StdoutLine: {'line': b'[ 43%] \x1b[32mBuilding CXX object CMakeFiles/cartographer_ros_msgs__rosidl_typesupport_fastrtps_cpp.dir/rosidl_typesupport_fastrtps_cpp/cartographer_ros_msgs/msg/detail/dds_fastrtps/submap_list__type_support.cpp.o\x1b[0m\n'}
[15.318874] (-) TimerEvent: {}
[15.421768] (-) TimerEvent: {}
[15.522130] (-) TimerEvent: {}
[15.598987] (cartographer_ros_msgs) StdoutLine: {'line': b'[ 43%] \x1b[32mBuilding CXX object CMakeFiles/cartographer_ros_msgs__rosidl_typesupport_fastrtps_c.dir/rosidl_typesupport_fastrtps_c/cartographer_ros_msgs/msg/detail/metric_label__type_support_c.cpp.o\x1b[0m\n'}
[15.624791] (-) TimerEvent: {}
[15.725902] (-) TimerEvent: {}
[15.762805] (cartographer_ros_msgs) StdoutLine: {'line': b'[ 43%] \x1b[32m\x1b[1mLinking CXX shared library libcartographer_ros_msgs__rosidl_typesupport_cpp.so\x1b[0m\n'}
[15.826013] (-) TimerEvent: {}
[15.870994] (cartographer_ros_msgs) StdoutLine: {'line': b'[ 43%] Built target cartographer_ros_msgs__rosidl_typesupport_cpp\n'}
[15.892132] (cartographer_ros_msgs) StdoutLine: {'line': b'[ 44%] \x1b[34m\x1b[1mGenerating C introspection for ROS interfaces\x1b[0m\n'}
[15.916689] (cartographer_ros_msgs) StdoutLine: {'line': b'[ 44%] \x1b[32mBuilding CXX object CMakeFiles/cartographer_ros_msgs__rosidl_typesupport_introspection_cpp.dir/rosidl_typesupport_introspection_cpp/cartographer_ros_msgs/msg/detail/trajectory_states__type_support.cpp.o\x1b[0m\n'}
[15.926101] (-) TimerEvent: {}
[16.026460] (-) TimerEvent: {}
[16.128768] (-) TimerEvent: {}
[16.205818] (cartographer_ros_msgs) StdoutLine: {'line': b'[ 44%] \x1b[32mBuilding CXX object CMakeFiles/cartographer_ros_msgs__rosidl_typesupport_fastrtps_cpp.dir/rosidl_typesupport_fastrtps_cpp/cartographer_ros_msgs/msg/detail/dds_fastrtps/submap_texture__type_support.cpp.o\x1b[0m\n'}
[16.230764] (-) TimerEvent: {}
[16.331116] (-) TimerEvent: {}
[16.429832] (cartographer_ros_msgs) StdoutLine: {'line': b'[ 45%] \x1b[32mBuilding CXX object CMakeFiles/cartographer_ros_msgs__rosidl_typesupport_fastrtps_c.dir/rosidl_typesupport_fastrtps_c/cartographer_ros_msgs/msg/detail/metric__type_support_c.cpp.o\x1b[0m\n'}
[16.431178] (-) TimerEvent: {}
[16.531455] (-) TimerEvent: {}
[16.634759] (-) TimerEvent: {}
[16.735090] (-) TimerEvent: {}
[16.836752] (-) TimerEvent: {}
[16.884473] (cartographer_ros_msgs) StdoutLine: {'line': b'[ 46%] \x1b[32mBuilding CXX object CMakeFiles/cartographer_ros_msgs__rosidl_typesupport_fastrtps_cpp.dir/rosidl_typesupport_fastrtps_cpp/cartographer_ros_msgs/msg/detail/dds_fastrtps/trajectory_states__type_support.cpp.o\x1b[0m\n'}
[16.936863] (-) TimerEvent: {}
[17.042762] (-) TimerEvent: {}
[17.093831] (cartographer_ros_msgs) StdoutLine: {'line': b'[ 47%] \x1b[32mBuilding CXX object CMakeFiles/cartographer_ros_msgs__rosidl_typesupport_introspection_cpp.dir/rosidl_typesupport_introspection_cpp/cartographer_ros_msgs/srv/detail/finish_trajectory__type_support.cpp.o\x1b[0m\n'}
[17.149761] (-) TimerEvent: {}
[17.217907] (cartographer_ros_msgs) StdoutLine: {'line': b'[ 47%] \x1b[32mBuilding CXX object CMakeFiles/cartographer_ros_msgs__rosidl_typesupport_fastrtps_c.dir/rosidl_typesupport_fastrtps_c/cartographer_ros_msgs/msg/detail/status_code__type_support_c.cpp.o\x1b[0m\n'}
[17.253769] (-) TimerEvent: {}
[17.357764] (-) TimerEvent: {}
[17.459879] (-) TimerEvent: {}
[17.567770] (-) TimerEvent: {}
[17.651907] (cartographer_ros_msgs) StdoutLine: {'line': b'[ 48%] \x1b[32mBuilding CXX object CMakeFiles/cartographer_ros_msgs__rosidl_typesupport_fastrtps_c.dir/rosidl_typesupport_fastrtps_c/cartographer_ros_msgs/msg/detail/status_response__type_support_c.cpp.o\x1b[0m\n'}
[17.674765] (-) TimerEvent: {}
[17.733818] (cartographer_ros_msgs) StdoutLine: {'line': b'[ 49%] \x1b[32mBuilding CXX object CMakeFiles/cartographer_ros_msgs__rosidl_typesupport_fastrtps_cpp.dir/rosidl_typesupport_fastrtps_cpp/cartographer_ros_msgs/srv/detail/dds_fastrtps/finish_trajectory__type_support.cpp.o\x1b[0m\n'}
[17.774864] (-) TimerEvent: {}
[17.875224] (-) TimerEvent: {}
[17.942331] (cartographer_ros_msgs) StdoutLine: {'line': b'[ 49%] \x1b[32mBuilding CXX object CMakeFiles/cartographer_ros_msgs__rosidl_typesupport_introspection_cpp.dir/rosidl_typesupport_introspection_cpp/cartographer_ros_msgs/srv/detail/get_trajectory_states__type_support.cpp.o\x1b[0m\n'}
[17.975326] (-) TimerEvent: {}
[18.075680] (-) TimerEvent: {}
[18.177774] (-) TimerEvent: {}
[18.284785] (-) TimerEvent: {}
[18.340809] (cartographer_ros_msgs) StdoutLine: {'line': b'[ 49%] \x1b[32mBuilding CXX object CMakeFiles/cartographer_ros_msgs__rosidl_typesupport_fastrtps_c.dir/rosidl_typesupport_fastrtps_c/cartographer_ros_msgs/msg/detail/submap_entry__type_support_c.cpp.o\x1b[0m\n'}
[18.388780] (-) TimerEvent: {}
[18.489135] (-) TimerEvent: {}
[18.591760] (-) TimerEvent: {}
[18.692051] (-) TimerEvent: {}
[18.755195] (cartographer_ros_msgs) StdoutLine: {'line': b'[ 49%] \x1b[32mBuilding CXX object CMakeFiles/cartographer_ros_msgs__rosidl_typesupport_fastrtps_cpp.dir/rosidl_typesupport_fastrtps_cpp/cartographer_ros_msgs/srv/detail/dds_fastrtps/get_trajectory_states__type_support.cpp.o\x1b[0m\n'}
[18.792148] (-) TimerEvent: {}
[18.894417] (-) TimerEvent: {}
[18.921629] (cartographer_ros_msgs) StdoutLine: {'line': b'[ 50%] \x1b[32mBuilding CXX object CMakeFiles/cartographer_ros_msgs__rosidl_typesupport_introspection_cpp.dir/rosidl_typesupport_introspection_cpp/cartographer_ros_msgs/srv/detail/read_metrics__type_support.cpp.o\x1b[0m\n'}
[18.994541] (-) TimerEvent: {}
[19.097763] (-) TimerEvent: {}
[19.187809] (cartographer_ros_msgs) StdoutLine: {'line': b'[ 51%] \x1b[32mBuilding CXX object CMakeFiles/cartographer_ros_msgs__rosidl_typesupport_fastrtps_c.dir/rosidl_typesupport_fastrtps_c/cartographer_ros_msgs/msg/detail/submap_list__type_support_c.cpp.o\x1b[0m\n'}
[19.197862] (-) TimerEvent: {}
[19.305759] (-) TimerEvent: {}
[19.417760] (-) TimerEvent: {}
[19.523764] (-) TimerEvent: {}
[19.540818] (cartographer_ros_msgs) StdoutLine: {'line': b'[ 52%] \x1b[32mBuilding CXX object CMakeFiles/cartographer_ros_msgs__rosidl_typesupport_fastrtps_cpp.dir/rosidl_typesupport_fastrtps_cpp/cartographer_ros_msgs/srv/detail/dds_fastrtps/read_metrics__type_support.cpp.o\x1b[0m\n'}
[19.623865] (-) TimerEvent: {}
[19.743757] (-) TimerEvent: {}
[19.869597] (-) TimerEvent: {}
[19.972077] (-) TimerEvent: {}
[20.072340] (-) TimerEvent: {}
[20.105829] (cartographer_ros_msgs) StdoutLine: {'line': b'[ 52%] \x1b[32mBuilding CXX object CMakeFiles/cartographer_ros_msgs__rosidl_typesupport_fastrtps_c.dir/rosidl_typesupport_fastrtps_c/cartographer_ros_msgs/msg/detail/submap_texture__type_support_c.cpp.o\x1b[0m\n'}
[20.129945] (cartographer_ros_msgs) StdoutLine: {'line': b'[ 52%] \x1b[32mBuilding C object CMakeFiles/cartographer_ros_msgs__rosidl_typesupport_introspection_c.dir/rosidl_typesupport_introspection_c/cartographer_ros_msgs/msg/detail/bagfile_progress__type_support.c.o\x1b[0m\n'}
[20.159008] (cartographer) StdoutLine: {'line': b'[ 16%] \x1b[32m\x1b[1mLinking CXX static library ../lib/libgmock.a\x1b[0m\n'}
[20.164133] (cartographer) StdoutLine: {'line': b'[ 16%] \x1b[32mBuilding CXX object CMakeFiles/cartographer.dir/cartographer/io/file_writer.cc.o\x1b[0m\n'}
[20.172425] (-) TimerEvent: {}
[20.215810] (cartographer_ros_msgs) StdoutLine: {'line': b'[ 53%] \x1b[32mBuilding C object CMakeFiles/cartographer_ros_msgs__rosidl_typesupport_introspection_c.dir/rosidl_typesupport_introspection_c/cartographer_ros_msgs/msg/detail/histogram_bucket__type_support.c.o\x1b[0m\n'}
[20.225754] (cartographer) StdoutLine: {'line': b'[ 16%] Built target gmock\n'}
[20.266520] (cartographer) StdoutLine: {'line': b'[ 16%] \x1b[32mBuilding CXX object gmock/CMakeFiles/gmock_main.dir/src/gmock_main.cc.o\x1b[0m\n'}
[20.273779] (-) TimerEvent: {}
[20.284150] (cartographer_ros_msgs) StdoutLine: {'line': b'[ 54%] \x1b[32mBuilding C object CMakeFiles/cartographer_ros_msgs__rosidl_typesupport_introspection_c.dir/rosidl_typesupport_introspection_c/cartographer_ros_msgs/msg/detail/landmark_entry__type_support.c.o\x1b[0m\n'}
[20.365809] (cartographer_ros_msgs) StdoutLine: {'line': b'[ 54%] \x1b[32mBuilding C object CMakeFiles/cartographer_ros_msgs__rosidl_typesupport_introspection_c.dir/rosidl_typesupport_introspection_c/cartographer_ros_msgs/msg/detail/landmark_list__type_support.c.o\x1b[0m\n'}
[20.375758] (-) TimerEvent: {}
[20.383744] (cartographer_ros_msgs) StdoutLine: {'line': b'[ 54%] \x1b[32mBuilding CXX object CMakeFiles/cartographer_ros_msgs__rosidl_typesupport_introspection_cpp.dir/rosidl_typesupport_introspection_cpp/cartographer_ros_msgs/srv/detail/start_trajectory__type_support.cpp.o\x1b[0m\n'}
[20.457823] (cartographer_ros_msgs) StdoutLine: {'line': b'[ 55%] \x1b[32mBuilding C object CMakeFiles/cartographer_ros_msgs__rosidl_typesupport_introspection_c.dir/rosidl_typesupport_introspection_c/cartographer_ros_msgs/msg/detail/metric_family__type_support.c.o\x1b[0m\n'}
[20.475862] (-) TimerEvent: {}
[20.494794] (cartographer) StdoutLine: {'line': b'[ 17%] \x1b[32mBuilding CXX object CMakeFiles/cartographer.dir/cartographer/io/fixed_ratio_sampling_points_processor.cc.o\x1b[0m\n'}
[20.543715] (cartographer_ros_msgs) StdoutLine: {'line': b'[ 55%] \x1b[32mBuilding CXX object CMakeFiles/cartographer_ros_msgs__rosidl_typesupport_fastrtps_cpp.dir/rosidl_typesupport_fastrtps_cpp/cartographer_ros_msgs/srv/detail/dds_fastrtps/start_trajectory__type_support.cpp.o\x1b[0m\n'}
[20.575974] (-) TimerEvent: {}
[20.640942] (cartographer_ros_msgs) StdoutLine: {'line': b'[ 55%] \x1b[32mBuilding C object CMakeFiles/cartographer_ros_msgs__rosidl_typesupport_introspection_c.dir/rosidl_typesupport_introspection_c/cartographer_ros_msgs/msg/detail/metric_label__type_support.c.o\x1b[0m\n'}
[20.677762] (-) TimerEvent: {}
[20.733163] (cartographer_ros_msgs) StdoutLine: {'line': b'[ 56%] \x1b[32mBuilding C object CMakeFiles/cartographer_ros_msgs__rosidl_typesupport_introspection_c.dir/rosidl_typesupport_introspection_c/cartographer_ros_msgs/msg/detail/metric__type_support.c.o\x1b[0m\n'}
[20.777865] (-) TimerEvent: {}
[20.873805] (cartographer_ros_msgs) StdoutLine: {'line': b'[ 56%] \x1b[32mBuilding C object CMakeFiles/cartographer_ros_msgs__rosidl_typesupport_introspection_c.dir/rosidl_typesupport_introspection_c/cartographer_ros_msgs/msg/detail/status_code__type_support.c.o\x1b[0m\n'}
[20.877954] (-) TimerEvent: {}
[20.941755] (cartographer_ros_msgs) StdoutLine: {'line': b'[ 57%] \x1b[32mBuilding C object CMakeFiles/cartographer_ros_msgs__rosidl_typesupport_introspection_c.dir/rosidl_typesupport_introspection_c/cartographer_ros_msgs/msg/detail/status_response__type_support.c.o\x1b[0m\n'}
[20.962792] (cartographer) StdoutLine: {'line': b'[ 17%] \x1b[32mBuilding CXX object CMakeFiles/cartographer.dir/cartographer/io/frame_id_filtering_points_processor.cc.o\x1b[0m\n'}
[20.980752] (-) TimerEvent: {}
[21.042750] (cartographer_ros_msgs) StdoutLine: {'line': b'[ 58%] \x1b[32mBuilding CXX object CMakeFiles/cartographer_ros_msgs__rosidl_typesupport_fastrtps_c.dir/rosidl_typesupport_fastrtps_c/cartographer_ros_msgs/msg/detail/trajectory_states__type_support_c.cpp.o\x1b[0m\n'}
[21.062605] (cartographer_ros_msgs) StdoutLine: {'line': b'[ 58%] \x1b[32mBuilding C object CMakeFiles/cartographer_ros_msgs__rosidl_typesupport_introspection_c.dir/rosidl_typesupport_introspection_c/cartographer_ros_msgs/msg/detail/submap_entry__type_support.c.o\x1b[0m\n'}
[21.080869] (-) TimerEvent: {}
[21.178803] (cartographer_ros_msgs) StdoutLine: {'line': b'[ 59%] \x1b[32mBuilding C object CMakeFiles/cartographer_ros_msgs__rosidl_typesupport_introspection_c.dir/rosidl_typesupport_introspection_c/cartographer_ros_msgs/msg/detail/submap_list__type_support.c.o\x1b[0m\n'}
[21.180949] (-) TimerEvent: {}
[21.281175] (-) TimerEvent: {}
[21.313543] (cartographer_ros_msgs) StdoutLine: {'line': b'[ 59%] \x1b[32mBuilding C object CMakeFiles/cartographer_ros_msgs__rosidl_typesupport_introspection_c.dir/rosidl_typesupport_introspection_c/cartographer_ros_msgs/msg/detail/submap_texture__type_support.c.o\x1b[0m\n'}
[21.347806] (cartographer_ros_msgs) StdoutLine: {'line': b'[ 60%] \x1b[32mBuilding CXX object CMakeFiles/cartographer_ros_msgs__rosidl_typesupport_introspection_cpp.dir/rosidl_typesupport_introspection_cpp/cartographer_ros_msgs/srv/detail/trajectory_query__type_support.cpp.o\x1b[0m\n'}
[21.377444] (cartographer_ros_msgs) StdoutLine: {'line': b'[ 61%] \x1b[32mBuilding CXX object CMakeFiles/cartographer_ros_msgs__rosidl_typesupport_fastrtps_cpp.dir/rosidl_typesupport_fastrtps_cpp/cartographer_ros_msgs/srv/detail/dds_fastrtps/trajectory_query__type_support.cpp.o\x1b[0m\n'}
[21.381261] (-) TimerEvent: {}
[21.424510] (cartographer_ros_msgs) StdoutLine: {'line': b'[ 62%] \x1b[32mBuilding C object CMakeFiles/cartographer_ros_msgs__rosidl_typesupport_introspection_c.dir/rosidl_typesupport_introspection_c/cartographer_ros_msgs/msg/detail/trajectory_states__type_support.c.o\x1b[0m\n'}
[21.481357] (-) TimerEvent: {}
[21.561088] (cartographer_ros_msgs) StdoutLine: {'line': b'[ 63%] \x1b[32mBuilding C object CMakeFiles/cartographer_ros_msgs__rosidl_typesupport_introspection_c.dir/rosidl_typesupport_introspection_c/cartographer_ros_msgs/srv/detail/finish_trajectory__type_support.c.o\x1b[0m\n'}
[21.581457] (-) TimerEvent: {}
[21.681767] (-) TimerEvent: {}
[21.706815] (cartographer_ros_msgs) StdoutLine: {'line': b'[ 63%] \x1b[32mBuilding C object CMakeFiles/cartographer_ros_msgs__rosidl_typesupport_introspection_c.dir/rosidl_typesupport_introspection_c/cartographer_ros_msgs/srv/detail/get_trajectory_states__type_support.c.o\x1b[0m\n'}
[21.781866] (-) TimerEvent: {}
[21.837808] (cartographer_ros_msgs) StdoutLine: {'line': b'[ 63%] \x1b[32mBuilding CXX object CMakeFiles/cartographer_ros_msgs__rosidl_typesupport_fastrtps_c.dir/rosidl_typesupport_fastrtps_c/cartographer_ros_msgs/srv/detail/finish_trajectory__type_support_c.cpp.o\x1b[0m\n'}
[21.848305] (cartographer_ros_msgs) StdoutLine: {'line': b'[ 64%] \x1b[32mBuilding C object CMakeFiles/cartographer_ros_msgs__rosidl_typesupport_introspection_c.dir/rosidl_typesupport_introspection_c/cartographer_ros_msgs/srv/detail/read_metrics__type_support.c.o\x1b[0m\n'}
[21.884761] (-) TimerEvent: {}
[21.985111] (-) TimerEvent: {}
[21.993556] (cartographer_ros_msgs) StdoutLine: {'line': b'[ 64%] \x1b[32mBuilding C object CMakeFiles/cartographer_ros_msgs__rosidl_typesupport_introspection_c.dir/rosidl_typesupport_introspection_c/cartographer_ros_msgs/srv/detail/start_trajectory__type_support.c.o\x1b[0m\n'}
[22.085238] (-) TimerEvent: {}
[22.114806] (cartographer_ros_msgs) StdoutLine: {'line': b'[ 65%] \x1b[32mBuilding C object CMakeFiles/cartographer_ros_msgs__rosidl_typesupport_introspection_c.dir/rosidl_typesupport_introspection_c/cartographer_ros_msgs/srv/detail/trajectory_query__type_support.c.o\x1b[0m\n'}
[22.165821] (cartographer) StdoutLine: {'line': b'[ 17%] \x1b[32m\x1b[1mLinking CXX static library ../lib/libgmock_main.a\x1b[0m\n'}
[22.168942] (cartographer_ros_msgs) StdoutLine: {'line': b'[ 65%] \x1b[32mBuilding CXX object CMakeFiles/cartographer_ros_msgs__rosidl_typesupport_introspection_cpp.dir/rosidl_typesupport_introspection_cpp/cartographer_ros_msgs/srv/detail/submap_query__type_support.cpp.o\x1b[0m\n'}
[22.185332] (-) TimerEvent: {}
[22.196986] (cartographer_ros_msgs) StdoutLine: {'line': b'[ 65%] \x1b[32mBuilding C object CMakeFiles/cartographer_ros_msgs__rosidl_typesupport_introspection_c.dir/rosidl_typesupport_introspection_c/cartographer_ros_msgs/srv/detail/submap_query__type_support.c.o\x1b[0m\n'}
[22.285433] (-) TimerEvent: {}
[22.294825] (cartographer_ros_msgs) StdoutLine: {'line': b'[ 66%] \x1b[32mBuilding C object CMakeFiles/cartographer_ros_msgs__rosidl_typesupport_introspection_c.dir/rosidl_typesupport_introspection_c/cartographer_ros_msgs/srv/detail/write_state__type_support.c.o\x1b[0m\n'}
[22.314773] (cartographer) StdoutLine: {'line': b'[ 17%] Built target gmock_main\n'}
[22.377990] (cartographer) StdoutLine: {'line': b'[ 17%] \x1b[32mBuilding CXX object CMakeFiles/cartographer.dir/cartographer/io/hybrid_grid_points_processor.cc.o\x1b[0m\n'}
[22.385518] (-) TimerEvent: {}
[22.404199] (cartographer_ros_msgs) StdoutLine: {'line': b'[ 66%] \x1b[32m\x1b[1mLinking C shared library libcartographer_ros_msgs__rosidl_typesupport_introspection_c.so\x1b[0m\n'}
[22.426324] (cartographer_ros_msgs) StdoutLine: {'line': b'[ 66%] \x1b[32mBuilding CXX object CMakeFiles/cartographer_ros_msgs__rosidl_typesupport_fastrtps_cpp.dir/rosidl_typesupport_fastrtps_cpp/cartographer_ros_msgs/srv/detail/dds_fastrtps/submap_query__type_support.cpp.o\x1b[0m\n'}
[22.485622] (-) TimerEvent: {}
[22.550811] (cartographer_ros_msgs) StdoutLine: {'line': b'[ 66%] Built target cartographer_ros_msgs__rosidl_typesupport_introspection_c\n'}
[22.567795] (cartographer_ros_msgs) StdoutLine: {'line': b'[ 67%] \x1b[34m\x1b[1mGenerating C type support dispatch for ROS interfaces\x1b[0m\n'}
[22.585719] (-) TimerEvent: {}
[22.588922] (cartographer_ros_msgs) StdoutLine: {'line': b'[ 68%] \x1b[32mBuilding CXX object CMakeFiles/cartographer_ros_msgs__rosidl_typesupport_fastrtps_c.dir/rosidl_typesupport_fastrtps_c/cartographer_ros_msgs/srv/detail/get_trajectory_states__type_support_c.cpp.o\x1b[0m\n'}
[22.688766] (-) TimerEvent: {}
[22.791759] (-) TimerEvent: {}
[22.885831] (cartographer_ros_msgs) StdoutLine: {'line': b'[ 69%] \x1b[32mBuilding CXX object CMakeFiles/cartographer_ros_msgs__rosidl_typesupport_introspection_cpp.dir/rosidl_typesupport_introspection_cpp/cartographer_ros_msgs/srv/detail/write_state__type_support.cpp.o\x1b[0m\n'}
[22.891911] (-) TimerEvent: {}
[22.992183] (-) TimerEvent: {}
[23.092456] (-) TimerEvent: {}
[23.192726] (-) TimerEvent: {}
[23.294765] (-) TimerEvent: {}
[23.321804] (cartographer_ros_msgs) StdoutLine: {'line': b'[ 70%] \x1b[32m\x1b[1mLinking CXX shared library libcartographer_ros_msgs__rosidl_typesupport_introspection_cpp.so\x1b[0m\n'}
[23.331802] (cartographer_ros_msgs) StdoutLine: {'line': b'[ 71%] \x1b[32mBuilding CXX object CMakeFiles/cartographer_ros_msgs__rosidl_typesupport_fastrtps_c.dir/rosidl_typesupport_fastrtps_c/cartographer_ros_msgs/srv/detail/read_metrics__type_support_c.cpp.o\x1b[0m\n'}
[23.397756] (-) TimerEvent: {}
[23.469504] (cartographer) StdoutLine: {'line': b'[ 17%] \x1b[32mBuilding CXX object CMakeFiles/cartographer.dir/cartographer/io/image.cc.o\x1b[0m\n'}
[23.497929] (-) TimerEvent: {}
[23.554165] (cartographer_ros_msgs) StdoutLine: {'line': b'[ 72%] \x1b[32mBuilding CXX object CMakeFiles/cartographer_ros_msgs__rosidl_typesupport_fastrtps_cpp.dir/rosidl_typesupport_fastrtps_cpp/cartographer_ros_msgs/srv/detail/dds_fastrtps/write_state__type_support.cpp.o\x1b[0m\n'}
[23.579575] (cartographer_ros_msgs) StdoutLine: {'line': b'[ 72%] Built target cartographer_ros_msgs__rosidl_typesupport_introspection_cpp\n'}
[23.598021] (-) TimerEvent: {}
[23.611702] (cartographer_ros_msgs) StdoutLine: {'line': b'[ 72%] \x1b[32mBuilding CXX object CMakeFiles/cartographer_ros_msgs__rosidl_typesupport_fastrtps_c.dir/rosidl_typesupport_fastrtps_c/cartographer_ros_msgs/srv/detail/start_trajectory__type_support_c.cpp.o\x1b[0m\n'}
[23.700763] (-) TimerEvent: {}
[23.801023] (-) TimerEvent: {}
[23.901289] (-) TimerEvent: {}
[24.001557] (-) TimerEvent: {}
[24.104756] (-) TimerEvent: {}
[24.152799] (cartographer_ros_msgs) StdoutLine: {'line': b'[ 73%] \x1b[32mBuilding CXX object CMakeFiles/cartographer_ros_msgs__rosidl_typesupport_fastrtps_c.dir/rosidl_typesupport_fastrtps_c/cartographer_ros_msgs/srv/detail/trajectory_query__type_support_c.cpp.o\x1b[0m\n'}
[24.204883] (-) TimerEvent: {}
[24.234599] (cartographer_ros_msgs) StdoutLine: {'line': b'[ 73%] \x1b[32mBuilding CXX object CMakeFiles/cartographer_ros_msgs__rosidl_typesupport_fastrtps_c.dir/rosidl_typesupport_fastrtps_c/cartographer_ros_msgs/srv/detail/submap_query__type_support_c.cpp.o\x1b[0m\n'}
[24.304980] (-) TimerEvent: {}
[24.409757] (-) TimerEvent: {}
[24.512867] (-) TimerEvent: {}
[24.557607] (cartographer_ros_msgs) StdoutLine: {'line': b'[ 73%] \x1b[32m\x1b[1mLinking CXX shared library libcartographer_ros_msgs__rosidl_typesupport_fastrtps_cpp.so\x1b[0m\n'}
[24.636769] (-) TimerEvent: {}
[24.740767] (-) TimerEvent: {}
[24.841558] (-) TimerEvent: {}
[24.901975] (cartographer_ros_msgs) StdoutLine: {'line': b'[ 73%] Built target cartographer_ros_msgs__rosidl_typesupport_fastrtps_cpp\n'}
[24.920797] (cartographer_ros_msgs) StdoutLine: {'line': b'[ 74%] \x1b[32mBuilding CXX object CMakeFiles/cartographer_ros_msgs__rosidl_typesupport_fastrtps_c.dir/rosidl_typesupport_fastrtps_c/cartographer_ros_msgs/srv/detail/write_state__type_support_c.cpp.o\x1b[0m\n'}
[24.943766] (-) TimerEvent: {}
[25.044024] (-) TimerEvent: {}
[25.144284] (-) TimerEvent: {}
[25.200901] (cartographer_ros_msgs) StdoutLine: {'line': b'[ 74%] \x1b[32mBuilding CXX object CMakeFiles/cartographer_ros_msgs__rosidl_typesupport_c.dir/rosidl_typesupport_c/cartographer_ros_msgs/msg/bagfile_progress__type_support.cpp.o\x1b[0m\n'}
[25.202597] (cartographer_ros_msgs) StdoutLine: {'line': b'[ 75%] \x1b[32mBuilding CXX object CMakeFiles/cartographer_ros_msgs__rosidl_typesupport_c.dir/rosidl_typesupport_c/cartographer_ros_msgs/msg/histogram_bucket__type_support.cpp.o\x1b[0m\n'}
[25.231622] (cartographer_ros_msgs) StdoutLine: {'line': b'[ 75%] \x1b[32mBuilding CXX object CMakeFiles/cartographer_ros_msgs__rosidl_typesupport_c.dir/rosidl_typesupport_c/cartographer_ros_msgs/msg/landmark_entry__type_support.cpp.o\x1b[0m\n'}
[25.246757] (-) TimerEvent: {}
[25.290597] (cartographer_ros_msgs) StdoutLine: {'line': b'[ 76%] \x1b[32mBuilding CXX object CMakeFiles/cartographer_ros_msgs__rosidl_typesupport_c.dir/rosidl_typesupport_c/cartographer_ros_msgs/msg/landmark_list__type_support.cpp.o\x1b[0m\n'}
[25.290764] (cartographer_ros_msgs) StdoutLine: {'line': b'[ 76%] \x1b[32mBuilding CXX object CMakeFiles/cartographer_ros_msgs__rosidl_typesupport_c.dir/rosidl_typesupport_c/cartographer_ros_msgs/msg/metric_family__type_support.cpp.o\x1b[0m\n'}
[25.316746] (cartographer_ros_msgs) StdoutLine: {'line': b'[ 77%] \x1b[32mBuilding CXX object CMakeFiles/cartographer_ros_msgs__rosidl_typesupport_c.dir/rosidl_typesupport_c/cartographer_ros_msgs/msg/metric_label__type_support.cpp.o\x1b[0m\n'}
[25.346881] (-) TimerEvent: {}
[25.357416] (cartographer_ros_msgs) StdoutLine: {'line': b'[ 77%] \x1b[32mBuilding CXX object CMakeFiles/cartographer_ros_msgs__rosidl_typesupport_c.dir/rosidl_typesupport_c/cartographer_ros_msgs/msg/metric__type_support.cpp.o\x1b[0m\n'}
[25.363792] (cartographer_ros_msgs) StdoutLine: {'line': b'[ 78%] \x1b[32mBuilding CXX object CMakeFiles/cartographer_ros_msgs__rosidl_typesupport_c.dir/rosidl_typesupport_c/cartographer_ros_msgs/msg/status_code__type_support.cpp.o\x1b[0m\n'}
[25.402630] (cartographer_ros_msgs) StdoutLine: {'line': b'[ 79%] \x1b[32mBuilding CXX object CMakeFiles/cartographer_ros_msgs__rosidl_typesupport_c.dir/rosidl_typesupport_c/cartographer_ros_msgs/msg/status_response__type_support.cpp.o\x1b[0m\n'}
[25.411753] (cartographer_ros_msgs) StdoutLine: {'line': b'[ 79%] \x1b[32mBuilding CXX object CMakeFiles/cartographer_ros_msgs__rosidl_typesupport_c.dir/rosidl_typesupport_c/cartographer_ros_msgs/msg/submap_entry__type_support.cpp.o\x1b[0m\n'}
[25.446981] (-) TimerEvent: {}
[25.459627] (cartographer_ros_msgs) StdoutLine: {'line': b'[ 80%] \x1b[32mBuilding CXX object CMakeFiles/cartographer_ros_msgs__rosidl_typesupport_c.dir/rosidl_typesupport_c/cartographer_ros_msgs/msg/submap_list__type_support.cpp.o\x1b[0m\n'}
[25.471512] (cartographer_ros_msgs) StdoutLine: {'line': b'[ 80%] \x1b[32mBuilding CXX object CMakeFiles/cartographer_ros_msgs__rosidl_typesupport_c.dir/rosidl_typesupport_c/cartographer_ros_msgs/msg/submap_texture__type_support.cpp.o\x1b[0m\n'}
[25.478802] (cartographer_ros_msgs) StdoutLine: {'line': b'[ 81%] \x1b[32mBuilding CXX object CMakeFiles/cartographer_ros_msgs__rosidl_typesupport_c.dir/rosidl_typesupport_c/cartographer_ros_msgs/msg/trajectory_states__type_support.cpp.o\x1b[0m\n'}
[25.521691] (cartographer_ros_msgs) StdoutLine: {'line': b'[ 81%] \x1b[32mBuilding CXX object CMakeFiles/cartographer_ros_msgs__rosidl_typesupport_c.dir/rosidl_typesupport_c/cartographer_ros_msgs/srv/finish_trajectory__type_support.cpp.o\x1b[0m\n'}
[25.547078] (-) TimerEvent: {}
[25.551839] (cartographer_ros_msgs) StdoutLine: {'line': b'[ 82%] \x1b[32mBuilding CXX object CMakeFiles/cartographer_ros_msgs__rosidl_typesupport_c.dir/rosidl_typesupport_c/cartographer_ros_msgs/srv/get_trajectory_states__type_support.cpp.o\x1b[0m\n'}
[25.561789] (cartographer_ros_msgs) StdoutLine: {'line': b'[ 82%] \x1b[32mBuilding CXX object CMakeFiles/cartographer_ros_msgs__rosidl_typesupport_c.dir/rosidl_typesupport_c/cartographer_ros_msgs/srv/read_metrics__type_support.cpp.o\x1b[0m\n'}
[25.607595] (cartographer_ros_msgs) StdoutLine: {'line': b'[ 83%] \x1b[32mBuilding CXX object CMakeFiles/cartographer_ros_msgs__rosidl_typesupport_c.dir/rosidl_typesupport_c/cartographer_ros_msgs/srv/start_trajectory__type_support.cpp.o\x1b[0m\n'}
[25.643799] (cartographer_ros_msgs) StdoutLine: {'line': b'[ 83%] \x1b[32mBuilding CXX object CMakeFiles/cartographer_ros_msgs__rosidl_typesupport_c.dir/rosidl_typesupport_c/cartographer_ros_msgs/srv/trajectory_query__type_support.cpp.o\x1b[0m\n'}
[25.647618] (-) TimerEvent: {}
[25.674693] (cartographer_ros_msgs) StdoutLine: {'line': b'[ 84%] \x1b[32mBuilding CXX object CMakeFiles/cartographer_ros_msgs__rosidl_typesupport_c.dir/rosidl_typesupport_c/cartographer_ros_msgs/srv/submap_query__type_support.cpp.o\x1b[0m\n'}
[25.718223] (cartographer_ros_msgs) StdoutLine: {'line': b'[ 85%] \x1b[32mBuilding CXX object CMakeFiles/cartographer_ros_msgs__rosidl_typesupport_c.dir/rosidl_typesupport_c/cartographer_ros_msgs/srv/write_state__type_support.cpp.o\x1b[0m\n'}
[25.747720] (-) TimerEvent: {}
[25.783284] (cartographer_ros_msgs) StdoutLine: {'line': b'[ 85%] \x1b[32m\x1b[1mLinking CXX shared library libcartographer_ros_msgs__rosidl_typesupport_c.so\x1b[0m\n'}
[25.791664] (cartographer_ros_msgs) StdoutLine: {'line': b'[ 85%] \x1b[32m\x1b[1mLinking CXX shared library libcartographer_ros_msgs__rosidl_typesupport_fastrtps_c.so\x1b[0m\n'}
[25.850761] (-) TimerEvent: {}
[25.902169] (cartographer_ros_msgs) StdoutLine: {'line': b'[ 85%] Built target cartographer_ros_msgs__rosidl_typesupport_c\n'}
[25.950872] (-) TimerEvent: {}
[25.978850] (cartographer_ros_msgs) StdoutLine: {'line': b'[ 85%] Built target cartographer_ros_msgs__rosidl_typesupport_fastrtps_c\n'}
[26.022022] (cartographer_ros_msgs) StdoutLine: {'line': b'[ 85%] Built target cartographer_ros_msgs\n'}
[26.050968] (-) TimerEvent: {}
[26.066819] (cartographer_ros_msgs) StdoutLine: {'line': b'[ 86%] \x1b[34m\x1b[1mGenerating Python code for ROS interfaces\x1b[0m\n'}
[26.151066] (-) TimerEvent: {}
[26.255761] (-) TimerEvent: {}
[26.358763] (-) TimerEvent: {}
[26.459105] (-) TimerEvent: {}
[26.559436] (-) TimerEvent: {}
[26.659764] (-) TimerEvent: {}
[26.760100] (-) TimerEvent: {}
[26.860444] (-) TimerEvent: {}
[26.933958] (cartographer) StdoutLine: {'line': b'[ 17%] \x1b[32mBuilding CXX object CMakeFiles/cartographer.dir/cartographer/io/internal/in_memory_proto_stream.cc.o\x1b[0m\n'}
[26.935160] (cartographer) StdoutLine: {'line': b'[ 18%] \x1b[32mBuilding CXX object CMakeFiles/cartographer.dir/cartographer/io/intensity_to_color_points_processor.cc.o\x1b[0m\n'}
[26.960538] (-) TimerEvent: {}
[27.060760] (-) TimerEvent: {}
[27.161096] (-) TimerEvent: {}
[27.262910] (-) TimerEvent: {}
[27.365759] (-) TimerEvent: {}
[27.466055] (-) TimerEvent: {}
[27.566422] (-) TimerEvent: {}
[27.666671] (-) TimerEvent: {}
[27.766938] (-) TimerEvent: {}
[27.867271] (-) TimerEvent: {}
[27.967636] (-) TimerEvent: {}
[28.068015] (-) TimerEvent: {}
[28.170762] (-) TimerEvent: {}
[28.273762] (-) TimerEvent: {}
[28.376759] (-) TimerEvent: {}
[28.477100] (-) TimerEvent: {}
[28.484812] (cartographer) StdoutLine: {'line': b'[ 18%] \x1b[32mBuilding CXX object CMakeFiles/cartographer.dir/cartographer/io/internal/mapping_state_serialization.cc.o\x1b[0m\n'}
[28.555926] (cartographer) StdoutLine: {'line': b'[ 19%] \x1b[32mBuilding CXX object CMakeFiles/cartographer.dir/cartographer/io/internal/pbstream_info.cc.o\x1b[0m\n'}
[28.577230] (-) TimerEvent: {}
[28.677887] (-) TimerEvent: {}
[28.778268] (-) TimerEvent: {}
[28.878615] (-) TimerEvent: {}
[28.978942] (-) TimerEvent: {}
[29.008842] (cartographer) StdoutLine: {'line': b'[ 19%] \x1b[32mBuilding CXX object CMakeFiles/cartographer.dir/cartographer/io/internal/pbstream_migrate.cc.o\x1b[0m\n'}
[29.079037] (-) TimerEvent: {}
[29.179307] (-) TimerEvent: {}
[29.279587] (-) TimerEvent: {}
[29.379873] (-) TimerEvent: {}
[29.480147] (-) TimerEvent: {}
[29.580399] (-) TimerEvent: {}
[29.680676] (-) TimerEvent: {}
[29.780988] (-) TimerEvent: {}
[29.881339] (-) TimerEvent: {}
[29.910578] (cartographer_ros_msgs) StdoutLine: {'line': b'[ 86%] Built target cartographer_ros_msgs__py\n'}
[29.960562] (cartographer_ros_msgs) StdoutLine: {'line': b'[ 86%] \x1b[32mBuilding C object CMakeFiles/cartographer_ros_msgs__rosidl_generator_py.dir/rosidl_generator_py/cartographer_ros_msgs/msg/_bagfile_progress_s.c.o\x1b[0m\n'}
[29.960731] (cartographer_ros_msgs) StdoutLine: {'line': b'[ 87%] \x1b[32mBuilding C object CMakeFiles/cartographer_ros_msgs__rosidl_generator_py.dir/rosidl_generator_py/cartographer_ros_msgs/msg/_histogram_bucket_s.c.o\x1b[0m\n'}
[29.965585] (cartographer_ros_msgs) StdoutLine: {'line': b'[ 87%] \x1b[32mBuilding C object CMakeFiles/cartographer_ros_msgs__rosidl_generator_py.dir/rosidl_generator_py/cartographer_ros_msgs/msg/_landmark_entry_s.c.o\x1b[0m\n'}
[29.966000] (cartographer_ros_msgs) StdoutLine: {'line': b'[ 88%] \x1b[32mBuilding C object CMakeFiles/cartographer_ros_msgs__rosidl_generator_py.dir/rosidl_generator_py/cartographer_ros_msgs/msg/_landmark_list_s.c.o\x1b[0m\n'}
[29.981434] (-) TimerEvent: {}
[30.081770] (-) TimerEvent: {}
[30.176840] (cartographer_ros_msgs) StdoutLine: {'line': b'[ 88%] \x1b[32mBuilding C object CMakeFiles/cartographer_ros_msgs__rosidl_generator_py.dir/rosidl_generator_py/cartographer_ros_msgs/msg/_metric_s.c.o\x1b[0m\n'}
[30.177693] (cartographer_ros_msgs) StdoutLine: {'line': b'[ 88%] \x1b[32mBuilding C object CMakeFiles/cartographer_ros_msgs__rosidl_generator_py.dir/rosidl_generator_py/cartographer_ros_msgs/msg/_metric_family_s.c.o\x1b[0m\n'}
[30.177836] (cartographer_ros_msgs) StdoutLine: {'line': b'[ 89%] \x1b[32mBuilding C object CMakeFiles/cartographer_ros_msgs__rosidl_generator_py.dir/rosidl_generator_py/cartographer_ros_msgs/msg/_metric_label_s.c.o\x1b[0m\n'}
[30.181849] (-) TimerEvent: {}
[30.192294] (cartographer_ros_msgs) StdoutLine: {'line': b'[ 90%] \x1b[32mBuilding C object CMakeFiles/cartographer_ros_msgs__rosidl_generator_py.dir/rosidl_generator_py/cartographer_ros_msgs/msg/_status_code_s.c.o\x1b[0m\n'}
[30.281959] (-) TimerEvent: {}
[30.365818] (cartographer_ros_msgs) StdoutLine: {'line': b'[ 91%] \x1b[32mBuilding C object CMakeFiles/cartographer_ros_msgs__rosidl_generator_py.dir/rosidl_generator_py/cartographer_ros_msgs/msg/_status_response_s.c.o\x1b[0m\n'}
[30.380562] (cartographer_ros_msgs) StdoutLine: {'line': b'[ 91%] \x1b[32mBuilding C object CMakeFiles/cartographer_ros_msgs__rosidl_generator_py.dir/rosidl_generator_py/cartographer_ros_msgs/msg/_submap_entry_s.c.o\x1b[0m\n'}
[30.382036] (-) TimerEvent: {}
[30.435721] (cartographer_ros_msgs) StdoutLine: {'line': b'[ 92%] \x1b[32mBuilding C object CMakeFiles/cartographer_ros_msgs__rosidl_generator_py.dir/rosidl_generator_py/cartographer_ros_msgs/msg/_submap_list_s.c.o\x1b[0m\n'}
[30.453201] (cartographer_ros_msgs) StdoutLine: {'line': b'[ 92%] \x1b[32mBuilding C object CMakeFiles/cartographer_ros_msgs__rosidl_generator_py.dir/rosidl_generator_py/cartographer_ros_msgs/msg/_submap_texture_s.c.o\x1b[0m\n'}
[30.482150] (-) TimerEvent: {}
[30.558832] (cartographer_ros_msgs) StdoutLine: {'line': b'[ 93%] \x1b[32mBuilding C object CMakeFiles/cartographer_ros_msgs__rosidl_generator_py.dir/rosidl_generator_py/cartographer_ros_msgs/msg/_trajectory_states_s.c.o\x1b[0m\n'}
[30.559620] (cartographer_ros_msgs) StdoutLine: {'line': b'[ 93%] \x1b[32mBuilding C object CMakeFiles/cartographer_ros_msgs__rosidl_generator_py.dir/rosidl_generator_py/cartographer_ros_msgs/srv/_finish_trajectory_s.c.o\x1b[0m\n'}
[30.582270] (-) TimerEvent: {}
[30.646870] (cartographer_ros_msgs) StdoutLine: {'line': b'[ 94%] \x1b[32mBuilding C object CMakeFiles/cartographer_ros_msgs__rosidl_generator_py.dir/rosidl_generator_py/cartographer_ros_msgs/srv/_get_trajectory_states_s.c.o\x1b[0m\n'}
[30.682376] (-) TimerEvent: {}
[30.683755] (cartographer_ros_msgs) StdoutLine: {'line': b'[ 94%] \x1b[32mBuilding C object CMakeFiles/cartographer_ros_msgs__rosidl_generator_py.dir/rosidl_generator_py/cartographer_ros_msgs/srv/_read_metrics_s.c.o\x1b[0m\n'}
[30.758756] (cartographer_ros_msgs) StdoutLine: {'line': b'[ 95%] \x1b[32mBuilding C object CMakeFiles/cartographer_ros_msgs__rosidl_generator_py.dir/rosidl_generator_py/cartographer_ros_msgs/srv/_start_trajectory_s.c.o\x1b[0m\n'}
[30.762927] (cartographer_ros_msgs) StdoutLine: {'line': b'[ 95%] \x1b[32mBuilding C object CMakeFiles/cartographer_ros_msgs__rosidl_generator_py.dir/rosidl_generator_py/cartographer_ros_msgs/srv/_trajectory_query_s.c.o\x1b[0m\n'}
[30.782475] (-) TimerEvent: {}
[30.826329] (cartographer_ros_msgs) StdoutLine: {'line': b'[ 96%] \x1b[32mBuilding C object CMakeFiles/cartographer_ros_msgs__rosidl_generator_py.dir/rosidl_generator_py/cartographer_ros_msgs/srv/_submap_query_s.c.o\x1b[0m\n'}
[30.869761] (cartographer_ros_msgs) StdoutLine: {'line': b'[ 97%] \x1b[32mBuilding C object CMakeFiles/cartographer_ros_msgs__rosidl_generator_py.dir/rosidl_generator_py/cartographer_ros_msgs/srv/_write_state_s.c.o\x1b[0m\n'}
[30.882581] (-) TimerEvent: {}
[30.982962] (-) TimerEvent: {}
[31.047604] (cartographer_ros_msgs) StdoutLine: {'line': b'[ 97%] \x1b[32m\x1b[1mLinking C shared library rosidl_generator_py/cartographer_ros_msgs/libcartographer_ros_msgs__rosidl_generator_py.so\x1b[0m\n'}
[31.060425] (cartographer) StdoutLine: {'line': b'[ 19%] \x1b[32mBuilding CXX object CMakeFiles/cartographer.dir/cartographer/io/min_max_range_filtering_points_processor.cc.o\x1b[0m\n'}
[31.083071] (-) TimerEvent: {}
[31.116818] (cartographer_ros_msgs) StdoutLine: {'line': b'[ 97%] Built target cartographer_ros_msgs__rosidl_generator_py\n'}
[31.158808] (cartographer_ros_msgs) StdoutLine: {'line': b'[ 98%] \x1b[32mBuilding C object CMakeFiles/cartographer_ros_msgs__rosidl_typesupport_fastrtps_c__pyext.dir/rosidl_generator_py/cartographer_ros_msgs/_cartographer_ros_msgs_s.ep.rosidl_typesupport_fastrtps_c.c.o\x1b[0m\n'}
[31.162875] (cartographer_ros_msgs) StdoutLine: {'line': b'[ 99%] \x1b[32mBuilding C object CMakeFiles/cartographer_ros_msgs__rosidl_typesupport_introspection_c__pyext.dir/rosidl_generator_py/cartographer_ros_msgs/_cartographer_ros_msgs_s.ep.rosidl_typesupport_introspection_c.c.o\x1b[0m\n'}
[31.171525] (cartographer_ros_msgs) StdoutLine: {'line': b'[100%] \x1b[32mBuilding C object CMakeFiles/cartographer_ros_msgs__rosidl_typesupport_c__pyext.dir/rosidl_generator_py/cartographer_ros_msgs/_cartographer_ros_msgs_s.ep.rosidl_typesupport_c.c.o\x1b[0m\n'}
[31.183170] (-) TimerEvent: {}
[31.283441] (-) TimerEvent: {}
[31.384846] (-) TimerEvent: {}
[31.402525] (cartographer_ros_msgs) StdoutLine: {'line': b'[100%] \x1b[32m\x1b[1mLinking C shared library rosidl_generator_py/cartographer_ros_msgs/cartographer_ros_msgs_s__rosidl_typesupport_c.cpython-310-x86_64-linux-gnu.so\x1b[0m\n'}
[31.484946] (-) TimerEvent: {}
[31.494804] (cartographer_ros_msgs) StdoutLine: {'line': b'[100%] Built target cartographer_ros_msgs__rosidl_typesupport_c__pyext\n'}
[31.495314] (cartographer_ros_msgs) StdoutLine: {'line': b'[100%] \x1b[32m\x1b[1mLinking C shared library rosidl_generator_py/cartographer_ros_msgs/cartographer_ros_msgs_s__rosidl_typesupport_introspection_c.cpython-310-x86_64-linux-gnu.so\x1b[0m\n'}
[31.496252] (cartographer_ros_msgs) StdoutLine: {'line': b'[100%] \x1b[32m\x1b[1mLinking C shared library rosidl_generator_py/cartographer_ros_msgs/cartographer_ros_msgs_s__rosidl_typesupport_fastrtps_c.cpython-310-x86_64-linux-gnu.so\x1b[0m\n'}
[31.581034] (cartographer_ros_msgs) StdoutLine: {'line': b'[100%] Built target cartographer_ros_msgs__rosidl_typesupport_fastrtps_c__pyext\n'}
[31.585028] (-) TimerEvent: {}
[31.585549] (cartographer_ros_msgs) StdoutLine: {'line': b'[100%] Built target cartographer_ros_msgs__rosidl_typesupport_introspection_c__pyext\n'}
[31.590129] (cartographer) StdoutLine: {'line': b'[ 19%] \x1b[32mBuilding CXX object CMakeFiles/cartographer.dir/cartographer/io/outlier_removing_points_processor.cc.o\x1b[0m\n'}
[31.593201] (cartographer) StdoutLine: {'line': b'[ 20%] \x1b[32mBuilding CXX object CMakeFiles/cartographer.dir/cartographer/io/pcd_writing_points_processor.cc.o\x1b[0m\n'}
[31.605780] (cartographer_ros_msgs) CommandEnded: {'returncode': 0}
[31.685752] (-) TimerEvent: {}
[31.786759] (-) TimerEvent: {}
[31.887034] (-) TimerEvent: {}
[31.987271] (-) TimerEvent: {}
[32.087582] (-) TimerEvent: {}
[32.188010] (-) TimerEvent: {}
[32.288356] (-) TimerEvent: {}
[32.388685] (-) TimerEvent: {}
[32.489094] (-) TimerEvent: {}
[32.589399] (-) TimerEvent: {}
[32.689749] (-) TimerEvent: {}
[32.790098] (-) TimerEvent: {}
[32.890942] (-) TimerEvent: {}
[32.898590] (cartographer) StdoutLine: {'line': b'[ 20%] \x1b[32mBuilding CXX object CMakeFiles/cartographer.dir/cartographer/io/ply_writing_points_processor.cc.o\x1b[0m\n'}
[32.992003] (-) TimerEvent: {}
[32.996773] (cartographer_ros_msgs) JobProgress: {'identifier': 'cartographer_ros_msgs', 'progress': 'install'}
[32.997016] (cartographer_ros_msgs) Command: {'cmd': ['/usr/bin/cmake', '--install', '/home/yahboom/5550_ros2_ws/build/cartographer_ros_msgs'], 'cwd': '/home/yahboom/5550_ros2_ws/build/cartographer_ros_msgs', 'env': OrderedDict([('LESSOPEN', '| /usr/bin/lesspipe %s'), ('USER', 'yahboom'), ('LC_TIME', 'en_AU.UTF-8'), ('XDG_SESSION_TYPE', 'wayland'), ('SHLVL', '1'), ('LD_LIBRARY_PATH', '/home/yahboom/5550_ros2_ws/install/cartographer_ros_msgs/lib:/home/yahboom/yahboomcar_ws/install/openslam_gmapping/lib:/usr/lib/x86_64-linux-gnu/gazebo-11/plugins:/opt/ros/humble/opt/rviz_ogre_vendor/lib:/opt/ros/humble/lib/x86_64-linux-gnu:/opt/ros/humble/lib'), ('HOME', '/home/yahboom'), ('OLDPWD', '/home/yahboom/5550_ros2_ws/src'), ('DESKTOP_SESSION', 'ubuntu'), ('ROS_PYTHON_VERSION', '3'), ('GNOME_SHELL_SESSION_MODE', 'ubuntu'), ('GTK_MODULES', 'gail:atk-bridge'), ('LC_MONETARY', 'en_AU.UTF-8'), ('DBUS_STARTER_BUS_TYPE', 'session'), ('SYSTEMD_EXEC_PID', '1207'), ('DBUS_SESSION_BUS_ADDRESS', 'unix:path=/run/user/1000/bus,guid=3b63875a28f7ace014de708968a2af05'), ('COLORTERM', 'truecolor'), ('IM_CONFIG_PHASE', '1'), ('WAYLAND_DISPLAY', 'wayland-0'), ('COLCON_PREFIX_PATH', '/home/yahboom/5550_ros2_ws/install:/home/yahboom/yahboomcar_ws/install'), ('ROS_DISTRO', 'humble'), ('LOGNAME', 'yahboom'), ('_', '/usr/bin/colcon'), ('ROS_VERSION', '2'), ('PKG_CONFIG_PATH', '/home/yahboom/5550_ros2_ws/install/cartographer/lib/x86_64-linux-gnu/pkgconfig:/home/yahboom/5550_ros2_ws/install/cartographer/lib/pkgconfig'), ('XDG_SESSION_CLASS', 'user'), ('USERNAME', 'yahboom'), ('TERM', 'xterm-256color'), ('GNOME_DESKTOP_SESSION_ID', 'this-is-deprecated'), ('ROS_LOCALHOST_ONLY', '0'), ('PATH', '/home/yahboom/5550_ros2_ws/install/cartographer/bin:/opt/ros/humble/bin:/usr/local/sbin:/usr/local/bin:/usr/sbin:/usr/bin:/sbin:/bin:/usr/games:/usr/local/games:/snap/bin:/snap/bin'), ('SESSION_MANAGER', 'local/676rb16:@/tmp/.ICE-unix/1207,unix/676rb16:/tmp/.ICE-unix/1207'), ('PAPERSIZE', 'a4'), ('XDG_MENU_PREFIX', 'gnome-'), ('LC_ADDRESS', 'en_AU.UTF-8'), ('GNOME_TERMINAL_SCREEN', '/org/gnome/Terminal/screen/71ee0731_dd8d_4273_80ff_3f9e8885a6d0'), ('GNOME_SETUP_DISPLAY', ':1'), ('XDG_RUNTIME_DIR', '/run/user/1000'), ('DISPLAY', ':0'), ('LANG', 'en_US.UTF-8'), ('XDG_CURRENT_DESKTOP', 'ubuntu:GNOME'), ('LC_TELEPHONE', 'en_AU.UTF-8'), ('XMODIFIERS', '@im=ibus'), ('XDG_SESSION_DESKTOP', 'ubuntu'), ('XAUTHORITY', '/run/user/1000/.mutter-Xwaylandauth.PDBPB3'), ('LS_COLORS', 'rs=0:di=01;34:ln=01;36:mh=00:pi=40;33:so=01;35:do=01;35:bd=40;33;01:cd=40;33;01:or=40;31;01:mi=00:su=37;41:sg=30;43:ca=30;41:tw=30;42:ow=34;42:st=37;44:ex=01;32:*.tar=01;31:*.tgz=01;31:*.arc=01;31:*.arj=01;31:*.taz=01;31:*.lha=01;31:*.lz4=01;31:*.lzh=01;31:*.lzma=01;31:*.tlz=01;31:*.txz=01;31:*.tzo=01;31:*.t7z=01;31:*.zip=01;31:*.z=01;31:*.dz=01;31:*.gz=01;31:*.lrz=01;31:*.lz=01;31:*.lzo=01;31:*.xz=01;31:*.zst=01;31:*.tzst=01;31:*.bz2=01;31:*.bz=01;31:*.tbz=01;31:*.tbz2=01;31:*.tz=01;31:*.deb=01;31:*.rpm=01;31:*.jar=01;31:*.war=01;31:*.ear=01;31:*.sar=01;31:*.rar=01;31:*.alz=01;31:*.ace=01;31:*.zoo=01;31:*.cpio=01;31:*.7z=01;31:*.rz=01;31:*.cab=01;31:*.wim=01;31:*.swm=01;31:*.dwm=01;31:*.esd=01;31:*.jpg=01;35:*.jpeg=01;35:*.mjpg=01;35:*.mjpeg=01;35:*.gif=01;35:*.bmp=01;35:*.pbm=01;35:*.pgm=01;35:*.ppm=01;35:*.tga=01;35:*.xbm=01;35:*.xpm=01;35:*.tif=01;35:*.tiff=01;35:*.png=01;35:*.svg=01;35:*.svgz=01;35:*.mng=01;35:*.pcx=01;35:*.mov=01;35:*.mpg=01;35:*.mpeg=01;35:*.m2v=01;35:*.mkv=01;35:*.webm=01;35:*.webp=01;35:*.ogm=01;35:*.mp4=01;35:*.m4v=01;35:*.mp4v=01;35:*.vob=01;35:*.qt=01;35:*.nuv=01;35:*.wmv=01;35:*.asf=01;35:*.rm=01;35:*.rmvb=01;35:*.flc=01;35:*.avi=01;35:*.fli=01;35:*.flv=01;35:*.gl=01;35:*.dl=01;35:*.xcf=01;35:*.xwd=01;35:*.yuv=01;35:*.cgm=01;35:*.emf=01;35:*.ogv=01;35:*.ogx=01;35:*.aac=00;36:*.au=00;36:*.flac=00;36:*.m4a=00;36:*.mid=00;36:*.midi=00;36:*.mka=00;36:*.mp3=00;36:*.mpc=00;36:*.ogg=00;36:*.ra=00;36:*.wav=00;36:*.oga=00;36:*.opus=00;36:*.spx=00;36:*.xspf=00;36:'), ('GNOME_TERMINAL_SERVICE', ':1.134'), ('SSH_AGENT_LAUNCHER', 'gnome-keyring'), ('SSH_AUTH_SOCK', '/run/user/1000/keyring/ssh'), ('AMENT_PREFIX_PATH', '/home/yahboom/5550_ros2_ws/install/example_cpp:/home/yahboom/5550_ros2_ws/install/drone_description:/home/yahboom/5550_ros2_ws/install/cartographer_ros_msgs:/home/yahboom/yahboomcar_ws/install/ydlidar_ros2_driver:/home/yahboom/yahboomcar_ws/install/slam_gmapping:/home/yahboom/yahboomcar_ws/install/rf2o_laser_odometry:/home/yahboom/yahboomcar_ws/install/openslam_gmapping:/opt/ros/humble'), ('SHELL', '/bin/bash'), ('LC_NAME', 'en_AU.UTF-8'), ('QT_ACCESSIBILITY', '1'), ('GDMSESSION', 'ubuntu'), ('LESSCLOSE', '/usr/bin/lesspipe %s %s'), ('LC_MEASUREMENT', 'en_AU.UTF-8'), ('LC_IDENTIFICATION', 'en_AU.UTF-8'), ('QT_IM_MODULE', 'ibus'), ('PWD', '/home/yahboom/5550_ros2_ws/build/cartographer_ros_msgs'), ('LC_ALL', 'en_US.UTF-8'), ('XDG_CONFIG_DIRS', '/etc/xdg/xdg-ubuntu:/etc/xdg'), ('DBUS_STARTER_ADDRESS', 'unix:path=/run/user/1000/bus,guid=3b63875a28f7ace014de708968a2af05'), ('XDG_DATA_DIRS', '/usr/share/ubuntu:/usr/local/share/:/usr/share/:/var/lib/snapd/desktop'), ('PYTHONPATH', '/home/yahboom/5550_ros2_ws/build/drone_description:/home/yahboom/5550_ros2_ws/install/drone_description/lib/python3.10/site-packages:/home/yahboom/5550_ros2_ws/install/cartographer_ros_msgs/local/lib/python3.10/dist-packages:/opt/ros/humble/lib/python3.10/site-packages:/opt/ros/humble/local/lib/python3.10/dist-packages'), ('LC_NUMERIC', 'en_AU.UTF-8'), ('LC_PAPER', 'en_AU.UTF-8'), ('COLCON', '1'), ('VTE_VERSION', '6800'), ('CMAKE_PREFIX_PATH', '/home/yahboom/5550_ros2_ws/install/example_cpp:/home/yahboom/5550_ros2_ws/install/cartographer_ros_msgs:/home/yahboom/5550_ros2_ws/install/cartographer:/home/yahboom/yahboomcar_ws/install/ydlidar_ros2_driver:/home/yahboom/yahboomcar_ws/install/slam_gmapping:/home/yahboom/yahboomcar_ws/install/rf2o_laser_odometry:/home/yahboom/yahboomcar_ws/install/openslam_gmapping:/home/yahboom/5550_ros2_ws/install/drone_description:/opt/ros/humble')]), 'shell': False}
[33.013796] (cartographer_ros_msgs) StdoutLine: {'line': b'-- Install configuration: ""\n'}
[33.016779] (cartographer_ros_msgs) StdoutLine: {'line': b'-- Execute custom install script\n'}
[33.020738] (cartographer_ros_msgs) StdoutLine: {'line': b'-- Symlinking: /home/yahboom/5550_ros2_ws/install/cartographer_ros_msgs/share/ament_index/resource_index/rosidl_interfaces/cartographer_ros_msgs\n'}
[33.036150] (cartographer_ros_msgs) StdoutLine: {'line': b'-- Symlinking: /home/yahboom/5550_ros2_ws/install/cartographer_ros_msgs/include/cartographer_ros_msgs/cartographer_ros_msgs/msg/bagfile_progress.h\n'}
[33.051018] (cartographer_ros_msgs) StdoutLine: {'line': b'-- Symlinking: /home/yahboom/5550_ros2_ws/install/cartographer_ros_msgs/include/cartographer_ros_msgs/cartographer_ros_msgs/msg/detail/bagfile_progress__functions.h\n'}
[33.066984] (cartographer_ros_msgs) StdoutLine: {'line': b'-- Symlinking: /home/yahboom/5550_ros2_ws/install/cartographer_ros_msgs/include/cartographer_ros_msgs/cartographer_ros_msgs/msg/detail/bagfile_progress__struct.h\n'}
[33.081525] (cartographer_ros_msgs) StdoutLine: {'line': b'-- Symlinking: /home/yahboom/5550_ros2_ws/install/cartographer_ros_msgs/include/cartographer_ros_msgs/cartographer_ros_msgs/msg/detail/bagfile_progress__type_support.h\n'}
[33.092125] (-) TimerEvent: {}
[33.098170] (cartographer_ros_msgs) StdoutLine: {'line': b'-- Symlinking: /home/yahboom/5550_ros2_ws/install/cartographer_ros_msgs/include/cartographer_ros_msgs/cartographer_ros_msgs/msg/detail/histogram_bucket__functions.h\n'}
[33.119129] (cartographer_ros_msgs) StdoutLine: {'line': b'-- Symlinking: /home/yahboom/5550_ros2_ws/install/cartographer_ros_msgs/include/cartographer_ros_msgs/cartographer_ros_msgs/msg/detail/histogram_bucket__struct.h\n'}
[33.131727] (cartographer_ros_msgs) StdoutLine: {'line': b'-- Symlinking: /home/yahboom/5550_ros2_ws/install/cartographer_ros_msgs/include/cartographer_ros_msgs/cartographer_ros_msgs/msg/detail/histogram_bucket__type_support.h\n'}
[33.151782] (cartographer_ros_msgs) StdoutLine: {'line': b'-- Symlinking: /home/yahboom/5550_ros2_ws/install/cartographer_ros_msgs/include/cartographer_ros_msgs/cartographer_ros_msgs/msg/detail/landmark_entry__functions.h\n'}
[33.166094] (cartographer_ros_msgs) StdoutLine: {'line': b'-- Symlinking: /home/yahboom/5550_ros2_ws/install/cartographer_ros_msgs/include/cartographer_ros_msgs/cartographer_ros_msgs/msg/detail/landmark_entry__struct.h\n'}
[33.182831] (cartographer_ros_msgs) StdoutLine: {'line': b'-- Symlinking: /home/yahboom/5550_ros2_ws/install/cartographer_ros_msgs/include/cartographer_ros_msgs/cartographer_ros_msgs/msg/detail/landmark_entry__type_support.h\n'}
[33.192220] (-) TimerEvent: {}
[33.199180] (cartographer_ros_msgs) StdoutLine: {'line': b'-- Symlinking: /home/yahboom/5550_ros2_ws/install/cartographer_ros_msgs/include/cartographer_ros_msgs/cartographer_ros_msgs/msg/detail/landmark_list__functions.h\n'}
[33.215773] (cartographer_ros_msgs) StdoutLine: {'line': b'-- Symlinking: /home/yahboom/5550_ros2_ws/install/cartographer_ros_msgs/include/cartographer_ros_msgs/cartographer_ros_msgs/msg/detail/landmark_list__struct.h\n'}
[33.229336] (cartographer_ros_msgs) StdoutLine: {'line': b'-- Symlinking: /home/yahboom/5550_ros2_ws/install/cartographer_ros_msgs/include/cartographer_ros_msgs/cartographer_ros_msgs/msg/detail/landmark_list__type_support.h\n'}
[33.246531] (cartographer_ros_msgs) StdoutLine: {'line': b'-- Symlinking: /home/yahboom/5550_ros2_ws/install/cartographer_ros_msgs/include/cartographer_ros_msgs/cartographer_ros_msgs/msg/detail/metric__functions.h\n'}
[33.264174] (cartographer_ros_msgs) StdoutLine: {'line': b'-- Symlinking: /home/yahboom/5550_ros2_ws/install/cartographer_ros_msgs/include/cartographer_ros_msgs/cartographer_ros_msgs/msg/detail/metric__struct.h\n'}
[33.280051] (cartographer_ros_msgs) StdoutLine: {'line': b'-- Symlinking: /home/yahboom/5550_ros2_ws/install/cartographer_ros_msgs/include/cartographer_ros_msgs/cartographer_ros_msgs/msg/detail/metric__type_support.h\n'}
[33.293395] (-) TimerEvent: {}
[33.296915] (cartographer_ros_msgs) StdoutLine: {'line': b'-- Symlinking: /home/yahboom/5550_ros2_ws/install/cartographer_ros_msgs/include/cartographer_ros_msgs/cartographer_ros_msgs/msg/detail/metric_family__functions.h\n'}
[33.313821] (cartographer_ros_msgs) StdoutLine: {'line': b'-- Symlinking: /home/yahboom/5550_ros2_ws/install/cartographer_ros_msgs/include/cartographer_ros_msgs/cartographer_ros_msgs/msg/detail/metric_family__struct.h\n'}
[33.332826] (cartographer_ros_msgs) StdoutLine: {'line': b'-- Symlinking: /home/yahboom/5550_ros2_ws/install/cartographer_ros_msgs/include/cartographer_ros_msgs/cartographer_ros_msgs/msg/detail/metric_family__type_support.h\n'}
[33.346599] (cartographer_ros_msgs) StdoutLine: {'line': b'-- Symlinking: /home/yahboom/5550_ros2_ws/install/cartographer_ros_msgs/include/cartographer_ros_msgs/cartographer_ros_msgs/msg/detail/metric_label__functions.h\n'}
[33.363277] (cartographer_ros_msgs) StdoutLine: {'line': b'-- Symlinking: /home/yahboom/5550_ros2_ws/install/cartographer_ros_msgs/include/cartographer_ros_msgs/cartographer_ros_msgs/msg/detail/metric_label__struct.h\n'}
[33.380197] (cartographer_ros_msgs) StdoutLine: {'line': b'-- Symlinking: /home/yahboom/5550_ros2_ws/install/cartographer_ros_msgs/include/cartographer_ros_msgs/cartographer_ros_msgs/msg/detail/metric_label__type_support.h\n'}
[33.393502] (-) TimerEvent: {}
[33.394677] (cartographer_ros_msgs) StdoutLine: {'line': b'-- Symlinking: /home/yahboom/5550_ros2_ws/install/cartographer_ros_msgs/include/cartographer_ros_msgs/cartographer_ros_msgs/msg/detail/status_code__functions.h\n'}
[33.412898] (cartographer_ros_msgs) StdoutLine: {'line': b'-- Symlinking: /home/yahboom/5550_ros2_ws/install/cartographer_ros_msgs/include/cartographer_ros_msgs/cartographer_ros_msgs/msg/detail/status_code__struct.h\n'}
[33.429097] (cartographer_ros_msgs) StdoutLine: {'line': b'-- Symlinking: /home/yahboom/5550_ros2_ws/install/cartographer_ros_msgs/include/cartographer_ros_msgs/cartographer_ros_msgs/msg/detail/status_code__type_support.h\n'}
[33.448772] (cartographer_ros_msgs) StdoutLine: {'line': b'-- Symlinking: /home/yahboom/5550_ros2_ws/install/cartographer_ros_msgs/include/cartographer_ros_msgs/cartographer_ros_msgs/msg/detail/status_response__functions.h\n'}
[33.462214] (cartographer_ros_msgs) StdoutLine: {'line': b'-- Symlinking: /home/yahboom/5550_ros2_ws/install/cartographer_ros_msgs/include/cartographer_ros_msgs/cartographer_ros_msgs/msg/detail/status_response__struct.h\n'}
[33.480170] (cartographer_ros_msgs) StdoutLine: {'line': b'-- Symlinking: /home/yahboom/5550_ros2_ws/install/cartographer_ros_msgs/include/cartographer_ros_msgs/cartographer_ros_msgs/msg/detail/status_response__type_support.h\n'}
[33.493611] (-) TimerEvent: {}
[33.494749] (cartographer_ros_msgs) StdoutLine: {'line': b'-- Symlinking: /home/yahboom/5550_ros2_ws/install/cartographer_ros_msgs/include/cartographer_ros_msgs/cartographer_ros_msgs/msg/detail/submap_entry__functions.h\n'}
[33.511102] (cartographer_ros_msgs) StdoutLine: {'line': b'-- Symlinking: /home/yahboom/5550_ros2_ws/install/cartographer_ros_msgs/include/cartographer_ros_msgs/cartographer_ros_msgs/msg/detail/submap_entry__struct.h\n'}
[33.528844] (cartographer_ros_msgs) StdoutLine: {'line': b'-- Symlinking: /home/yahboom/5550_ros2_ws/install/cartographer_ros_msgs/include/cartographer_ros_msgs/cartographer_ros_msgs/msg/detail/submap_entry__type_support.h\n'}
[33.544283] (cartographer_ros_msgs) StdoutLine: {'line': b'-- Symlinking: /home/yahboom/5550_ros2_ws/install/cartographer_ros_msgs/include/cartographer_ros_msgs/cartographer_ros_msgs/msg/detail/submap_list__functions.h\n'}
[33.562774] (cartographer_ros_msgs) StdoutLine: {'line': b'-- Symlinking: /home/yahboom/5550_ros2_ws/install/cartographer_ros_msgs/include/cartographer_ros_msgs/cartographer_ros_msgs/msg/detail/submap_list__struct.h\n'}
[33.572975] (cartographer_ros_msgs) StdoutLine: {'line': b'-- Symlinking: /home/yahboom/5550_ros2_ws/install/cartographer_ros_msgs/include/cartographer_ros_msgs/cartographer_ros_msgs/msg/detail/submap_list__type_support.h\n'}
[33.580738] (cartographer_ros_msgs) StdoutLine: {'line': b'-- Symlinking: /home/yahboom/5550_ros2_ws/install/cartographer_ros_msgs/include/cartographer_ros_msgs/cartographer_ros_msgs/msg/detail/submap_texture__functions.h\n'}
[33.589768] (cartographer_ros_msgs) StdoutLine: {'line': b'-- Symlinking: /home/yahboom/5550_ros2_ws/install/cartographer_ros_msgs/include/cartographer_ros_msgs/cartographer_ros_msgs/msg/detail/submap_texture__struct.h\n'}
[33.593690] (-) TimerEvent: {}
[33.595836] (cartographer_ros_msgs) StdoutLine: {'line': b'-- Symlinking: /home/yahboom/5550_ros2_ws/install/cartographer_ros_msgs/include/cartographer_ros_msgs/cartographer_ros_msgs/msg/detail/submap_texture__type_support.h\n'}
[33.603659] (cartographer_ros_msgs) StdoutLine: {'line': b'-- Symlinking: /home/yahboom/5550_ros2_ws/install/cartographer_ros_msgs/include/cartographer_ros_msgs/cartographer_ros_msgs/msg/detail/trajectory_states__functions.h\n'}
[33.611020] (cartographer_ros_msgs) StdoutLine: {'line': b'-- Symlinking: /home/yahboom/5550_ros2_ws/install/cartographer_ros_msgs/include/cartographer_ros_msgs/cartographer_ros_msgs/msg/detail/trajectory_states__struct.h\n'}
[33.618621] (cartographer_ros_msgs) StdoutLine: {'line': b'-- Symlinking: /home/yahboom/5550_ros2_ws/install/cartographer_ros_msgs/include/cartographer_ros_msgs/cartographer_ros_msgs/msg/detail/trajectory_states__type_support.h\n'}
[33.626842] (cartographer_ros_msgs) StdoutLine: {'line': b'-- Symlinking: /home/yahboom/5550_ros2_ws/install/cartographer_ros_msgs/include/cartographer_ros_msgs/cartographer_ros_msgs/msg/histogram_bucket.h\n'}
[33.635780] (cartographer_ros_msgs) StdoutLine: {'line': b'-- Symlinking: /home/yahboom/5550_ros2_ws/install/cartographer_ros_msgs/include/cartographer_ros_msgs/cartographer_ros_msgs/msg/landmark_entry.h\n'}
[33.642425] (cartographer_ros_msgs) StdoutLine: {'line': b'-- Symlinking: /home/yahboom/5550_ros2_ws/install/cartographer_ros_msgs/include/cartographer_ros_msgs/cartographer_ros_msgs/msg/landmark_list.h\n'}
[33.650170] (cartographer_ros_msgs) StdoutLine: {'line': b'-- Symlinking: /home/yahboom/5550_ros2_ws/install/cartographer_ros_msgs/include/cartographer_ros_msgs/cartographer_ros_msgs/msg/metric.h\n'}
[33.657922] (cartographer_ros_msgs) StdoutLine: {'line': b'-- Symlinking: /home/yahboom/5550_ros2_ws/install/cartographer_ros_msgs/include/cartographer_ros_msgs/cartographer_ros_msgs/msg/metric_family.h\n'}
[33.665815] (cartographer_ros_msgs) StdoutLine: {'line': b'-- Symlinking: /home/yahboom/5550_ros2_ws/install/cartographer_ros_msgs/include/cartographer_ros_msgs/cartographer_ros_msgs/msg/metric_label.h\n'}
[33.675764] (cartographer_ros_msgs) StdoutLine: {'line': b'-- Symlinking: /home/yahboom/5550_ros2_ws/install/cartographer_ros_msgs/include/cartographer_ros_msgs/cartographer_ros_msgs/msg/rosidl_generator_c__visibility_control.h\n'}
[33.681171] (cartographer_ros_msgs) StdoutLine: {'line': b'-- Symlinking: /home/yahboom/5550_ros2_ws/install/cartographer_ros_msgs/include/cartographer_ros_msgs/cartographer_ros_msgs/msg/status_code.h\n'}
[33.689591] (cartographer_ros_msgs) StdoutLine: {'line': b'-- Symlinking: /home/yahboom/5550_ros2_ws/install/cartographer_ros_msgs/include/cartographer_ros_msgs/cartographer_ros_msgs/msg/status_response.h\n'}
[33.693749] (-) TimerEvent: {}
[33.704194] (cartographer_ros_msgs) StdoutLine: {'line': b'-- Symlinking: /home/yahboom/5550_ros2_ws/install/cartographer_ros_msgs/include/cartographer_ros_msgs/cartographer_ros_msgs/msg/submap_entry.h\n'}
[33.721606] (cartographer_ros_msgs) StdoutLine: {'line': b'-- Symlinking: /home/yahboom/5550_ros2_ws/install/cartographer_ros_msgs/include/cartographer_ros_msgs/cartographer_ros_msgs/msg/submap_list.h\n'}
[33.738460] (cartographer_ros_msgs) StdoutLine: {'line': b'-- Symlinking: /home/yahboom/5550_ros2_ws/install/cartographer_ros_msgs/include/cartographer_ros_msgs/cartographer_ros_msgs/msg/submap_texture.h\n'}
[33.755130] (cartographer_ros_msgs) StdoutLine: {'line': b'-- Symlinking: /home/yahboom/5550_ros2_ws/install/cartographer_ros_msgs/include/cartographer_ros_msgs/cartographer_ros_msgs/msg/trajectory_states.h\n'}
[33.770530] (cartographer_ros_msgs) StdoutLine: {'line': b'-- Symlinking: /home/yahboom/5550_ros2_ws/install/cartographer_ros_msgs/include/cartographer_ros_msgs/cartographer_ros_msgs/srv/detail/finish_trajectory__functions.h\n'}
[33.786668] (cartographer_ros_msgs) StdoutLine: {'line': b'-- Symlinking: /home/yahboom/5550_ros2_ws/install/cartographer_ros_msgs/include/cartographer_ros_msgs/cartographer_ros_msgs/srv/detail/finish_trajectory__struct.h\n'}
[33.793860] (-) TimerEvent: {}
[33.802206] (cartographer_ros_msgs) StdoutLine: {'line': b'-- Symlinking: /home/yahboom/5550_ros2_ws/install/cartographer_ros_msgs/include/cartographer_ros_msgs/cartographer_ros_msgs/srv/detail/finish_trajectory__type_support.h\n'}
[33.819199] (cartographer_ros_msgs) StdoutLine: {'line': b'-- Symlinking: /home/yahboom/5550_ros2_ws/install/cartographer_ros_msgs/include/cartographer_ros_msgs/cartographer_ros_msgs/srv/detail/get_trajectory_states__functions.h\n'}
[33.836182] (cartographer_ros_msgs) StdoutLine: {'line': b'-- Symlinking: /home/yahboom/5550_ros2_ws/install/cartographer_ros_msgs/include/cartographer_ros_msgs/cartographer_ros_msgs/srv/detail/get_trajectory_states__struct.h\n'}
[33.853248] (cartographer_ros_msgs) StdoutLine: {'line': b'-- Symlinking: /home/yahboom/5550_ros2_ws/install/cartographer_ros_msgs/include/cartographer_ros_msgs/cartographer_ros_msgs/srv/detail/get_trajectory_states__type_support.h\n'}
[33.872287] (cartographer_ros_msgs) StdoutLine: {'line': b'-- Symlinking: /home/yahboom/5550_ros2_ws/install/cartographer_ros_msgs/include/cartographer_ros_msgs/cartographer_ros_msgs/srv/detail/read_metrics__functions.h\n'}
[33.888772] (cartographer_ros_msgs) StdoutLine: {'line': b'-- Symlinking: /home/yahboom/5550_ros2_ws/install/cartographer_ros_msgs/include/cartographer_ros_msgs/cartographer_ros_msgs/srv/detail/read_metrics__struct.h\n'}
[33.893941] (-) TimerEvent: {}
[33.905996] (cartographer_ros_msgs) StdoutLine: {'line': b'-- Symlinking: /home/yahboom/5550_ros2_ws/install/cartographer_ros_msgs/include/cartographer_ros_msgs/cartographer_ros_msgs/srv/detail/read_metrics__type_support.h\n'}
[33.922753] (cartographer_ros_msgs) StdoutLine: {'line': b'-- Symlinking: /home/yahboom/5550_ros2_ws/install/cartographer_ros_msgs/include/cartographer_ros_msgs/cartographer_ros_msgs/srv/detail/start_trajectory__functions.h\n'}
[33.936817] (cartographer_ros_msgs) StdoutLine: {'line': b'-- Symlinking: /home/yahboom/5550_ros2_ws/install/cartographer_ros_msgs/include/cartographer_ros_msgs/cartographer_ros_msgs/srv/detail/start_trajectory__struct.h\n'}
[33.941570] (cartographer_ros_msgs) StdoutLine: {'line': b'-- Symlinking: /home/yahboom/5550_ros2_ws/install/cartographer_ros_msgs/include/cartographer_ros_msgs/cartographer_ros_msgs/srv/detail/start_trajectory__type_support.h\n'}
[33.949426] (cartographer_ros_msgs) StdoutLine: {'line': b'-- Symlinking: /home/yahboom/5550_ros2_ws/install/cartographer_ros_msgs/include/cartographer_ros_msgs/cartographer_ros_msgs/srv/detail/submap_query__functions.h\n'}
[33.957218] (cartographer_ros_msgs) StdoutLine: {'line': b'-- Symlinking: /home/yahboom/5550_ros2_ws/install/cartographer_ros_msgs/include/cartographer_ros_msgs/cartographer_ros_msgs/srv/detail/submap_query__struct.h\n'}
[33.973820] (cartographer_ros_msgs) StdoutLine: {'line': b'-- Symlinking: /home/yahboom/5550_ros2_ws/install/cartographer_ros_msgs/include/cartographer_ros_msgs/cartographer_ros_msgs/srv/detail/submap_query__type_support.h\n'}
[33.989143] (cartographer_ros_msgs) StdoutLine: {'line': b'-- Symlinking: /home/yahboom/5550_ros2_ws/install/cartographer_ros_msgs/include/cartographer_ros_msgs/cartographer_ros_msgs/srv/detail/trajectory_query__functions.h\n'}
[33.996749] (-) TimerEvent: {}
[34.005106] (cartographer_ros_msgs) StdoutLine: {'line': b'-- Symlinking: /home/yahboom/5550_ros2_ws/install/cartographer_ros_msgs/include/cartographer_ros_msgs/cartographer_ros_msgs/srv/detail/trajectory_query__struct.h\n'}
[34.019014] (cartographer_ros_msgs) StdoutLine: {'line': b'-- Symlinking: /home/yahboom/5550_ros2_ws/install/cartographer_ros_msgs/include/cartographer_ros_msgs/cartographer_ros_msgs/srv/detail/trajectory_query__type_support.h\n'}
[34.037543] (cartographer_ros_msgs) StdoutLine: {'line': b'-- Symlinking: /home/yahboom/5550_ros2_ws/install/cartographer_ros_msgs/include/cartographer_ros_msgs/cartographer_ros_msgs/srv/detail/write_state__functions.h\n'}
[34.048805] (cartographer_ros_msgs) StdoutLine: {'line': b'-- Symlinking: /home/yahboom/5550_ros2_ws/install/cartographer_ros_msgs/include/cartographer_ros_msgs/cartographer_ros_msgs/srv/detail/write_state__struct.h\n'}
[34.062480] (cartographer) StdoutLine: {'line': b'[ 20%] \x1b[32mBuilding CXX object CMakeFiles/cartographer.dir/cartographer/io/points_batch.cc.o\x1b[0m\n'}
[34.062721] (cartographer_ros_msgs) StdoutLine: {'line': b'-- Symlinking: /home/yahboom/5550_ros2_ws/install/cartographer_ros_msgs/include/cartographer_ros_msgs/cartographer_ros_msgs/srv/detail/write_state__type_support.h\n'}
[34.073280] (cartographer_ros_msgs) StdoutLine: {'line': b'-- Symlinking: /home/yahboom/5550_ros2_ws/install/cartographer_ros_msgs/include/cartographer_ros_msgs/cartographer_ros_msgs/srv/finish_trajectory.h\n'}
[34.080996] (cartographer_ros_msgs) StdoutLine: {'line': b'-- Symlinking: /home/yahboom/5550_ros2_ws/install/cartographer_ros_msgs/include/cartographer_ros_msgs/cartographer_ros_msgs/srv/get_trajectory_states.h\n'}
[34.088641] (cartographer_ros_msgs) StdoutLine: {'line': b'-- Symlinking: /home/yahboom/5550_ros2_ws/install/cartographer_ros_msgs/include/cartographer_ros_msgs/cartographer_ros_msgs/srv/read_metrics.h\n'}
[34.096267] (cartographer_ros_msgs) StdoutLine: {'line': b'-- Symlinking: /home/yahboom/5550_ros2_ws/install/cartographer_ros_msgs/include/cartographer_ros_msgs/cartographer_ros_msgs/srv/start_trajectory.h\n'}
[34.096835] (-) TimerEvent: {}
[34.103806] (cartographer_ros_msgs) StdoutLine: {'line': b'-- Symlinking: /home/yahboom/5550_ros2_ws/install/cartographer_ros_msgs/include/cartographer_ros_msgs/cartographer_ros_msgs/srv/submap_query.h\n'}
[34.111140] (cartographer_ros_msgs) StdoutLine: {'line': b'-- Symlinking: /home/yahboom/5550_ros2_ws/install/cartographer_ros_msgs/include/cartographer_ros_msgs/cartographer_ros_msgs/srv/trajectory_query.h\n'}
[34.118964] (cartographer_ros_msgs) StdoutLine: {'line': b'-- Symlinking: /home/yahboom/5550_ros2_ws/install/cartographer_ros_msgs/include/cartographer_ros_msgs/cartographer_ros_msgs/srv/write_state.h\n'}
[34.128756] (cartographer_ros_msgs) StdoutLine: {'line': b'-- Symlinking: /home/yahboom/5550_ros2_ws/install/cartographer_ros_msgs/share/cartographer_ros_msgs/environment/library_path.sh\n'}
[34.136289] (cartographer_ros_msgs) StdoutLine: {'line': b'-- Symlinking: /home/yahboom/5550_ros2_ws/install/cartographer_ros_msgs/share/cartographer_ros_msgs/environment/library_path.dsv\n'}
[34.145042] (cartographer_ros_msgs) StdoutLine: {'line': b'-- Symlinking: /home/yahboom/5550_ros2_ws/install/cartographer_ros_msgs/include/cartographer_ros_msgs/cartographer_ros_msgs/msg/detail/bagfile_progress__rosidl_typesupport_fastrtps_c.h\n'}
[34.152685] (cartographer_ros_msgs) StdoutLine: {'line': b'-- Symlinking: /home/yahboom/5550_ros2_ws/install/cartographer_ros_msgs/include/cartographer_ros_msgs/cartographer_ros_msgs/msg/detail/histogram_bucket__rosidl_typesupport_fastrtps_c.h\n'}
[34.160468] (cartographer_ros_msgs) StdoutLine: {'line': b'-- Symlinking: /home/yahboom/5550_ros2_ws/install/cartographer_ros_msgs/include/cartographer_ros_msgs/cartographer_ros_msgs/msg/detail/landmark_entry__rosidl_typesupport_fastrtps_c.h\n'}
[34.170751] (cartographer_ros_msgs) StdoutLine: {'line': b'-- Symlinking: /home/yahboom/5550_ros2_ws/install/cartographer_ros_msgs/include/cartographer_ros_msgs/cartographer_ros_msgs/msg/detail/landmark_list__rosidl_typesupport_fastrtps_c.h\n'}
[34.175664] (cartographer_ros_msgs) StdoutLine: {'line': b'-- Symlinking: /home/yahboom/5550_ros2_ws/install/cartographer_ros_msgs/include/cartographer_ros_msgs/cartographer_ros_msgs/msg/detail/metric__rosidl_typesupport_fastrtps_c.h\n'}
[34.182925] (cartographer_ros_msgs) StdoutLine: {'line': b'-- Symlinking: /home/yahboom/5550_ros2_ws/install/cartographer_ros_msgs/include/cartographer_ros_msgs/cartographer_ros_msgs/msg/detail/metric_family__rosidl_typesupport_fastrtps_c.h\n'}
[34.190445] (cartographer_ros_msgs) StdoutLine: {'line': b'-- Symlinking: /home/yahboom/5550_ros2_ws/install/cartographer_ros_msgs/include/cartographer_ros_msgs/cartographer_ros_msgs/msg/detail/metric_label__rosidl_typesupport_fastrtps_c.h\n'}
[34.196928] (-) TimerEvent: {}
[34.198224] (cartographer_ros_msgs) StdoutLine: {'line': b'-- Symlinking: /home/yahboom/5550_ros2_ws/install/cartographer_ros_msgs/include/cartographer_ros_msgs/cartographer_ros_msgs/msg/detail/status_code__rosidl_typesupport_fastrtps_c.h\n'}
[34.206358] (cartographer_ros_msgs) StdoutLine: {'line': b'-- Symlinking: /home/yahboom/5550_ros2_ws/install/cartographer_ros_msgs/include/cartographer_ros_msgs/cartographer_ros_msgs/msg/detail/status_response__rosidl_typesupport_fastrtps_c.h\n'}
[34.214413] (cartographer_ros_msgs) StdoutLine: {'line': b'-- Symlinking: /home/yahboom/5550_ros2_ws/install/cartographer_ros_msgs/include/cartographer_ros_msgs/cartographer_ros_msgs/msg/detail/submap_entry__rosidl_typesupport_fastrtps_c.h\n'}
[34.222062] (cartographer_ros_msgs) StdoutLine: {'line': b'-- Symlinking: /home/yahboom/5550_ros2_ws/install/cartographer_ros_msgs/include/cartographer_ros_msgs/cartographer_ros_msgs/msg/detail/submap_list__rosidl_typesupport_fastrtps_c.h\n'}
[34.230214] (cartographer_ros_msgs) StdoutLine: {'line': b'-- Symlinking: /home/yahboom/5550_ros2_ws/install/cartographer_ros_msgs/include/cartographer_ros_msgs/cartographer_ros_msgs/msg/detail/submap_texture__rosidl_typesupport_fastrtps_c.h\n'}
[34.238934] (cartographer_ros_msgs) StdoutLine: {'line': b'-- Symlinking: /home/yahboom/5550_ros2_ws/install/cartographer_ros_msgs/include/cartographer_ros_msgs/cartographer_ros_msgs/msg/detail/trajectory_states__rosidl_typesupport_fastrtps_c.h\n'}
[34.247378] (cartographer_ros_msgs) StdoutLine: {'line': b'-- Symlinking: /home/yahboom/5550_ros2_ws/install/cartographer_ros_msgs/include/cartographer_ros_msgs/cartographer_ros_msgs/msg/rosidl_typesupport_fastrtps_c__visibility_control.h\n'}
[34.255282] (cartographer_ros_msgs) StdoutLine: {'line': b'-- Symlinking: /home/yahboom/5550_ros2_ws/install/cartographer_ros_msgs/include/cartographer_ros_msgs/cartographer_ros_msgs/srv/detail/finish_trajectory__rosidl_typesupport_fastrtps_c.h\n'}
[34.264750] (cartographer_ros_msgs) StdoutLine: {'line': b'-- Symlinking: /home/yahboom/5550_ros2_ws/install/cartographer_ros_msgs/include/cartographer_ros_msgs/cartographer_ros_msgs/srv/detail/get_trajectory_states__rosidl_typesupport_fastrtps_c.h\n'}
[34.270815] (cartographer_ros_msgs) StdoutLine: {'line': b'-- Symlinking: /home/yahboom/5550_ros2_ws/install/cartographer_ros_msgs/include/cartographer_ros_msgs/cartographer_ros_msgs/srv/detail/read_metrics__rosidl_typesupport_fastrtps_c.h\n'}
[34.278485] (cartographer_ros_msgs) StdoutLine: {'line': b'-- Symlinking: /home/yahboom/5550_ros2_ws/install/cartographer_ros_msgs/include/cartographer_ros_msgs/cartographer_ros_msgs/srv/detail/start_trajectory__rosidl_typesupport_fastrtps_c.h\n'}
[34.286480] (cartographer_ros_msgs) StdoutLine: {'line': b'-- Symlinking: /home/yahboom/5550_ros2_ws/install/cartographer_ros_msgs/include/cartographer_ros_msgs/cartographer_ros_msgs/srv/detail/submap_query__rosidl_typesupport_fastrtps_c.h\n'}
[34.294684] (cartographer_ros_msgs) StdoutLine: {'line': b'-- Symlinking: /home/yahboom/5550_ros2_ws/install/cartographer_ros_msgs/include/cartographer_ros_msgs/cartographer_ros_msgs/srv/detail/trajectory_query__rosidl_typesupport_fastrtps_c.h\n'}
[34.297007] (-) TimerEvent: {}
[34.305741] (cartographer_ros_msgs) StdoutLine: {'line': b'-- Symlinking: /home/yahboom/5550_ros2_ws/install/cartographer_ros_msgs/include/cartographer_ros_msgs/cartographer_ros_msgs/srv/detail/write_state__rosidl_typesupport_fastrtps_c.h\n'}
[34.311185] (cartographer_ros_msgs) StdoutLine: {'line': b'-- Symlinking: /home/yahboom/5550_ros2_ws/install/cartographer_ros_msgs/include/cartographer_ros_msgs/cartographer_ros_msgs/msg/detail/bagfile_progress__rosidl_typesupport_introspection_c.h\n'}
[34.319157] (cartographer_ros_msgs) StdoutLine: {'line': b'-- Symlinking: /home/yahboom/5550_ros2_ws/install/cartographer_ros_msgs/include/cartographer_ros_msgs/cartographer_ros_msgs/msg/detail/histogram_bucket__rosidl_typesupport_introspection_c.h\n'}
[34.328751] (cartographer_ros_msgs) StdoutLine: {'line': b'-- Symlinking: /home/yahboom/5550_ros2_ws/install/cartographer_ros_msgs/include/cartographer_ros_msgs/cartographer_ros_msgs/msg/detail/landmark_entry__rosidl_typesupport_introspection_c.h\n'}
[34.336308] (cartographer_ros_msgs) StdoutLine: {'line': b'-- Symlinking: /home/yahboom/5550_ros2_ws/install/cartographer_ros_msgs/include/cartographer_ros_msgs/cartographer_ros_msgs/msg/detail/landmark_list__rosidl_typesupport_introspection_c.h\n'}
[34.353450] (cartographer_ros_msgs) StdoutLine: {'line': b'-- Symlinking: /home/yahboom/5550_ros2_ws/install/cartographer_ros_msgs/include/cartographer_ros_msgs/cartographer_ros_msgs/msg/detail/metric__rosidl_typesupport_introspection_c.h\n'}
[34.370369] (cartographer_ros_msgs) StdoutLine: {'line': b'-- Symlinking: /home/yahboom/5550_ros2_ws/install/cartographer_ros_msgs/include/cartographer_ros_msgs/cartographer_ros_msgs/msg/detail/metric_family__rosidl_typesupport_introspection_c.h\n'}
[34.387815] (cartographer_ros_msgs) StdoutLine: {'line': b'-- Symlinking: /home/yahboom/5550_ros2_ws/install/cartographer_ros_msgs/include/cartographer_ros_msgs/cartographer_ros_msgs/msg/detail/metric_label__rosidl_typesupport_introspection_c.h\n'}
[34.397111] (-) TimerEvent: {}
[34.402790] (cartographer_ros_msgs) StdoutLine: {'line': b'-- Symlinking: /home/yahboom/5550_ros2_ws/install/cartographer_ros_msgs/include/cartographer_ros_msgs/cartographer_ros_msgs/msg/detail/status_code__rosidl_typesupport_introspection_c.h\n'}
[34.415634] (cartographer) StdoutLine: {'line': b'[ 20%] \x1b[32mBuilding CXX object CMakeFiles/cartographer.dir/cartographer/io/points_processor_pipeline_builder.cc.o\x1b[0m\n'}
[34.417772] (cartographer_ros_msgs) StdoutLine: {'line': b'-- Symlinking: /home/yahboom/5550_ros2_ws/install/cartographer_ros_msgs/include/cartographer_ros_msgs/cartographer_ros_msgs/msg/detail/status_response__rosidl_typesupport_introspection_c.h\n'}
[34.434427] (cartographer_ros_msgs) StdoutLine: {'line': b'-- Symlinking: /home/yahboom/5550_ros2_ws/install/cartographer_ros_msgs/include/cartographer_ros_msgs/cartographer_ros_msgs/msg/detail/submap_entry__rosidl_typesupport_introspection_c.h\n'}
[34.450091] (cartographer_ros_msgs) StdoutLine: {'line': b'-- Symlinking: /home/yahboom/5550_ros2_ws/install/cartographer_ros_msgs/include/cartographer_ros_msgs/cartographer_ros_msgs/msg/detail/submap_list__rosidl_typesupport_introspection_c.h\n'}
[34.466791] (cartographer_ros_msgs) StdoutLine: {'line': b'-- Symlinking: /home/yahboom/5550_ros2_ws/install/cartographer_ros_msgs/include/cartographer_ros_msgs/cartographer_ros_msgs/msg/detail/submap_texture__rosidl_typesupport_introspection_c.h\n'}
[34.486476] (cartographer_ros_msgs) StdoutLine: {'line': b'-- Symlinking: /home/yahboom/5550_ros2_ws/install/cartographer_ros_msgs/include/cartographer_ros_msgs/cartographer_ros_msgs/msg/detail/trajectory_states__rosidl_typesupport_introspection_c.h\n'}
[34.497199] (-) TimerEvent: {}
[34.502788] (cartographer_ros_msgs) StdoutLine: {'line': b'-- Symlinking: /home/yahboom/5550_ros2_ws/install/cartographer_ros_msgs/include/cartographer_ros_msgs/cartographer_ros_msgs/msg/rosidl_typesupport_introspection_c__visibility_control.h\n'}
[34.519947] (cartographer_ros_msgs) StdoutLine: {'line': b'-- Symlinking: /home/yahboom/5550_ros2_ws/install/cartographer_ros_msgs/include/cartographer_ros_msgs/cartographer_ros_msgs/srv/detail/finish_trajectory__rosidl_typesupport_introspection_c.h\n'}
[34.536410] (cartographer_ros_msgs) StdoutLine: {'line': b'-- Symlinking: /home/yahboom/5550_ros2_ws/install/cartographer_ros_msgs/include/cartographer_ros_msgs/cartographer_ros_msgs/srv/detail/get_trajectory_states__rosidl_typesupport_introspection_c.h\n'}
[34.556835] (cartographer_ros_msgs) StdoutLine: {'line': b'-- Symlinking: /home/yahboom/5550_ros2_ws/install/cartographer_ros_msgs/include/cartographer_ros_msgs/cartographer_ros_msgs/srv/detail/read_metrics__rosidl_typesupport_introspection_c.h\n'}
[34.575312] (cartographer_ros_msgs) StdoutLine: {'line': b'-- Symlinking: /home/yahboom/5550_ros2_ws/install/cartographer_ros_msgs/include/cartographer_ros_msgs/cartographer_ros_msgs/srv/detail/start_trajectory__rosidl_typesupport_introspection_c.h\n'}
[34.594758] (cartographer_ros_msgs) StdoutLine: {'line': b'-- Symlinking: /home/yahboom/5550_ros2_ws/install/cartographer_ros_msgs/include/cartographer_ros_msgs/cartographer_ros_msgs/srv/detail/submap_query__rosidl_typesupport_introspection_c.h\n'}
[34.597286] (-) TimerEvent: {}
[34.608665] (cartographer_ros_msgs) StdoutLine: {'line': b'-- Symlinking: /home/yahboom/5550_ros2_ws/install/cartographer_ros_msgs/include/cartographer_ros_msgs/cartographer_ros_msgs/srv/detail/trajectory_query__rosidl_typesupport_introspection_c.h\n'}
[34.625482] (cartographer_ros_msgs) StdoutLine: {'line': b'-- Symlinking: /home/yahboom/5550_ros2_ws/install/cartographer_ros_msgs/include/cartographer_ros_msgs/cartographer_ros_msgs/srv/detail/write_state__rosidl_typesupport_introspection_c.h\n'}
[34.641819] (cartographer_ros_msgs) StdoutLine: {'line': b'-- Symlinking: /home/yahboom/5550_ros2_ws/install/cartographer_ros_msgs/include/cartographer_ros_msgs/cartographer_ros_msgs/msg/bagfile_progress.hpp\n'}
[34.655498] (cartographer_ros_msgs) StdoutLine: {'line': b'-- Symlinking: /home/yahboom/5550_ros2_ws/install/cartographer_ros_msgs/include/cartographer_ros_msgs/cartographer_ros_msgs/msg/detail/bagfile_progress__builder.hpp\n'}
[34.667811] (cartographer_ros_msgs) StdoutLine: {'line': b'-- Symlinking: /home/yahboom/5550_ros2_ws/install/cartographer_ros_msgs/include/cartographer_ros_msgs/cartographer_ros_msgs/msg/detail/bagfile_progress__struct.hpp\n'}
[34.672014] (cartographer_ros_msgs) StdoutLine: {'line': b'-- Symlinking: /home/yahboom/5550_ros2_ws/install/cartographer_ros_msgs/include/cartographer_ros_msgs/cartographer_ros_msgs/msg/detail/bagfile_progress__traits.hpp\n'}
[34.680247] (cartographer_ros_msgs) StdoutLine: {'line': b'-- Symlinking: /home/yahboom/5550_ros2_ws/install/cartographer_ros_msgs/include/cartographer_ros_msgs/cartographer_ros_msgs/msg/detail/histogram_bucket__builder.hpp\n'}
[34.697112] (cartographer_ros_msgs) StdoutLine: {'line': b'-- Symlinking: /home/yahboom/5550_ros2_ws/install/cartographer_ros_msgs/include/cartographer_ros_msgs/cartographer_ros_msgs/msg/detail/histogram_bucket__struct.hpp\n'}
[34.697389] (-) TimerEvent: {}
[34.711648] (cartographer_ros_msgs) StdoutLine: {'line': b'-- Symlinking: /home/yahboom/5550_ros2_ws/install/cartographer_ros_msgs/include/cartographer_ros_msgs/cartographer_ros_msgs/msg/detail/histogram_bucket__traits.hpp\n'}
[34.727769] (cartographer_ros_msgs) StdoutLine: {'line': b'-- Symlinking: /home/yahboom/5550_ros2_ws/install/cartographer_ros_msgs/include/cartographer_ros_msgs/cartographer_ros_msgs/msg/detail/landmark_entry__builder.hpp\n'}
[34.743773] (cartographer_ros_msgs) StdoutLine: {'line': b'-- Symlinking: /home/yahboom/5550_ros2_ws/install/cartographer_ros_msgs/include/cartographer_ros_msgs/cartographer_ros_msgs/msg/detail/landmark_entry__struct.hpp\n'}
[34.760034] (cartographer_ros_msgs) StdoutLine: {'line': b'-- Symlinking: /home/yahboom/5550_ros2_ws/install/cartographer_ros_msgs/include/cartographer_ros_msgs/cartographer_ros_msgs/msg/detail/landmark_entry__traits.hpp\n'}
[34.780131] (cartographer_ros_msgs) StdoutLine: {'line': b'-- Symlinking: /home/yahboom/5550_ros2_ws/install/cartographer_ros_msgs/include/cartographer_ros_msgs/cartographer_ros_msgs/msg/detail/landmark_list__builder.hpp\n'}
[34.797021] (cartographer_ros_msgs) StdoutLine: {'line': b'-- Symlinking: /home/yahboom/5550_ros2_ws/install/cartographer_ros_msgs/include/cartographer_ros_msgs/cartographer_ros_msgs/msg/detail/landmark_list__struct.hpp\n'}
[34.797462] (-) TimerEvent: {}
[34.812501] (cartographer_ros_msgs) StdoutLine: {'line': b'-- Symlinking: /home/yahboom/5550_ros2_ws/install/cartographer_ros_msgs/include/cartographer_ros_msgs/cartographer_ros_msgs/msg/detail/landmark_list__traits.hpp\n'}
[34.822740] (cartographer_ros_msgs) StdoutLine: {'line': b'-- Symlinking: /home/yahboom/5550_ros2_ws/install/cartographer_ros_msgs/include/cartographer_ros_msgs/cartographer_ros_msgs/msg/detail/metric__builder.hpp\n'}
[34.829226] (cartographer_ros_msgs) StdoutLine: {'line': b'-- Symlinking: /home/yahboom/5550_ros2_ws/install/cartographer_ros_msgs/include/cartographer_ros_msgs/cartographer_ros_msgs/msg/detail/metric__struct.hpp\n'}
[34.837472] (cartographer_ros_msgs) StdoutLine: {'line': b'-- Symlinking: /home/yahboom/5550_ros2_ws/install/cartographer_ros_msgs/include/cartographer_ros_msgs/cartographer_ros_msgs/msg/detail/metric__traits.hpp\n'}
[34.845246] (cartographer_ros_msgs) StdoutLine: {'line': b'-- Symlinking: /home/yahboom/5550_ros2_ws/install/cartographer_ros_msgs/include/cartographer_ros_msgs/cartographer_ros_msgs/msg/detail/metric_family__builder.hpp\n'}
[34.852932] (cartographer_ros_msgs) StdoutLine: {'line': b'-- Symlinking: /home/yahboom/5550_ros2_ws/install/cartographer_ros_msgs/include/cartographer_ros_msgs/cartographer_ros_msgs/msg/detail/metric_family__struct.hpp\n'}
[34.860767] (cartographer_ros_msgs) StdoutLine: {'line': b'-- Symlinking: /home/yahboom/5550_ros2_ws/install/cartographer_ros_msgs/include/cartographer_ros_msgs/cartographer_ros_msgs/msg/detail/metric_family__traits.hpp\n'}
[34.868478] (cartographer_ros_msgs) StdoutLine: {'line': b'-- Symlinking: /home/yahboom/5550_ros2_ws/install/cartographer_ros_msgs/include/cartographer_ros_msgs/cartographer_ros_msgs/msg/detail/metric_label__builder.hpp\n'}
[34.876655] (cartographer_ros_msgs) StdoutLine: {'line': b'-- Symlinking: /home/yahboom/5550_ros2_ws/install/cartographer_ros_msgs/include/cartographer_ros_msgs/cartographer_ros_msgs/msg/detail/metric_label__struct.hpp\n'}
[34.885020] (cartographer_ros_msgs) StdoutLine: {'line': b'-- Symlinking: /home/yahboom/5550_ros2_ws/install/cartographer_ros_msgs/include/cartographer_ros_msgs/cartographer_ros_msgs/msg/detail/metric_label__traits.hpp\n'}
[34.894008] (cartographer_ros_msgs) StdoutLine: {'line': b'-- Symlinking: /home/yahboom/5550_ros2_ws/install/cartographer_ros_msgs/include/cartographer_ros_msgs/cartographer_ros_msgs/msg/detail/status_code__builder.hpp\n'}
[34.897553] (-) TimerEvent: {}
[34.902000] (cartographer_ros_msgs) StdoutLine: {'line': b'-- Symlinking: /home/yahboom/5550_ros2_ws/install/cartographer_ros_msgs/include/cartographer_ros_msgs/cartographer_ros_msgs/msg/detail/status_code__struct.hpp\n'}
[34.910077] (cartographer_ros_msgs) StdoutLine: {'line': b'-- Symlinking: /home/yahboom/5550_ros2_ws/install/cartographer_ros_msgs/include/cartographer_ros_msgs/cartographer_ros_msgs/msg/detail/status_code__traits.hpp\n'}
[34.918605] (cartographer_ros_msgs) StdoutLine: {'line': b'-- Symlinking: /home/yahboom/5550_ros2_ws/install/cartographer_ros_msgs/include/cartographer_ros_msgs/cartographer_ros_msgs/msg/detail/status_response__builder.hpp\n'}
[34.928225] (cartographer_ros_msgs) StdoutLine: {'line': b'-- Symlinking: /home/yahboom/5550_ros2_ws/install/cartographer_ros_msgs/include/cartographer_ros_msgs/cartographer_ros_msgs/msg/detail/status_response__struct.hpp\n'}
[34.937321] (cartographer_ros_msgs) StdoutLine: {'line': b'-- Symlinking: /home/yahboom/5550_ros2_ws/install/cartographer_ros_msgs/include/cartographer_ros_msgs/cartographer_ros_msgs/msg/detail/status_response__traits.hpp\n'}
[34.945795] (cartographer_ros_msgs) StdoutLine: {'line': b'-- Symlinking: /home/yahboom/5550_ros2_ws/install/cartographer_ros_msgs/include/cartographer_ros_msgs/cartographer_ros_msgs/msg/detail/submap_entry__builder.hpp\n'}
[34.954449] (cartographer_ros_msgs) StdoutLine: {'line': b'-- Symlinking: /home/yahboom/5550_ros2_ws/install/cartographer_ros_msgs/include/cartographer_ros_msgs/cartographer_ros_msgs/msg/detail/submap_entry__struct.hpp\n'}
[34.962728] (cartographer_ros_msgs) StdoutLine: {'line': b'-- Symlinking: /home/yahboom/5550_ros2_ws/install/cartographer_ros_msgs/include/cartographer_ros_msgs/cartographer_ros_msgs/msg/detail/submap_entry__traits.hpp\n'}
[34.971754] (cartographer_ros_msgs) StdoutLine: {'line': b'-- Symlinking: /home/yahboom/5550_ros2_ws/install/cartographer_ros_msgs/include/cartographer_ros_msgs/cartographer_ros_msgs/msg/detail/submap_list__builder.hpp\n'}
[34.978496] (cartographer_ros_msgs) StdoutLine: {'line': b'-- Symlinking: /home/yahboom/5550_ros2_ws/install/cartographer_ros_msgs/include/cartographer_ros_msgs/cartographer_ros_msgs/msg/detail/submap_list__struct.hpp\n'}
[34.986502] (cartographer_ros_msgs) StdoutLine: {'line': b'-- Symlinking: /home/yahboom/5550_ros2_ws/install/cartographer_ros_msgs/include/cartographer_ros_msgs/cartographer_ros_msgs/msg/detail/submap_list__traits.hpp\n'}
[34.993989] (cartographer_ros_msgs) StdoutLine: {'line': b'-- Symlinking: /home/yahboom/5550_ros2_ws/install/cartographer_ros_msgs/include/cartographer_ros_msgs/cartographer_ros_msgs/msg/detail/submap_texture__builder.hpp\n'}
[34.997752] (-) TimerEvent: {}
[35.002298] (cartographer_ros_msgs) StdoutLine: {'line': b'-- Symlinking: /home/yahboom/5550_ros2_ws/install/cartographer_ros_msgs/include/cartographer_ros_msgs/cartographer_ros_msgs/msg/detail/submap_texture__struct.hpp\n'}
[35.009772] (cartographer_ros_msgs) StdoutLine: {'line': b'-- Symlinking: /home/yahboom/5550_ros2_ws/install/cartographer_ros_msgs/include/cartographer_ros_msgs/cartographer_ros_msgs/msg/detail/submap_texture__traits.hpp\n'}
[35.017354] (cartographer_ros_msgs) StdoutLine: {'line': b'-- Symlinking: /home/yahboom/5550_ros2_ws/install/cartographer_ros_msgs/include/cartographer_ros_msgs/cartographer_ros_msgs/msg/detail/trajectory_states__builder.hpp\n'}
[35.025111] (cartographer_ros_msgs) StdoutLine: {'line': b'-- Symlinking: /home/yahboom/5550_ros2_ws/install/cartographer_ros_msgs/include/cartographer_ros_msgs/cartographer_ros_msgs/msg/detail/trajectory_states__struct.hpp\n'}
[35.033173] (cartographer_ros_msgs) StdoutLine: {'line': b'-- Symlinking: /home/yahboom/5550_ros2_ws/install/cartographer_ros_msgs/include/cartographer_ros_msgs/cartographer_ros_msgs/msg/detail/trajectory_states__traits.hpp\n'}
[35.049620] (cartographer_ros_msgs) StdoutLine: {'line': b'-- Symlinking: /home/yahboom/5550_ros2_ws/install/cartographer_ros_msgs/include/cartographer_ros_msgs/cartographer_ros_msgs/msg/histogram_bucket.hpp\n'}
[35.065475] (cartographer_ros_msgs) StdoutLine: {'line': b'-- Symlinking: /home/yahboom/5550_ros2_ws/install/cartographer_ros_msgs/include/cartographer_ros_msgs/cartographer_ros_msgs/msg/landmark_entry.hpp\n'}
[35.082883] (cartographer_ros_msgs) StdoutLine: {'line': b'-- Symlinking: /home/yahboom/5550_ros2_ws/install/cartographer_ros_msgs/include/cartographer_ros_msgs/cartographer_ros_msgs/msg/landmark_list.hpp\n'}
[35.099775] (-) TimerEvent: {}
[35.100732] (cartographer_ros_msgs) StdoutLine: {'line': b'-- Symlinking: /home/yahboom/5550_ros2_ws/install/cartographer_ros_msgs/include/cartographer_ros_msgs/cartographer_ros_msgs/msg/metric.hpp\n'}
[35.115250] (cartographer_ros_msgs) StdoutLine: {'line': b'-- Symlinking: /home/yahboom/5550_ros2_ws/install/cartographer_ros_msgs/include/cartographer_ros_msgs/cartographer_ros_msgs/msg/metric_family.hpp\n'}
[35.130287] (cartographer_ros_msgs) StdoutLine: {'line': b'-- Symlinking: /home/yahboom/5550_ros2_ws/install/cartographer_ros_msgs/include/cartographer_ros_msgs/cartographer_ros_msgs/msg/metric_label.hpp\n'}
[35.147833] (cartographer_ros_msgs) StdoutLine: {'line': b'-- Symlinking: /home/yahboom/5550_ros2_ws/install/cartographer_ros_msgs/include/cartographer_ros_msgs/cartographer_ros_msgs/msg/status_code.hpp\n'}
[35.164602] (cartographer_ros_msgs) StdoutLine: {'line': b'-- Symlinking: /home/yahboom/5550_ros2_ws/install/cartographer_ros_msgs/include/cartographer_ros_msgs/cartographer_ros_msgs/msg/status_response.hpp\n'}
[35.183175] (cartographer_ros_msgs) StdoutLine: {'line': b'-- Symlinking: /home/yahboom/5550_ros2_ws/install/cartographer_ros_msgs/include/cartographer_ros_msgs/cartographer_ros_msgs/msg/submap_entry.hpp\n'}
[35.198808] (cartographer_ros_msgs) StdoutLine: {'line': b'-- Symlinking: /home/yahboom/5550_ros2_ws/install/cartographer_ros_msgs/include/cartographer_ros_msgs/cartographer_ros_msgs/msg/submap_list.hpp\n'}
[35.199860] (-) TimerEvent: {}
[35.215264] (cartographer_ros_msgs) StdoutLine: {'line': b'-- Symlinking: /home/yahboom/5550_ros2_ws/install/cartographer_ros_msgs/include/cartographer_ros_msgs/cartographer_ros_msgs/msg/submap_texture.hpp\n'}
[35.232058] (cartographer_ros_msgs) StdoutLine: {'line': b'-- Symlinking: /home/yahboom/5550_ros2_ws/install/cartographer_ros_msgs/include/cartographer_ros_msgs/cartographer_ros_msgs/msg/trajectory_states.hpp\n'}
[35.248240] (cartographer_ros_msgs) StdoutLine: {'line': b'-- Symlinking: /home/yahboom/5550_ros2_ws/install/cartographer_ros_msgs/include/cartographer_ros_msgs/cartographer_ros_msgs/srv/detail/finish_trajectory__builder.hpp\n'}
[35.264631] (cartographer_ros_msgs) StdoutLine: {'line': b'-- Symlinking: /home/yahboom/5550_ros2_ws/install/cartographer_ros_msgs/include/cartographer_ros_msgs/cartographer_ros_msgs/srv/detail/finish_trajectory__struct.hpp\n'}
[35.283277] (cartographer_ros_msgs) StdoutLine: {'line': b'-- Symlinking: /home/yahboom/5550_ros2_ws/install/cartographer_ros_msgs/include/cartographer_ros_msgs/cartographer_ros_msgs/srv/detail/finish_trajectory__traits.hpp\n'}
[35.298077] (cartographer_ros_msgs) StdoutLine: {'line': b'-- Symlinking: /home/yahboom/5550_ros2_ws/install/cartographer_ros_msgs/include/cartographer_ros_msgs/cartographer_ros_msgs/srv/detail/get_trajectory_states__builder.hpp\n'}
[35.299951] (-) TimerEvent: {}
[35.314817] (cartographer_ros_msgs) StdoutLine: {'line': b'-- Symlinking: /home/yahboom/5550_ros2_ws/install/cartographer_ros_msgs/include/cartographer_ros_msgs/cartographer_ros_msgs/srv/detail/get_trajectory_states__struct.hpp\n'}
[35.330053] (cartographer_ros_msgs) StdoutLine: {'line': b'-- Symlinking: /home/yahboom/5550_ros2_ws/install/cartographer_ros_msgs/include/cartographer_ros_msgs/cartographer_ros_msgs/srv/detail/get_trajectory_states__traits.hpp\n'}
[35.342000] (cartographer_ros_msgs) StdoutLine: {'line': b'-- Symlinking: /home/yahboom/5550_ros2_ws/install/cartographer_ros_msgs/include/cartographer_ros_msgs/cartographer_ros_msgs/srv/detail/read_metrics__builder.hpp\n'}
[35.349588] (cartographer_ros_msgs) StdoutLine: {'line': b'-- Symlinking: /home/yahboom/5550_ros2_ws/install/cartographer_ros_msgs/include/cartographer_ros_msgs/cartographer_ros_msgs/srv/detail/read_metrics__struct.hpp\n'}
[35.357394] (cartographer_ros_msgs) StdoutLine: {'line': b'-- Symlinking: /home/yahboom/5550_ros2_ws/install/cartographer_ros_msgs/include/cartographer_ros_msgs/cartographer_ros_msgs/srv/detail/read_metrics__traits.hpp\n'}
[35.366184] (cartographer_ros_msgs) StdoutLine: {'line': b'-- Symlinking: /home/yahboom/5550_ros2_ws/install/cartographer_ros_msgs/include/cartographer_ros_msgs/cartographer_ros_msgs/srv/detail/start_trajectory__builder.hpp\n'}
[35.374394] (cartographer_ros_msgs) StdoutLine: {'line': b'-- Symlinking: /home/yahboom/5550_ros2_ws/install/cartographer_ros_msgs/include/cartographer_ros_msgs/cartographer_ros_msgs/srv/detail/start_trajectory__struct.hpp\n'}
[35.384778] (cartographer_ros_msgs) StdoutLine: {'line': b'-- Symlinking: /home/yahboom/5550_ros2_ws/install/cartographer_ros_msgs/include/cartographer_ros_msgs/cartographer_ros_msgs/srv/detail/start_trajectory__traits.hpp\n'}
[35.391281] (cartographer_ros_msgs) StdoutLine: {'line': b'-- Symlinking: /home/yahboom/5550_ros2_ws/install/cartographer_ros_msgs/include/cartographer_ros_msgs/cartographer_ros_msgs/srv/detail/submap_query__builder.hpp\n'}
[35.399114] (cartographer_ros_msgs) StdoutLine: {'line': b'-- Symlinking: /home/yahboom/5550_ros2_ws/install/cartographer_ros_msgs/include/cartographer_ros_msgs/cartographer_ros_msgs/srv/detail/submap_query__struct.hpp\n'}
[35.400028] (-) TimerEvent: {}
[35.406744] (cartographer_ros_msgs) StdoutLine: {'line': b'-- Symlinking: /home/yahboom/5550_ros2_ws/install/cartographer_ros_msgs/include/cartographer_ros_msgs/cartographer_ros_msgs/srv/detail/submap_query__traits.hpp\n'}
[35.416767] (cartographer_ros_msgs) StdoutLine: {'line': b'-- Symlinking: /home/yahboom/5550_ros2_ws/install/cartographer_ros_msgs/include/cartographer_ros_msgs/cartographer_ros_msgs/srv/detail/trajectory_query__builder.hpp\n'}
[35.431401] (cartographer_ros_msgs) StdoutLine: {'line': b'-- Symlinking: /home/yahboom/5550_ros2_ws/install/cartographer_ros_msgs/include/cartographer_ros_msgs/cartographer_ros_msgs/srv/detail/trajectory_query__struct.hpp\n'}
[35.449202] (cartographer_ros_msgs) StdoutLine: {'line': b'-- Symlinking: /home/yahboom/5550_ros2_ws/install/cartographer_ros_msgs/include/cartographer_ros_msgs/cartographer_ros_msgs/srv/detail/trajectory_query__traits.hpp\n'}
[35.466140] (cartographer_ros_msgs) StdoutLine: {'line': b'-- Symlinking: /home/yahboom/5550_ros2_ws/install/cartographer_ros_msgs/include/cartographer_ros_msgs/cartographer_ros_msgs/srv/detail/write_state__builder.hpp\n'}
[35.484329] (cartographer_ros_msgs) StdoutLine: {'line': b'-- Symlinking: /home/yahboom/5550_ros2_ws/install/cartographer_ros_msgs/include/cartographer_ros_msgs/cartographer_ros_msgs/srv/detail/write_state__struct.hpp\n'}
[35.500278] (-) TimerEvent: {}
[35.501339] (cartographer_ros_msgs) StdoutLine: {'line': b'-- Symlinking: /home/yahboom/5550_ros2_ws/install/cartographer_ros_msgs/include/cartographer_ros_msgs/cartographer_ros_msgs/srv/detail/write_state__traits.hpp\n'}
[35.519208] (cartographer_ros_msgs) StdoutLine: {'line': b'-- Symlinking: /home/yahboom/5550_ros2_ws/install/cartographer_ros_msgs/include/cartographer_ros_msgs/cartographer_ros_msgs/srv/finish_trajectory.hpp\n'}
[35.537231] (cartographer_ros_msgs) StdoutLine: {'line': b'-- Symlinking: /home/yahboom/5550_ros2_ws/install/cartographer_ros_msgs/include/cartographer_ros_msgs/cartographer_ros_msgs/srv/get_trajectory_states.hpp\n'}
[35.554662] (cartographer_ros_msgs) StdoutLine: {'line': b'-- Symlinking: /home/yahboom/5550_ros2_ws/install/cartographer_ros_msgs/include/cartographer_ros_msgs/cartographer_ros_msgs/srv/read_metrics.hpp\n'}
[35.572802] (cartographer_ros_msgs) StdoutLine: {'line': b'-- Symlinking: /home/yahboom/5550_ros2_ws/install/cartographer_ros_msgs/include/cartographer_ros_msgs/cartographer_ros_msgs/srv/start_trajectory.hpp\n'}
[35.590802] (cartographer_ros_msgs) StdoutLine: {'line': b'-- Symlinking: /home/yahboom/5550_ros2_ws/install/cartographer_ros_msgs/include/cartographer_ros_msgs/cartographer_ros_msgs/srv/submap_query.hpp\n'}
[35.600371] (-) TimerEvent: {}
[35.605390] (cartographer_ros_msgs) StdoutLine: {'line': b'-- Symlinking: /home/yahboom/5550_ros2_ws/install/cartographer_ros_msgs/include/cartographer_ros_msgs/cartographer_ros_msgs/srv/trajectory_query.hpp\n'}
[35.623174] (cartographer_ros_msgs) StdoutLine: {'line': b'-- Symlinking: /home/yahboom/5550_ros2_ws/install/cartographer_ros_msgs/include/cartographer_ros_msgs/cartographer_ros_msgs/srv/write_state.hpp\n'}
[35.639811] (cartographer_ros_msgs) StdoutLine: {'line': b'-- Symlinking: /home/yahboom/5550_ros2_ws/install/cartographer_ros_msgs/include/cartographer_ros_msgs/cartographer_ros_msgs/msg/detail/bagfile_progress__rosidl_typesupport_fastrtps_cpp.hpp\n'}
[35.658195] (cartographer_ros_msgs) StdoutLine: {'line': b'-- Symlinking: /home/yahboom/5550_ros2_ws/install/cartographer_ros_msgs/include/cartographer_ros_msgs/cartographer_ros_msgs/msg/detail/histogram_bucket__rosidl_typesupport_fastrtps_cpp.hpp\n'}
[35.675326] (cartographer_ros_msgs) StdoutLine: {'line': b'-- Symlinking: /home/yahboom/5550_ros2_ws/install/cartographer_ros_msgs/include/cartographer_ros_msgs/cartographer_ros_msgs/msg/detail/landmark_entry__rosidl_typesupport_fastrtps_cpp.hpp\n'}
[35.693003] (cartographer_ros_msgs) StdoutLine: {'line': b'-- Symlinking: /home/yahboom/5550_ros2_ws/install/cartographer_ros_msgs/include/cartographer_ros_msgs/cartographer_ros_msgs/msg/detail/landmark_list__rosidl_typesupport_fastrtps_cpp.hpp\n'}
[35.700477] (-) TimerEvent: {}
[35.713782] (cartographer_ros_msgs) StdoutLine: {'line': b'-- Symlinking: /home/yahboom/5550_ros2_ws/install/cartographer_ros_msgs/include/cartographer_ros_msgs/cartographer_ros_msgs/msg/detail/metric__rosidl_typesupport_fastrtps_cpp.hpp\n'}
[35.725139] (cartographer_ros_msgs) StdoutLine: {'line': b'-- Symlinking: /home/yahboom/5550_ros2_ws/install/cartographer_ros_msgs/include/cartographer_ros_msgs/cartographer_ros_msgs/msg/detail/metric_family__rosidl_typesupport_fastrtps_cpp.hpp\n'}
[35.731819] (cartographer) StdoutLine: {'line': b'[ 21%] \x1b[32mBuilding CXX object CMakeFiles/cartographer.dir/cartographer/io/probability_grid_points_processor.cc.o\x1b[0m\n'}
[35.743455] (cartographer_ros_msgs) StdoutLine: {'line': b'-- Symlinking: /home/yahboom/5550_ros2_ws/install/cartographer_ros_msgs/include/cartographer_ros_msgs/cartographer_ros_msgs/msg/detail/metric_label__rosidl_typesupport_fastrtps_cpp.hpp\n'}
[35.759123] (cartographer_ros_msgs) StdoutLine: {'line': b'-- Symlinking: /home/yahboom/5550_ros2_ws/install/cartographer_ros_msgs/include/cartographer_ros_msgs/cartographer_ros_msgs/msg/detail/status_code__rosidl_typesupport_fastrtps_cpp.hpp\n'}
[35.769913] (cartographer_ros_msgs) StdoutLine: {'line': b'-- Symlinking: /home/yahboom/5550_ros2_ws/install/cartographer_ros_msgs/include/cartographer_ros_msgs/cartographer_ros_msgs/msg/detail/status_response__rosidl_typesupport_fastrtps_cpp.hpp\n'}
[35.777851] (cartographer_ros_msgs) StdoutLine: {'line': b'-- Symlinking: /home/yahboom/5550_ros2_ws/install/cartographer_ros_msgs/include/cartographer_ros_msgs/cartographer_ros_msgs/msg/detail/submap_entry__rosidl_typesupport_fastrtps_cpp.hpp\n'}
[35.786056] (cartographer_ros_msgs) StdoutLine: {'line': b'-- Symlinking: /home/yahboom/5550_ros2_ws/install/cartographer_ros_msgs/include/cartographer_ros_msgs/cartographer_ros_msgs/msg/detail/submap_list__rosidl_typesupport_fastrtps_cpp.hpp\n'}
[35.793613] (cartographer_ros_msgs) StdoutLine: {'line': b'-- Symlinking: /home/yahboom/5550_ros2_ws/install/cartographer_ros_msgs/include/cartographer_ros_msgs/cartographer_ros_msgs/msg/detail/submap_texture__rosidl_typesupport_fastrtps_cpp.hpp\n'}
[35.800565] (-) TimerEvent: {}
[35.801352] (cartographer_ros_msgs) StdoutLine: {'line': b'-- Symlinking: /home/yahboom/5550_ros2_ws/install/cartographer_ros_msgs/include/cartographer_ros_msgs/cartographer_ros_msgs/msg/detail/trajectory_states__rosidl_typesupport_fastrtps_cpp.hpp\n'}
[35.809174] (cartographer_ros_msgs) StdoutLine: {'line': b'-- Symlinking: /home/yahboom/5550_ros2_ws/install/cartographer_ros_msgs/include/cartographer_ros_msgs/cartographer_ros_msgs/msg/rosidl_typesupport_fastrtps_cpp__visibility_control.h\n'}
[35.817029] (cartographer_ros_msgs) StdoutLine: {'line': b'-- Symlinking: /home/yahboom/5550_ros2_ws/install/cartographer_ros_msgs/include/cartographer_ros_msgs/cartographer_ros_msgs/srv/detail/finish_trajectory__rosidl_typesupport_fastrtps_cpp.hpp\n'}
[35.824594] (cartographer_ros_msgs) StdoutLine: {'line': b'-- Symlinking: /home/yahboom/5550_ros2_ws/install/cartographer_ros_msgs/include/cartographer_ros_msgs/cartographer_ros_msgs/srv/detail/get_trajectory_states__rosidl_typesupport_fastrtps_cpp.hpp\n'}
[35.833886] (cartographer_ros_msgs) StdoutLine: {'line': b'-- Symlinking: /home/yahboom/5550_ros2_ws/install/cartographer_ros_msgs/include/cartographer_ros_msgs/cartographer_ros_msgs/srv/detail/read_metrics__rosidl_typesupport_fastrtps_cpp.hpp\n'}
[35.843759] (cartographer_ros_msgs) StdoutLine: {'line': b'-- Symlinking: /home/yahboom/5550_ros2_ws/install/cartographer_ros_msgs/include/cartographer_ros_msgs/cartographer_ros_msgs/srv/detail/start_trajectory__rosidl_typesupport_fastrtps_cpp.hpp\n'}
[35.850174] (cartographer_ros_msgs) StdoutLine: {'line': b'-- Symlinking: /home/yahboom/5550_ros2_ws/install/cartographer_ros_msgs/include/cartographer_ros_msgs/cartographer_ros_msgs/srv/detail/submap_query__rosidl_typesupport_fastrtps_cpp.hpp\n'}
[35.858008] (cartographer_ros_msgs) StdoutLine: {'line': b'-- Symlinking: /home/yahboom/5550_ros2_ws/install/cartographer_ros_msgs/include/cartographer_ros_msgs/cartographer_ros_msgs/srv/detail/trajectory_query__rosidl_typesupport_fastrtps_cpp.hpp\n'}
[35.865530] (cartographer_ros_msgs) StdoutLine: {'line': b'-- Symlinking: /home/yahboom/5550_ros2_ws/install/cartographer_ros_msgs/include/cartographer_ros_msgs/cartographer_ros_msgs/srv/detail/write_state__rosidl_typesupport_fastrtps_cpp.hpp\n'}
[35.874023] (cartographer_ros_msgs) StdoutLine: {'line': b'-- Symlinking: /home/yahboom/5550_ros2_ws/install/cartographer_ros_msgs/include/cartographer_ros_msgs/cartographer_ros_msgs/msg/detail/bagfile_progress__rosidl_typesupport_introspection_cpp.hpp\n'}
[35.881686] (cartographer_ros_msgs) StdoutLine: {'line': b'-- Symlinking: /home/yahboom/5550_ros2_ws/install/cartographer_ros_msgs/include/cartographer_ros_msgs/cartographer_ros_msgs/msg/detail/histogram_bucket__rosidl_typesupport_introspection_cpp.hpp\n'}
[35.889405] (cartographer_ros_msgs) StdoutLine: {'line': b'-- Symlinking: /home/yahboom/5550_ros2_ws/install/cartographer_ros_msgs/include/cartographer_ros_msgs/cartographer_ros_msgs/msg/detail/landmark_entry__rosidl_typesupport_introspection_cpp.hpp\n'}
[35.897295] (cartographer_ros_msgs) StdoutLine: {'line': b'-- Symlinking: /home/yahboom/5550_ros2_ws/install/cartographer_ros_msgs/include/cartographer_ros_msgs/cartographer_ros_msgs/msg/detail/landmark_list__rosidl_typesupport_introspection_cpp.hpp\n'}
[35.902746] (-) TimerEvent: {}
[35.905072] (cartographer_ros_msgs) StdoutLine: {'line': b'-- Symlinking: /home/yahboom/5550_ros2_ws/install/cartographer_ros_msgs/include/cartographer_ros_msgs/cartographer_ros_msgs/msg/detail/metric__rosidl_typesupport_introspection_cpp.hpp\n'}
[35.912769] (cartographer_ros_msgs) StdoutLine: {'line': b'-- Symlinking: /home/yahboom/5550_ros2_ws/install/cartographer_ros_msgs/include/cartographer_ros_msgs/cartographer_ros_msgs/msg/detail/metric_family__rosidl_typesupport_introspection_cpp.hpp\n'}
[35.920565] (cartographer_ros_msgs) StdoutLine: {'line': b'-- Symlinking: /home/yahboom/5550_ros2_ws/install/cartographer_ros_msgs/include/cartographer_ros_msgs/cartographer_ros_msgs/msg/detail/metric_label__rosidl_typesupport_introspection_cpp.hpp\n'}
[35.928023] (cartographer_ros_msgs) StdoutLine: {'line': b'-- Symlinking: /home/yahboom/5550_ros2_ws/install/cartographer_ros_msgs/include/cartographer_ros_msgs/cartographer_ros_msgs/msg/detail/status_code__rosidl_typesupport_introspection_cpp.hpp\n'}
[35.937645] (cartographer_ros_msgs) StdoutLine: {'line': b'-- Symlinking: /home/yahboom/5550_ros2_ws/install/cartographer_ros_msgs/include/cartographer_ros_msgs/cartographer_ros_msgs/msg/detail/status_response__rosidl_typesupport_introspection_cpp.hpp\n'}
[35.953963] (cartographer_ros_msgs) StdoutLine: {'line': b'-- Symlinking: /home/yahboom/5550_ros2_ws/install/cartographer_ros_msgs/include/cartographer_ros_msgs/cartographer_ros_msgs/msg/detail/submap_entry__rosidl_typesupport_introspection_cpp.hpp\n'}
[35.972139] (cartographer_ros_msgs) StdoutLine: {'line': b'-- Symlinking: /home/yahboom/5550_ros2_ws/install/cartographer_ros_msgs/include/cartographer_ros_msgs/cartographer_ros_msgs/msg/detail/submap_list__rosidl_typesupport_introspection_cpp.hpp\n'}
[35.986354] (cartographer_ros_msgs) StdoutLine: {'line': b'-- Symlinking: /home/yahboom/5550_ros2_ws/install/cartographer_ros_msgs/include/cartographer_ros_msgs/cartographer_ros_msgs/msg/detail/submap_texture__rosidl_typesupport_introspection_cpp.hpp\n'}
[35.997253] (cartographer_ros_msgs) StdoutLine: {'line': b'-- Symlinking: /home/yahboom/5550_ros2_ws/install/cartographer_ros_msgs/include/cartographer_ros_msgs/cartographer_ros_msgs/msg/detail/trajectory_states__rosidl_typesupport_introspection_cpp.hpp\n'}
[36.002854] (-) TimerEvent: {}
[36.004932] (cartographer_ros_msgs) StdoutLine: {'line': b'-- Symlinking: /home/yahboom/5550_ros2_ws/install/cartographer_ros_msgs/include/cartographer_ros_msgs/cartographer_ros_msgs/srv/detail/finish_trajectory__rosidl_typesupport_introspection_cpp.hpp\n'}
[36.014746] (cartographer_ros_msgs) StdoutLine: {'line': b'-- Symlinking: /home/yahboom/5550_ros2_ws/install/cartographer_ros_msgs/include/cartographer_ros_msgs/cartographer_ros_msgs/srv/detail/get_trajectory_states__rosidl_typesupport_introspection_cpp.hpp\n'}
[36.021240] (cartographer_ros_msgs) StdoutLine: {'line': b'-- Symlinking: /home/yahboom/5550_ros2_ws/install/cartographer_ros_msgs/include/cartographer_ros_msgs/cartographer_ros_msgs/srv/detail/read_metrics__rosidl_typesupport_introspection_cpp.hpp\n'}
[36.030403] (cartographer_ros_msgs) StdoutLine: {'line': b'-- Symlinking: /home/yahboom/5550_ros2_ws/install/cartographer_ros_msgs/include/cartographer_ros_msgs/cartographer_ros_msgs/srv/detail/start_trajectory__rosidl_typesupport_introspection_cpp.hpp\n'}
[36.038335] (cartographer_ros_msgs) StdoutLine: {'line': b'-- Symlinking: /home/yahboom/5550_ros2_ws/install/cartographer_ros_msgs/include/cartographer_ros_msgs/cartographer_ros_msgs/srv/detail/submap_query__rosidl_typesupport_introspection_cpp.hpp\n'}
[36.047211] (cartographer_ros_msgs) StdoutLine: {'line': b'-- Symlinking: /home/yahboom/5550_ros2_ws/install/cartographer_ros_msgs/include/cartographer_ros_msgs/cartographer_ros_msgs/srv/detail/trajectory_query__rosidl_typesupport_introspection_cpp.hpp\n'}
[36.057828] (cartographer_ros_msgs) StdoutLine: {'line': b'-- Symlinking: /home/yahboom/5550_ros2_ws/install/cartographer_ros_msgs/include/cartographer_ros_msgs/cartographer_ros_msgs/srv/detail/write_state__rosidl_typesupport_introspection_cpp.hpp\n'}
[36.065122] (cartographer_ros_msgs) StdoutLine: {'line': b'-- Symlinking: /home/yahboom/5550_ros2_ws/install/cartographer_ros_msgs/share/cartographer_ros_msgs/environment/pythonpath.sh\n'}
[36.076435] (cartographer_ros_msgs) StdoutLine: {'line': b'-- Symlinking: /home/yahboom/5550_ros2_ws/install/cartographer_ros_msgs/share/cartographer_ros_msgs/environment/pythonpath.dsv\n'}
[36.088403] (cartographer_ros_msgs) StdoutLine: {'line': b'-- Symlinking: /home/yahboom/5550_ros2_ws/install/cartographer_ros_msgs/local/lib/python3.10/dist-packages/cartographer_ros_msgs-2.0.9003-py3.10.egg-info/PKG-INFO\n'}
[36.096427] (cartographer) StdoutLine: {'line': b'[ 21%] \x1b[32mBuilding CXX object CMakeFiles/cartographer.dir/cartographer/io/proto_stream.cc.o\x1b[0m\n'}
[36.102937] (-) TimerEvent: {}
[36.106146] (cartographer_ros_msgs) StdoutLine: {'line': b'-- Symlinking: /home/yahboom/5550_ros2_ws/install/cartographer_ros_msgs/local/lib/python3.10/dist-packages/cartographer_ros_msgs-2.0.9003-py3.10.egg-info/SOURCES.txt\n'}
[36.125262] (cartographer_ros_msgs) StdoutLine: {'line': b'-- Symlinking: /home/yahboom/5550_ros2_ws/install/cartographer_ros_msgs/local/lib/python3.10/dist-packages/cartographer_ros_msgs-2.0.9003-py3.10.egg-info/dependency_links.txt\n'}
[36.145756] (cartographer_ros_msgs) StdoutLine: {'line': b'-- Symlinking: /home/yahboom/5550_ros2_ws/install/cartographer_ros_msgs/local/lib/python3.10/dist-packages/cartographer_ros_msgs-2.0.9003-py3.10.egg-info/top_level.txt\n'}
[36.164455] (cartographer_ros_msgs) StdoutLine: {'line': b'-- Symlinking: /home/yahboom/5550_ros2_ws/install/cartographer_ros_msgs/local/lib/python3.10/dist-packages/cartographer_ros_msgs/__init__.py\n'}
[36.182189] (cartographer_ros_msgs) StdoutLine: {'line': b'-- Symlinking: /home/yahboom/5550_ros2_ws/install/cartographer_ros_msgs/local/lib/python3.10/dist-packages/cartographer_ros_msgs/_cartographer_ros_msgs_s.ep.rosidl_typesupport_c.c\n'}
[36.193848] (cartographer_ros_msgs) StdoutLine: {'line': b'-- Symlinking: /home/yahboom/5550_ros2_ws/install/cartographer_ros_msgs/local/lib/python3.10/dist-packages/cartographer_ros_msgs/_cartographer_ros_msgs_s.ep.rosidl_typesupport_fastrtps_c.c\n'}
[36.201773] (cartographer_ros_msgs) StdoutLine: {'line': b'-- Symlinking: /home/yahboom/5550_ros2_ws/install/cartographer_ros_msgs/local/lib/python3.10/dist-packages/cartographer_ros_msgs/_cartographer_ros_msgs_s.ep.rosidl_typesupport_introspection_c.c\n'}
[36.203019] (-) TimerEvent: {}
[36.209845] (cartographer_ros_msgs) StdoutLine: {'line': b'-- Symlinking: /home/yahboom/5550_ros2_ws/install/cartographer_ros_msgs/local/lib/python3.10/dist-packages/cartographer_ros_msgs/cartographer_ros_msgs_s__rosidl_typesupport_c.cpython-310-x86_64-linux-gnu.so\n'}
[36.220804] (cartographer_ros_msgs) StdoutLine: {'line': b'-- Symlinking: /home/yahboom/5550_ros2_ws/install/cartographer_ros_msgs/local/lib/python3.10/dist-packages/cartographer_ros_msgs/cartographer_ros_msgs_s__rosidl_typesupport_fastrtps_c.cpython-310-x86_64-linux-gnu.so\n'}
[36.226746] (cartographer_ros_msgs) StdoutLine: {'line': b'-- Symlinking: /home/yahboom/5550_ros2_ws/install/cartographer_ros_msgs/local/lib/python3.10/dist-packages/cartographer_ros_msgs/cartographer_ros_msgs_s__rosidl_typesupport_introspection_c.cpython-310-x86_64-linux-gnu.so\n'}
[36.233323] (cartographer_ros_msgs) StdoutLine: {'line': b'-- Symlinking: /home/yahboom/5550_ros2_ws/install/cartographer_ros_msgs/local/lib/python3.10/dist-packages/cartographer_ros_msgs/libcartographer_ros_msgs__rosidl_generator_py.so\n'}
[36.242063] (cartographer_ros_msgs) StdoutLine: {'line': b'-- Symlinking: /home/yahboom/5550_ros2_ws/install/cartographer_ros_msgs/local/lib/python3.10/dist-packages/cartographer_ros_msgs/msg/__init__.py\n'}
[36.250152] (cartographer_ros_msgs) StdoutLine: {'line': b'-- Symlinking: /home/yahboom/5550_ros2_ws/install/cartographer_ros_msgs/local/lib/python3.10/dist-packages/cartographer_ros_msgs/msg/_bagfile_progress.py\n'}
[36.258031] (cartographer_ros_msgs) StdoutLine: {'line': b'-- Symlinking: /home/yahboom/5550_ros2_ws/install/cartographer_ros_msgs/local/lib/python3.10/dist-packages/cartographer_ros_msgs/msg/_bagfile_progress_s.c\n'}
[36.265906] (cartographer_ros_msgs) StdoutLine: {'line': b'-- Symlinking: /home/yahboom/5550_ros2_ws/install/cartographer_ros_msgs/local/lib/python3.10/dist-packages/cartographer_ros_msgs/msg/_histogram_bucket.py\n'}
[36.277769] (cartographer_ros_msgs) StdoutLine: {'line': b'-- Symlinking: /home/yahboom/5550_ros2_ws/install/cartographer_ros_msgs/local/lib/python3.10/dist-packages/cartographer_ros_msgs/msg/_histogram_bucket_s.c\n'}
[36.283012] (cartographer_ros_msgs) StdoutLine: {'line': b'-- Symlinking: /home/yahboom/5550_ros2_ws/install/cartographer_ros_msgs/local/lib/python3.10/dist-packages/cartographer_ros_msgs/msg/_landmark_entry.py\n'}
[36.290695] (cartographer_ros_msgs) StdoutLine: {'line': b'-- Symlinking: /home/yahboom/5550_ros2_ws/install/cartographer_ros_msgs/local/lib/python3.10/dist-packages/cartographer_ros_msgs/msg/_landmark_entry_s.c\n'}
[36.299758] (cartographer_ros_msgs) StdoutLine: {'line': b'-- Symlinking: /home/yahboom/5550_ros2_ws/install/cartographer_ros_msgs/local/lib/python3.10/dist-packages/cartographer_ros_msgs/msg/_landmark_list.py\n'}
[36.303106] (-) TimerEvent: {}
[36.307581] (cartographer_ros_msgs) StdoutLine: {'line': b'-- Symlinking: /home/yahboom/5550_ros2_ws/install/cartographer_ros_msgs/local/lib/python3.10/dist-packages/cartographer_ros_msgs/msg/_landmark_list_s.c\n'}
[36.316400] (cartographer_ros_msgs) StdoutLine: {'line': b'-- Symlinking: /home/yahboom/5550_ros2_ws/install/cartographer_ros_msgs/local/lib/python3.10/dist-packages/cartographer_ros_msgs/msg/_metric.py\n'}
[36.323990] (cartographer_ros_msgs) StdoutLine: {'line': b'-- Symlinking: /home/yahboom/5550_ros2_ws/install/cartographer_ros_msgs/local/lib/python3.10/dist-packages/cartographer_ros_msgs/msg/_metric_family.py\n'}
[36.332910] (cartographer_ros_msgs) StdoutLine: {'line': b'-- Symlinking: /home/yahboom/5550_ros2_ws/install/cartographer_ros_msgs/local/lib/python3.10/dist-packages/cartographer_ros_msgs/msg/_metric_family_s.c\n'}
[36.341643] (cartographer_ros_msgs) StdoutLine: {'line': b'-- Symlinking: /home/yahboom/5550_ros2_ws/install/cartographer_ros_msgs/local/lib/python3.10/dist-packages/cartographer_ros_msgs/msg/_metric_label.py\n'}
[36.349427] (cartographer_ros_msgs) StdoutLine: {'line': b'-- Symlinking: /home/yahboom/5550_ros2_ws/install/cartographer_ros_msgs/local/lib/python3.10/dist-packages/cartographer_ros_msgs/msg/_metric_label_s.c\n'}
[36.358869] (cartographer_ros_msgs) StdoutLine: {'line': b'-- Symlinking: /home/yahboom/5550_ros2_ws/install/cartographer_ros_msgs/local/lib/python3.10/dist-packages/cartographer_ros_msgs/msg/_metric_s.c\n'}
[36.366982] (cartographer_ros_msgs) StdoutLine: {'line': b'-- Symlinking: /home/yahboom/5550_ros2_ws/install/cartographer_ros_msgs/local/lib/python3.10/dist-packages/cartographer_ros_msgs/msg/_status_code.py\n'}
[36.374907] (cartographer_ros_msgs) StdoutLine: {'line': b'-- Symlinking: /home/yahboom/5550_ros2_ws/install/cartographer_ros_msgs/local/lib/python3.10/dist-packages/cartographer_ros_msgs/msg/_status_code_s.c\n'}
[36.382927] (cartographer_ros_msgs) StdoutLine: {'line': b'-- Symlinking: /home/yahboom/5550_ros2_ws/install/cartographer_ros_msgs/local/lib/python3.10/dist-packages/cartographer_ros_msgs/msg/_status_response.py\n'}
[36.390663] (cartographer_ros_msgs) StdoutLine: {'line': b'-- Symlinking: /home/yahboom/5550_ros2_ws/install/cartographer_ros_msgs/local/lib/python3.10/dist-packages/cartographer_ros_msgs/msg/_status_response_s.c\n'}
[36.398344] (cartographer_ros_msgs) StdoutLine: {'line': b'-- Symlinking: /home/yahboom/5550_ros2_ws/install/cartographer_ros_msgs/local/lib/python3.10/dist-packages/cartographer_ros_msgs/msg/_submap_entry.py\n'}
[36.403186] (-) TimerEvent: {}
[36.407751] (cartographer_ros_msgs) StdoutLine: {'line': b'-- Symlinking: /home/yahboom/5550_ros2_ws/install/cartographer_ros_msgs/local/lib/python3.10/dist-packages/cartographer_ros_msgs/msg/_submap_entry_s.c\n'}
[36.414086] (cartographer_ros_msgs) StdoutLine: {'line': b'-- Symlinking: /home/yahboom/5550_ros2_ws/install/cartographer_ros_msgs/local/lib/python3.10/dist-packages/cartographer_ros_msgs/msg/_submap_list.py\n'}
[36.421894] (cartographer_ros_msgs) StdoutLine: {'line': b'-- Symlinking: /home/yahboom/5550_ros2_ws/install/cartographer_ros_msgs/local/lib/python3.10/dist-packages/cartographer_ros_msgs/msg/_submap_list_s.c\n'}
[36.436142] (cartographer_ros_msgs) StdoutLine: {'line': b'-- Symlinking: /home/yahboom/5550_ros2_ws/install/cartographer_ros_msgs/local/lib/python3.10/dist-packages/cartographer_ros_msgs/msg/_submap_texture.py\n'}
[36.458772] (cartographer_ros_msgs) StdoutLine: {'line': b'-- Symlinking: /home/yahboom/5550_ros2_ws/install/cartographer_ros_msgs/local/lib/python3.10/dist-packages/cartographer_ros_msgs/msg/_submap_texture_s.c\n'}
[36.470557] (cartographer_ros_msgs) StdoutLine: {'line': b'-- Symlinking: /home/yahboom/5550_ros2_ws/install/cartographer_ros_msgs/local/lib/python3.10/dist-packages/cartographer_ros_msgs/msg/_trajectory_states.py\n'}
[36.486899] (cartographer_ros_msgs) StdoutLine: {'line': b'-- Symlinking: /home/yahboom/5550_ros2_ws/install/cartographer_ros_msgs/local/lib/python3.10/dist-packages/cartographer_ros_msgs/msg/_trajectory_states_s.c\n'}
[36.503291] (-) TimerEvent: {}
[36.503742] (cartographer_ros_msgs) StdoutLine: {'line': b'-- Symlinking: /home/yahboom/5550_ros2_ws/install/cartographer_ros_msgs/local/lib/python3.10/dist-packages/cartographer_ros_msgs/srv/__init__.py\n'}
[36.519712] (cartographer_ros_msgs) StdoutLine: {'line': b'-- Symlinking: /home/yahboom/5550_ros2_ws/install/cartographer_ros_msgs/local/lib/python3.10/dist-packages/cartographer_ros_msgs/srv/_finish_trajectory.py\n'}
[36.543774] (cartographer_ros_msgs) StdoutLine: {'line': b'-- Symlinking: /home/yahboom/5550_ros2_ws/install/cartographer_ros_msgs/local/lib/python3.10/dist-packages/cartographer_ros_msgs/srv/_finish_trajectory_s.c\n'}
[36.555895] (cartographer_ros_msgs) StdoutLine: {'line': b'-- Symlinking: /home/yahboom/5550_ros2_ws/install/cartographer_ros_msgs/local/lib/python3.10/dist-packages/cartographer_ros_msgs/srv/_get_trajectory_states.py\n'}
[36.570426] (cartographer_ros_msgs) StdoutLine: {'line': b'-- Symlinking: /home/yahboom/5550_ros2_ws/install/cartographer_ros_msgs/local/lib/python3.10/dist-packages/cartographer_ros_msgs/srv/_get_trajectory_states_s.c\n'}
[36.586255] (cartographer_ros_msgs) StdoutLine: {'line': b'-- Symlinking: /home/yahboom/5550_ros2_ws/install/cartographer_ros_msgs/local/lib/python3.10/dist-packages/cartographer_ros_msgs/srv/_read_metrics.py\n'}
[36.602900] (cartographer_ros_msgs) StdoutLine: {'line': b'-- Symlinking: /home/yahboom/5550_ros2_ws/install/cartographer_ros_msgs/local/lib/python3.10/dist-packages/cartographer_ros_msgs/srv/_read_metrics_s.c\n'}
[36.603357] (-) TimerEvent: {}
[36.618749] (cartographer_ros_msgs) StdoutLine: {'line': b'-- Symlinking: /home/yahboom/5550_ros2_ws/install/cartographer_ros_msgs/local/lib/python3.10/dist-packages/cartographer_ros_msgs/srv/_start_trajectory.py\n'}
[36.634333] (cartographer_ros_msgs) StdoutLine: {'line': b'-- Symlinking: /home/yahboom/5550_ros2_ws/install/cartographer_ros_msgs/local/lib/python3.10/dist-packages/cartographer_ros_msgs/srv/_start_trajectory_s.c\n'}
[36.652818] (cartographer_ros_msgs) StdoutLine: {'line': b'-- Symlinking: /home/yahboom/5550_ros2_ws/install/cartographer_ros_msgs/local/lib/python3.10/dist-packages/cartographer_ros_msgs/srv/_submap_query.py\n'}
[36.669044] (cartographer_ros_msgs) StdoutLine: {'line': b'-- Symlinking: /home/yahboom/5550_ros2_ws/install/cartographer_ros_msgs/local/lib/python3.10/dist-packages/cartographer_ros_msgs/srv/_submap_query_s.c\n'}
[36.685095] (cartographer_ros_msgs) StdoutLine: {'line': b'-- Symlinking: /home/yahboom/5550_ros2_ws/install/cartographer_ros_msgs/local/lib/python3.10/dist-packages/cartographer_ros_msgs/srv/_trajectory_query.py\n'}
[36.703789] (cartographer_ros_msgs) StdoutLine: {'line': b'-- Symlinking: /home/yahboom/5550_ros2_ws/install/cartographer_ros_msgs/local/lib/python3.10/dist-packages/cartographer_ros_msgs/srv/_trajectory_query_s.c\n'}
[36.703948] (-) TimerEvent: {}
[36.718150] (cartographer_ros_msgs) StdoutLine: {'line': b'-- Symlinking: /home/yahboom/5550_ros2_ws/install/cartographer_ros_msgs/local/lib/python3.10/dist-packages/cartographer_ros_msgs/srv/_write_state.py\n'}
[36.732467] (cartographer_ros_msgs) StdoutLine: {'line': b'-- Symlinking: /home/yahboom/5550_ros2_ws/install/cartographer_ros_msgs/local/lib/python3.10/dist-packages/cartographer_ros_msgs/srv/_write_state_s.c\n'}
[36.747277] (cartographer_ros_msgs) StdoutLine: {'line': b'-- Up-to-date symlink: /home/yahboom/5550_ros2_ws/install/cartographer_ros_msgs/local/lib/python3.10/dist-packages/cartographer_ros_msgs/cartographer_ros_msgs_s__rosidl_typesupport_fastrtps_c.cpython-310-x86_64-linux-gnu.so\n'}
[36.747480] (cartographer_ros_msgs) StdoutLine: {'line': b'-- Up-to-date symlink: /home/yahboom/5550_ros2_ws/install/cartographer_ros_msgs/local/lib/python3.10/dist-packages/cartographer_ros_msgs/cartographer_ros_msgs_s__rosidl_typesupport_introspection_c.cpython-310-x86_64-linux-gnu.so\n'}
[36.747646] (cartographer_ros_msgs) StdoutLine: {'line': b'-- Up-to-date symlink: /home/yahboom/5550_ros2_ws/install/cartographer_ros_msgs/local/lib/python3.10/dist-packages/cartographer_ros_msgs/cartographer_ros_msgs_s__rosidl_typesupport_c.cpython-310-x86_64-linux-gnu.so\n'}
[36.747808] (cartographer_ros_msgs) StdoutLine: {'line': b'-- Symlinking: /home/yahboom/5550_ros2_ws/install/cartographer_ros_msgs/share/cartographer_ros_msgs/msg/BagfileProgress.idl\n'}
[36.765776] (cartographer_ros_msgs) StdoutLine: {'line': b'-- Symlinking: /home/yahboom/5550_ros2_ws/install/cartographer_ros_msgs/share/cartographer_ros_msgs/msg/HistogramBucket.idl\n'}
[36.784421] (cartographer_ros_msgs) StdoutLine: {'line': b'-- Symlinking: /home/yahboom/5550_ros2_ws/install/cartographer_ros_msgs/share/cartographer_ros_msgs/msg/LandmarkEntry.idl\n'}
[36.799407] (cartographer_ros_msgs) StdoutLine: {'line': b'-- Symlinking: /home/yahboom/5550_ros2_ws/install/cartographer_ros_msgs/share/cartographer_ros_msgs/msg/LandmarkList.idl\n'}
[36.804049] (-) TimerEvent: {}
[36.815929] (cartographer_ros_msgs) StdoutLine: {'line': b'-- Symlinking: /home/yahboom/5550_ros2_ws/install/cartographer_ros_msgs/share/cartographer_ros_msgs/msg/MetricFamily.idl\n'}
[36.832469] (cartographer_ros_msgs) StdoutLine: {'line': b'-- Symlinking: /home/yahboom/5550_ros2_ws/install/cartographer_ros_msgs/share/cartographer_ros_msgs/msg/MetricLabel.idl\n'}
[36.844652] (cartographer_ros_msgs) StdoutLine: {'line': b'-- Symlinking: /home/yahboom/5550_ros2_ws/install/cartographer_ros_msgs/share/cartographer_ros_msgs/msg/Metric.idl\n'}
[36.860420] (cartographer_ros_msgs) StdoutLine: {'line': b'-- Symlinking: /home/yahboom/5550_ros2_ws/install/cartographer_ros_msgs/share/cartographer_ros_msgs/msg/StatusCode.idl\n'}
[36.879277] (cartographer_ros_msgs) StdoutLine: {'line': b'-- Symlinking: /home/yahboom/5550_ros2_ws/install/cartographer_ros_msgs/share/cartographer_ros_msgs/msg/StatusResponse.idl\n'}
[36.898849] (cartographer_ros_msgs) StdoutLine: {'line': b'-- Symlinking: /home/yahboom/5550_ros2_ws/install/cartographer_ros_msgs/share/cartographer_ros_msgs/msg/SubmapEntry.idl\n'}
[36.904143] (-) TimerEvent: {}
[36.908993] (cartographer_ros_msgs) StdoutLine: {'line': b'-- Symlinking: /home/yahboom/5550_ros2_ws/install/cartographer_ros_msgs/share/cartographer_ros_msgs/msg/SubmapList.idl\n'}
[36.920443] (cartographer_ros_msgs) StdoutLine: {'line': b'-- Symlinking: /home/yahboom/5550_ros2_ws/install/cartographer_ros_msgs/share/cartographer_ros_msgs/msg/SubmapTexture.idl\n'}
[36.929311] (cartographer) StdoutLine: {'line': b'[ 21%] \x1b[32mBuilding CXX object CMakeFiles/cartographer.dir/cartographer/io/proto_stream_deserializer.cc.o\x1b[0m\n'}
[36.932233] (cartographer_ros_msgs) StdoutLine: {'line': b'-- Symlinking: /home/yahboom/5550_ros2_ws/install/cartographer_ros_msgs/share/cartographer_ros_msgs/msg/TrajectoryStates.idl\n'}
[36.943490] (cartographer_ros_msgs) StdoutLine: {'line': b'-- Symlinking: /home/yahboom/5550_ros2_ws/install/cartographer_ros_msgs/share/cartographer_ros_msgs/srv/FinishTrajectory.idl\n'}
[36.959998] (cartographer_ros_msgs) StdoutLine: {'line': b'-- Symlinking: /home/yahboom/5550_ros2_ws/install/cartographer_ros_msgs/share/cartographer_ros_msgs/srv/GetTrajectoryStates.idl\n'}
[36.977780] (cartographer_ros_msgs) StdoutLine: {'line': b'-- Symlinking: /home/yahboom/5550_ros2_ws/install/cartographer_ros_msgs/share/cartographer_ros_msgs/srv/ReadMetrics.idl\n'}
[36.993167] (cartographer_ros_msgs) StdoutLine: {'line': b'-- Symlinking: /home/yahboom/5550_ros2_ws/install/cartographer_ros_msgs/share/cartographer_ros_msgs/srv/StartTrajectory.idl\n'}
[37.005774] (-) TimerEvent: {}
[37.009028] (cartographer_ros_msgs) StdoutLine: {'line': b'-- Symlinking: /home/yahboom/5550_ros2_ws/install/cartographer_ros_msgs/share/cartographer_ros_msgs/srv/TrajectoryQuery.idl\n'}
[37.025844] (cartographer_ros_msgs) StdoutLine: {'line': b'-- Symlinking: /home/yahboom/5550_ros2_ws/install/cartographer_ros_msgs/share/cartographer_ros_msgs/srv/SubmapQuery.idl\n'}
[37.042928] (cartographer_ros_msgs) StdoutLine: {'line': b'-- Symlinking: /home/yahboom/5550_ros2_ws/install/cartographer_ros_msgs/share/cartographer_ros_msgs/srv/WriteState.idl\n'}
[37.062573] (cartographer_ros_msgs) StdoutLine: {'line': b'-- Symlinking: /home/yahboom/5550_ros2_ws/install/cartographer_ros_msgs/share/cartographer_ros_msgs/msg/BagfileProgress.msg\n'}
[37.077821] (cartographer_ros_msgs) StdoutLine: {'line': b'-- Symlinking: /home/yahboom/5550_ros2_ws/install/cartographer_ros_msgs/share/cartographer_ros_msgs/msg/HistogramBucket.msg\n'}
[37.096553] (cartographer_ros_msgs) StdoutLine: {'line': b'-- Symlinking: /home/yahboom/5550_ros2_ws/install/cartographer_ros_msgs/share/cartographer_ros_msgs/msg/LandmarkEntry.msg\n'}
[37.105869] (-) TimerEvent: {}
[37.116119] (cartographer_ros_msgs) StdoutLine: {'line': b'-- Symlinking: /home/yahboom/5550_ros2_ws/install/cartographer_ros_msgs/share/cartographer_ros_msgs/msg/LandmarkList.msg\n'}
[37.133234] (cartographer_ros_msgs) StdoutLine: {'line': b'-- Symlinking: /home/yahboom/5550_ros2_ws/install/cartographer_ros_msgs/share/cartographer_ros_msgs/msg/MetricFamily.msg\n'}
[37.152130] (cartographer_ros_msgs) StdoutLine: {'line': b'-- Symlinking: /home/yahboom/5550_ros2_ws/install/cartographer_ros_msgs/share/cartographer_ros_msgs/msg/MetricLabel.msg\n'}
[37.170138] (cartographer_ros_msgs) StdoutLine: {'line': b'-- Symlinking: /home/yahboom/5550_ros2_ws/install/cartographer_ros_msgs/share/cartographer_ros_msgs/msg/Metric.msg\n'}
[37.185084] (cartographer_ros_msgs) StdoutLine: {'line': b'-- Symlinking: /home/yahboom/5550_ros2_ws/install/cartographer_ros_msgs/share/cartographer_ros_msgs/msg/StatusCode.msg\n'}
[37.200080] (cartographer_ros_msgs) StdoutLine: {'line': b'-- Symlinking: /home/yahboom/5550_ros2_ws/install/cartographer_ros_msgs/share/cartographer_ros_msgs/msg/StatusResponse.msg\n'}
[37.205960] (-) TimerEvent: {}
[37.216758] (cartographer_ros_msgs) StdoutLine: {'line': b'-- Symlinking: /home/yahboom/5550_ros2_ws/install/cartographer_ros_msgs/share/cartographer_ros_msgs/msg/SubmapEntry.msg\n'}
[37.236159] (cartographer_ros_msgs) StdoutLine: {'line': b'-- Symlinking: /home/yahboom/5550_ros2_ws/install/cartographer_ros_msgs/share/cartographer_ros_msgs/msg/SubmapList.msg\n'}
[37.251885] (cartographer_ros_msgs) StdoutLine: {'line': b'-- Symlinking: /home/yahboom/5550_ros2_ws/install/cartographer_ros_msgs/share/cartographer_ros_msgs/msg/SubmapTexture.msg\n'}
[37.266628] (cartographer_ros_msgs) StdoutLine: {'line': b'-- Symlinking: /home/yahboom/5550_ros2_ws/install/cartographer_ros_msgs/share/cartographer_ros_msgs/msg/TrajectoryStates.msg\n'}
[37.282770] (cartographer_ros_msgs) StdoutLine: {'line': b'-- Symlinking: /home/yahboom/5550_ros2_ws/install/cartographer_ros_msgs/share/cartographer_ros_msgs/srv/FinishTrajectory.srv\n'}
[37.299846] (cartographer_ros_msgs) StdoutLine: {'line': b'-- Symlinking: /home/yahboom/5550_ros2_ws/install/cartographer_ros_msgs/share/cartographer_ros_msgs/srv/FinishTrajectory_Request.msg\n'}
[37.306061] (-) TimerEvent: {}
[37.318160] (cartographer_ros_msgs) StdoutLine: {'line': b'-- Symlinking: /home/yahboom/5550_ros2_ws/install/cartographer_ros_msgs/share/cartographer_ros_msgs/srv/FinishTrajectory_Response.msg\n'}
[37.334190] (cartographer_ros_msgs) StdoutLine: {'line': b'-- Symlinking: /home/yahboom/5550_ros2_ws/install/cartographer_ros_msgs/share/cartographer_ros_msgs/srv/GetTrajectoryStates.srv\n'}
[37.348466] (cartographer_ros_msgs) StdoutLine: {'line': b'-- Symlinking: /home/yahboom/5550_ros2_ws/install/cartographer_ros_msgs/share/cartographer_ros_msgs/srv/GetTrajectoryStates_Request.msg\n'}
[37.365150] (cartographer_ros_msgs) StdoutLine: {'line': b'-- Symlinking: /home/yahboom/5550_ros2_ws/install/cartographer_ros_msgs/share/cartographer_ros_msgs/srv/GetTrajectoryStates_Response.msg\n'}
[37.379629] (cartographer_ros_msgs) StdoutLine: {'line': b'-- Symlinking: /home/yahboom/5550_ros2_ws/install/cartographer_ros_msgs/share/cartographer_ros_msgs/srv/ReadMetrics.srv\n'}
[37.395324] (cartographer_ros_msgs) StdoutLine: {'line': b'-- Symlinking: /home/yahboom/5550_ros2_ws/install/cartographer_ros_msgs/share/cartographer_ros_msgs/srv/ReadMetrics_Request.msg\n'}
[37.406160] (-) TimerEvent: {}
[37.411242] (cartographer_ros_msgs) StdoutLine: {'line': b'-- Symlinking: /home/yahboom/5550_ros2_ws/install/cartographer_ros_msgs/share/cartographer_ros_msgs/srv/ReadMetrics_Response.msg\n'}
[37.429108] (cartographer_ros_msgs) StdoutLine: {'line': b'-- Symlinking: /home/yahboom/5550_ros2_ws/install/cartographer_ros_msgs/share/cartographer_ros_msgs/srv/StartTrajectory.srv\n'}
[37.445341] (cartographer_ros_msgs) StdoutLine: {'line': b'-- Symlinking: /home/yahboom/5550_ros2_ws/install/cartographer_ros_msgs/share/cartographer_ros_msgs/srv/StartTrajectory_Request.msg\n'}
[37.462147] (cartographer_ros_msgs) StdoutLine: {'line': b'-- Symlinking: /home/yahboom/5550_ros2_ws/install/cartographer_ros_msgs/share/cartographer_ros_msgs/srv/StartTrajectory_Response.msg\n'}
[37.479160] (cartographer_ros_msgs) StdoutLine: {'line': b'-- Symlinking: /home/yahboom/5550_ros2_ws/install/cartographer_ros_msgs/share/cartographer_ros_msgs/srv/TrajectoryQuery.srv\n'}
[37.494981] (cartographer_ros_msgs) StdoutLine: {'line': b'-- Symlinking: /home/yahboom/5550_ros2_ws/install/cartographer_ros_msgs/share/cartographer_ros_msgs/srv/TrajectoryQuery_Request.msg\n'}
[37.506268] (-) TimerEvent: {}
[37.511976] (cartographer_ros_msgs) StdoutLine: {'line': b'-- Symlinking: /home/yahboom/5550_ros2_ws/install/cartographer_ros_msgs/share/cartographer_ros_msgs/srv/TrajectoryQuery_Response.msg\n'}
[37.527845] (cartographer_ros_msgs) StdoutLine: {'line': b'-- Symlinking: /home/yahboom/5550_ros2_ws/install/cartographer_ros_msgs/share/cartographer_ros_msgs/srv/SubmapQuery.srv\n'}
[37.544075] (cartographer_ros_msgs) StdoutLine: {'line': b'-- Symlinking: /home/yahboom/5550_ros2_ws/install/cartographer_ros_msgs/share/cartographer_ros_msgs/srv/SubmapQuery_Request.msg\n'}
[37.562201] (cartographer_ros_msgs) StdoutLine: {'line': b'-- Symlinking: /home/yahboom/5550_ros2_ws/install/cartographer_ros_msgs/share/cartographer_ros_msgs/srv/SubmapQuery_Response.msg\n'}
[37.580156] (cartographer_ros_msgs) StdoutLine: {'line': b'-- Symlinking: /home/yahboom/5550_ros2_ws/install/cartographer_ros_msgs/share/cartographer_ros_msgs/srv/WriteState.srv\n'}
[37.594663] (cartographer_ros_msgs) StdoutLine: {'line': b'-- Symlinking: /home/yahboom/5550_ros2_ws/install/cartographer_ros_msgs/share/cartographer_ros_msgs/srv/WriteState_Request.msg\n'}
[37.606373] (-) TimerEvent: {}
[37.611290] (cartographer_ros_msgs) StdoutLine: {'line': b'-- Symlinking: /home/yahboom/5550_ros2_ws/install/cartographer_ros_msgs/share/cartographer_ros_msgs/srv/WriteState_Response.msg\n'}
[37.628110] (cartographer_ros_msgs) StdoutLine: {'line': b'-- Symlinking: /home/yahboom/5550_ros2_ws/install/cartographer_ros_msgs/share/ament_index/resource_index/package_run_dependencies/cartographer_ros_msgs\n'}
[37.641012] (cartographer_ros_msgs) StdoutLine: {'line': b'-- Symlinking: /home/yahboom/5550_ros2_ws/install/cartographer_ros_msgs/share/ament_index/resource_index/parent_prefix_path/cartographer_ros_msgs\n'}
[37.649328] (cartographer_ros_msgs) StdoutLine: {'line': b'-- Symlinking: /home/yahboom/5550_ros2_ws/install/cartographer_ros_msgs/share/cartographer_ros_msgs/environment/ament_prefix_path.sh\n'}
[37.657199] (cartographer_ros_msgs) StdoutLine: {'line': b'-- Symlinking: /home/yahboom/5550_ros2_ws/install/cartographer_ros_msgs/share/cartographer_ros_msgs/environment/ament_prefix_path.dsv\n'}
[37.665216] (cartographer_ros_msgs) StdoutLine: {'line': b'-- Symlinking: /home/yahboom/5550_ros2_ws/install/cartographer_ros_msgs/share/cartographer_ros_msgs/environment/path.sh\n'}
[37.673062] (cartographer_ros_msgs) StdoutLine: {'line': b'-- Symlinking: /home/yahboom/5550_ros2_ws/install/cartographer_ros_msgs/share/cartographer_ros_msgs/environment/path.dsv\n'}
[37.683806] (cartographer_ros_msgs) StdoutLine: {'line': b'-- Symlinking: /home/yahboom/5550_ros2_ws/install/cartographer_ros_msgs/share/cartographer_ros_msgs/local_setup.bash\n'}
[37.689403] (cartographer_ros_msgs) StdoutLine: {'line': b'-- Symlinking: /home/yahboom/5550_ros2_ws/install/cartographer_ros_msgs/share/cartographer_ros_msgs/local_setup.sh\n'}
[37.697511] (cartographer_ros_msgs) StdoutLine: {'line': b'-- Symlinking: /home/yahboom/5550_ros2_ws/install/cartographer_ros_msgs/share/cartographer_ros_msgs/local_setup.zsh\n'}
[37.705549] (cartographer_ros_msgs) StdoutLine: {'line': b'-- Symlinking: /home/yahboom/5550_ros2_ws/install/cartographer_ros_msgs/share/cartographer_ros_msgs/local_setup.dsv\n'}
[37.706452] (-) TimerEvent: {}
[37.713479] (cartographer_ros_msgs) StdoutLine: {'line': b'-- Symlinking: /home/yahboom/5550_ros2_ws/install/cartographer_ros_msgs/share/cartographer_ros_msgs/package.dsv\n'}
[37.721586] (cartographer_ros_msgs) StdoutLine: {'line': b'-- Symlinking: /home/yahboom/5550_ros2_ws/install/cartographer_ros_msgs/share/ament_index/resource_index/packages/cartographer_ros_msgs\n'}
[37.731811] (cartographer_ros_msgs) StdoutLine: {'line': b'-- Symlinking: /home/yahboom/5550_ros2_ws/install/cartographer_ros_msgs/share/cartographer_ros_msgs/cmake/rosidl_cmake-extras.cmake\n'}
[37.737537] (cartographer_ros_msgs) StdoutLine: {'line': b'-- Symlinking: /home/yahboom/5550_ros2_ws/install/cartographer_ros_msgs/share/cartographer_ros_msgs/cmake/ament_cmake_export_dependencies-extras.cmake\n'}
[37.746005] (cartographer_ros_msgs) StdoutLine: {'line': b'-- Symlinking: /home/yahboom/5550_ros2_ws/install/cartographer_ros_msgs/share/cartographer_ros_msgs/cmake/ament_cmake_export_include_directories-extras.cmake\n'}
[37.753923] (cartographer_ros_msgs) StdoutLine: {'line': b'-- Symlinking: /home/yahboom/5550_ros2_ws/install/cartographer_ros_msgs/share/cartographer_ros_msgs/cmake/ament_cmake_export_libraries-extras.cmake\n'}
[37.761840] (cartographer_ros_msgs) StdoutLine: {'line': b'-- Symlinking: /home/yahboom/5550_ros2_ws/install/cartographer_ros_msgs/share/cartographer_ros_msgs/cmake/ament_cmake_export_targets-extras.cmake\n'}
[37.769575] (cartographer_ros_msgs) StdoutLine: {'line': b'-- Symlinking: /home/yahboom/5550_ros2_ws/install/cartographer_ros_msgs/share/cartographer_ros_msgs/cmake/rosidl_cmake_export_typesupport_targets-extras.cmake\n'}
[37.777548] (cartographer_ros_msgs) StdoutLine: {'line': b'-- Symlinking: /home/yahboom/5550_ros2_ws/install/cartographer_ros_msgs/share/cartographer_ros_msgs/cmake/rosidl_cmake_export_typesupport_libraries-extras.cmake\n'}
[37.785443] (cartographer_ros_msgs) StdoutLine: {'line': b'-- Symlinking: /home/yahboom/5550_ros2_ws/install/cartographer_ros_msgs/share/cartographer_ros_msgs/cmake/cartographer_ros_msgsConfig.cmake\n'}
[37.793174] (cartographer_ros_msgs) StdoutLine: {'line': b'-- Symlinking: /home/yahboom/5550_ros2_ws/install/cartographer_ros_msgs/share/cartographer_ros_msgs/cmake/cartographer_ros_msgsConfig-version.cmake\n'}
[37.801068] (cartographer_ros_msgs) StdoutLine: {'line': b'-- Symlinking: /home/yahboom/5550_ros2_ws/install/cartographer_ros_msgs/share/cartographer_ros_msgs/package.xml\n'}
[37.806766] (-) TimerEvent: {}
[37.809797] (cartographer_ros_msgs) StdoutLine: {'line': b'-- Installing: /home/yahboom/5550_ros2_ws/install/cartographer_ros_msgs/lib/libcartographer_ros_msgs__rosidl_generator_c.so\n'}
[37.809934] (cartographer_ros_msgs) StdoutLine: {'line': b'-- Set runtime path of "/home/yahboom/5550_ros2_ws/install/cartographer_ros_msgs/lib/libcartographer_ros_msgs__rosidl_generator_c.so" to ""\n'}
[37.810030] (cartographer_ros_msgs) StdoutLine: {'line': b'-- Installing: /home/yahboom/5550_ros2_ws/install/cartographer_ros_msgs/lib/libcartographer_ros_msgs__rosidl_typesupport_fastrtps_c.so\n'}
[37.810427] (cartographer_ros_msgs) StdoutLine: {'line': b'-- Set runtime path of "/home/yahboom/5550_ros2_ws/install/cartographer_ros_msgs/lib/libcartographer_ros_msgs__rosidl_typesupport_fastrtps_c.so" to ""\n'}
[37.810538] (cartographer_ros_msgs) StdoutLine: {'line': b'-- Installing: /home/yahboom/5550_ros2_ws/install/cartographer_ros_msgs/lib/libcartographer_ros_msgs__rosidl_typesupport_introspection_c.so\n'}
[37.811324] (cartographer_ros_msgs) StdoutLine: {'line': b'-- Set runtime path of "/home/yahboom/5550_ros2_ws/install/cartographer_ros_msgs/lib/libcartographer_ros_msgs__rosidl_typesupport_introspection_c.so" to ""\n'}
[37.811456] (cartographer_ros_msgs) StdoutLine: {'line': b'-- Installing: /home/yahboom/5550_ros2_ws/install/cartographer_ros_msgs/lib/libcartographer_ros_msgs__rosidl_typesupport_c.so\n'}
[37.811593] (cartographer_ros_msgs) StdoutLine: {'line': b'-- Set runtime path of "/home/yahboom/5550_ros2_ws/install/cartographer_ros_msgs/lib/libcartographer_ros_msgs__rosidl_typesupport_c.so" to ""\n'}
[37.811681] (cartographer_ros_msgs) StdoutLine: {'line': b'-- Installing: /home/yahboom/5550_ros2_ws/install/cartographer_ros_msgs/lib/libcartographer_ros_msgs__rosidl_typesupport_fastrtps_cpp.so\n'}
[37.812614] (cartographer_ros_msgs) StdoutLine: {'line': b'-- Set runtime path of "/home/yahboom/5550_ros2_ws/install/cartographer_ros_msgs/lib/libcartographer_ros_msgs__rosidl_typesupport_fastrtps_cpp.so" to ""\n'}
[37.812738] (cartographer_ros_msgs) StdoutLine: {'line': b'-- Installing: /home/yahboom/5550_ros2_ws/install/cartographer_ros_msgs/lib/libcartographer_ros_msgs__rosidl_typesupport_introspection_cpp.so\n'}
[37.813700] (cartographer_ros_msgs) StdoutLine: {'line': b'-- Set runtime path of "/home/yahboom/5550_ros2_ws/install/cartographer_ros_msgs/lib/libcartographer_ros_msgs__rosidl_typesupport_introspection_cpp.so" to ""\n'}
[37.813821] (cartographer_ros_msgs) StdoutLine: {'line': b'-- Installing: /home/yahboom/5550_ros2_ws/install/cartographer_ros_msgs/lib/libcartographer_ros_msgs__rosidl_typesupport_cpp.so\n'}
[37.814746] (cartographer_ros_msgs) StdoutLine: {'line': b'-- Set runtime path of "/home/yahboom/5550_ros2_ws/install/cartographer_ros_msgs/lib/libcartographer_ros_msgs__rosidl_typesupport_cpp.so" to ""\n'}
[37.906873] (-) TimerEvent: {}
[37.920258] (cartographer_ros_msgs) StdoutLine: {'line': b"Listing '/home/yahboom/5550_ros2_ws/install/cartographer_ros_msgs/local/lib/python3.10/dist-packages/cartographer_ros_msgs'...\n"}
[37.920418] (cartographer_ros_msgs) StdoutLine: {'line': b"Compiling '/home/yahboom/5550_ros2_ws/install/cartographer_ros_msgs/local/lib/python3.10/dist-packages/cartographer_ros_msgs/__init__.py'...\n"}
[37.920484] (cartographer_ros_msgs) StdoutLine: {'line': b"Listing '/home/yahboom/5550_ros2_ws/install/cartographer_ros_msgs/local/lib/python3.10/dist-packages/cartographer_ros_msgs/msg'...\n"}
[37.920539] (cartographer_ros_msgs) StdoutLine: {'line': b"Compiling '/home/yahboom/5550_ros2_ws/install/cartographer_ros_msgs/local/lib/python3.10/dist-packages/cartographer_ros_msgs/msg/__init__.py'...\n"}
[37.920593] (cartographer_ros_msgs) StdoutLine: {'line': b"Compiling '/home/yahboom/5550_ros2_ws/install/cartographer_ros_msgs/local/lib/python3.10/dist-packages/cartographer_ros_msgs/msg/_bagfile_progress.py'...\n"}
[37.920647] (cartographer_ros_msgs) StdoutLine: {'line': b"Compiling '/home/yahboom/5550_ros2_ws/install/cartographer_ros_msgs/local/lib/python3.10/dist-packages/cartographer_ros_msgs/msg/_histogram_bucket.py'...\n"}
[37.920735] (cartographer_ros_msgs) StdoutLine: {'line': b"Compiling '/home/yahboom/5550_ros2_ws/install/cartographer_ros_msgs/local/lib/python3.10/dist-packages/cartographer_ros_msgs/msg/_landmark_entry.py'...\n"}
[37.920793] (cartographer_ros_msgs) StdoutLine: {'line': b"Compiling '/home/yahboom/5550_ros2_ws/install/cartographer_ros_msgs/local/lib/python3.10/dist-packages/cartographer_ros_msgs/msg/_landmark_list.py'...\n"}
[37.920846] (cartographer_ros_msgs) StdoutLine: {'line': b"Compiling '/home/yahboom/5550_ros2_ws/install/cartographer_ros_msgs/local/lib/python3.10/dist-packages/cartographer_ros_msgs/msg/_metric.py'...\n"}
[37.920898] (cartographer_ros_msgs) StdoutLine: {'line': b"Compiling '/home/yahboom/5550_ros2_ws/install/cartographer_ros_msgs/local/lib/python3.10/dist-packages/cartographer_ros_msgs/msg/_metric_family.py'...\n"}
[37.920952] (cartographer_ros_msgs) StdoutLine: {'line': b"Compiling '/home/yahboom/5550_ros2_ws/install/cartographer_ros_msgs/local/lib/python3.10/dist-packages/cartographer_ros_msgs/msg/_metric_label.py'...\n"}
[37.921004] (cartographer_ros_msgs) StdoutLine: {'line': b"Compiling '/home/yahboom/5550_ros2_ws/install/cartographer_ros_msgs/local/lib/python3.10/dist-packages/cartographer_ros_msgs/msg/_status_code.py'...\n"}
[37.921056] (cartographer_ros_msgs) StdoutLine: {'line': b"Compiling '/home/yahboom/5550_ros2_ws/install/cartographer_ros_msgs/local/lib/python3.10/dist-packages/cartographer_ros_msgs/msg/_status_response.py'...\n"}
[37.921109] (cartographer_ros_msgs) StdoutLine: {'line': b"Compiling '/home/yahboom/5550_ros2_ws/install/cartographer_ros_msgs/local/lib/python3.10/dist-packages/cartographer_ros_msgs/msg/_submap_entry.py'...\n"}
[37.921160] (cartographer_ros_msgs) StdoutLine: {'line': b"Compiling '/home/yahboom/5550_ros2_ws/install/cartographer_ros_msgs/local/lib/python3.10/dist-packages/cartographer_ros_msgs/msg/_submap_list.py'...\n"}
[37.921217] (cartographer_ros_msgs) StdoutLine: {'line': b"Compiling '/home/yahboom/5550_ros2_ws/install/cartographer_ros_msgs/local/lib/python3.10/dist-packages/cartographer_ros_msgs/msg/_submap_texture.py'...\n"}
[37.921270] (cartographer_ros_msgs) StdoutLine: {'line': b"Compiling '/home/yahboom/5550_ros2_ws/install/cartographer_ros_msgs/local/lib/python3.10/dist-packages/cartographer_ros_msgs/msg/_trajectory_states.py'...\n"}
[37.921323] (cartographer_ros_msgs) StdoutLine: {'line': b"Listing '/home/yahboom/5550_ros2_ws/install/cartographer_ros_msgs/local/lib/python3.10/dist-packages/cartographer_ros_msgs/srv'...\n"}
[37.921375] (cartographer_ros_msgs) StdoutLine: {'line': b"Compiling '/home/yahboom/5550_ros2_ws/install/cartographer_ros_msgs/local/lib/python3.10/dist-packages/cartographer_ros_msgs/srv/__init__.py'...\n"}
[37.921431] (cartographer_ros_msgs) StdoutLine: {'line': b"Compiling '/home/yahboom/5550_ros2_ws/install/cartographer_ros_msgs/local/lib/python3.10/dist-packages/cartographer_ros_msgs/srv/_finish_trajectory.py'...\n"}
[37.921491] (cartographer_ros_msgs) StdoutLine: {'line': b"Compiling '/home/yahboom/5550_ros2_ws/install/cartographer_ros_msgs/local/lib/python3.10/dist-packages/cartographer_ros_msgs/srv/_get_trajectory_states.py'...\n"}
[37.921544] (cartographer_ros_msgs) StdoutLine: {'line': b"Compiling '/home/yahboom/5550_ros2_ws/install/cartographer_ros_msgs/local/lib/python3.10/dist-packages/cartographer_ros_msgs/srv/_read_metrics.py'...\n"}
[37.921597] (cartographer_ros_msgs) StdoutLine: {'line': b"Compiling '/home/yahboom/5550_ros2_ws/install/cartographer_ros_msgs/local/lib/python3.10/dist-packages/cartographer_ros_msgs/srv/_start_trajectory.py'...\n"}
[37.921648] (cartographer_ros_msgs) StdoutLine: {'line': b"Compiling '/home/yahboom/5550_ros2_ws/install/cartographer_ros_msgs/local/lib/python3.10/dist-packages/cartographer_ros_msgs/srv/_submap_query.py'...\n"}
[37.921701] (cartographer_ros_msgs) StdoutLine: {'line': b"Compiling '/home/yahboom/5550_ros2_ws/install/cartographer_ros_msgs/local/lib/python3.10/dist-packages/cartographer_ros_msgs/srv/_trajectory_query.py'...\n"}
[37.923874] (cartographer_ros_msgs) StdoutLine: {'line': b"Compiling '/home/yahboom/5550_ros2_ws/install/cartographer_ros_msgs/local/lib/python3.10/dist-packages/cartographer_ros_msgs/srv/_write_state.py'...\n"}
[37.930076] (cartographer_ros_msgs) StdoutLine: {'line': b'-- Installing: /home/yahboom/5550_ros2_ws/install/cartographer_ros_msgs/lib/libcartographer_ros_msgs__rosidl_generator_py.so\n'}
[37.936759] (cartographer_ros_msgs) StdoutLine: {'line': b'-- Set runtime path of "/home/yahboom/5550_ros2_ws/install/cartographer_ros_msgs/lib/libcartographer_ros_msgs__rosidl_generator_py.so" to ""\n'}
[37.936903] (cartographer_ros_msgs) StdoutLine: {'line': b'-- Installing: /home/yahboom/5550_ros2_ws/install/cartographer_ros_msgs/share/cartographer_ros_msgs/cmake/export_cartographer_ros_msgs__rosidl_generator_cExport.cmake\n'}
[37.936973] (cartographer_ros_msgs) StdoutLine: {'line': b'-- Installing: /home/yahboom/5550_ros2_ws/install/cartographer_ros_msgs/share/cartographer_ros_msgs/cmake/export_cartographer_ros_msgs__rosidl_generator_cExport-noconfig.cmake\n'}
[37.937034] (cartographer_ros_msgs) StdoutLine: {'line': b'-- Installing: /home/yahboom/5550_ros2_ws/install/cartographer_ros_msgs/share/cartographer_ros_msgs/cmake/export_cartographer_ros_msgs__rosidl_typesupport_fastrtps_cExport.cmake\n'}
[37.937088] (cartographer_ros_msgs) StdoutLine: {'line': b'-- Installing: /home/yahboom/5550_ros2_ws/install/cartographer_ros_msgs/share/cartographer_ros_msgs/cmake/export_cartographer_ros_msgs__rosidl_typesupport_fastrtps_cExport-noconfig.cmake\n'}
[37.937142] (cartographer_ros_msgs) StdoutLine: {'line': b'-- Installing: /home/yahboom/5550_ros2_ws/install/cartographer_ros_msgs/share/cartographer_ros_msgs/cmake/cartographer_ros_msgs__rosidl_typesupport_introspection_cExport.cmake\n'}
[37.937196] (cartographer_ros_msgs) StdoutLine: {'line': b'-- Installing: /home/yahboom/5550_ros2_ws/install/cartographer_ros_msgs/share/cartographer_ros_msgs/cmake/cartographer_ros_msgs__rosidl_typesupport_introspection_cExport-noconfig.cmake\n'}
[37.937249] (cartographer_ros_msgs) StdoutLine: {'line': b'-- Installing: /home/yahboom/5550_ros2_ws/install/cartographer_ros_msgs/share/cartographer_ros_msgs/cmake/cartographer_ros_msgs__rosidl_typesupport_cExport.cmake\n'}
[37.937303] (cartographer_ros_msgs) StdoutLine: {'line': b'-- Installing: /home/yahboom/5550_ros2_ws/install/cartographer_ros_msgs/share/cartographer_ros_msgs/cmake/cartographer_ros_msgs__rosidl_typesupport_cExport-noconfig.cmake\n'}
[37.937355] (cartographer_ros_msgs) StdoutLine: {'line': b'-- Installing: /home/yahboom/5550_ros2_ws/install/cartographer_ros_msgs/share/cartographer_ros_msgs/cmake/export_cartographer_ros_msgs__rosidl_generator_cppExport.cmake\n'}
[37.937409] (cartographer_ros_msgs) StdoutLine: {'line': b'-- Installing: /home/yahboom/5550_ros2_ws/install/cartographer_ros_msgs/share/cartographer_ros_msgs/cmake/export_cartographer_ros_msgs__rosidl_typesupport_fastrtps_cppExport.cmake\n'}
[37.937461] (cartographer_ros_msgs) StdoutLine: {'line': b'-- Installing: /home/yahboom/5550_ros2_ws/install/cartographer_ros_msgs/share/cartographer_ros_msgs/cmake/export_cartographer_ros_msgs__rosidl_typesupport_fastrtps_cppExport-noconfig.cmake\n'}
[37.937512] (cartographer_ros_msgs) StdoutLine: {'line': b'-- Installing: /home/yahboom/5550_ros2_ws/install/cartographer_ros_msgs/share/cartographer_ros_msgs/cmake/cartographer_ros_msgs__rosidl_typesupport_introspection_cppExport.cmake\n'}
[37.937571] (cartographer_ros_msgs) StdoutLine: {'line': b'-- Installing: /home/yahboom/5550_ros2_ws/install/cartographer_ros_msgs/share/cartographer_ros_msgs/cmake/cartographer_ros_msgs__rosidl_typesupport_introspection_cppExport-noconfig.cmake\n'}
[37.937629] (cartographer_ros_msgs) StdoutLine: {'line': b'-- Installing: /home/yahboom/5550_ros2_ws/install/cartographer_ros_msgs/share/cartographer_ros_msgs/cmake/cartographer_ros_msgs__rosidl_typesupport_cppExport.cmake\n'}
[37.937680] (cartographer_ros_msgs) StdoutLine: {'line': b'-- Installing: /home/yahboom/5550_ros2_ws/install/cartographer_ros_msgs/share/cartographer_ros_msgs/cmake/cartographer_ros_msgs__rosidl_typesupport_cppExport-noconfig.cmake\n'}
[37.937745] (cartographer_ros_msgs) StdoutLine: {'line': b'-- Installing: /home/yahboom/5550_ros2_ws/install/cartographer_ros_msgs/share/cartographer_ros_msgs/cmake/export_cartographer_ros_msgs__rosidl_generator_pyExport.cmake\n'}
[37.937800] (cartographer_ros_msgs) StdoutLine: {'line': b'-- Installing: /home/yahboom/5550_ros2_ws/install/cartographer_ros_msgs/share/cartographer_ros_msgs/cmake/export_cartographer_ros_msgs__rosidl_generator_pyExport-noconfig.cmake\n'}
[37.940101] (cartographer_ros_msgs) CommandEnded: {'returncode': 0}
[38.006961] (-) TimerEvent: {}
[38.107287] (-) TimerEvent: {}
[38.207605] (-) TimerEvent: {}
[38.311013] (-) TimerEvent: {}
[38.411976] (-) TimerEvent: {}
[38.512210] (-) TimerEvent: {}
[38.612462] (-) TimerEvent: {}
[38.712728] (-) TimerEvent: {}
[38.812994] (-) TimerEvent: {}
[38.835949] (cartographer) StdoutLine: {'line': b'[ 21%] \x1b[32mBuilding CXX object CMakeFiles/cartographer.dir/cartographer/io/serialization_format_migration.cc.o\x1b[0m\n'}
[38.913081] (-) TimerEvent: {}
[39.013417] (-) TimerEvent: {}
[39.113749] (-) TimerEvent: {}
[39.213975] (-) TimerEvent: {}
[39.260125] (cartographer) StdoutLine: {'line': b'[ 22%] \x1b[32mBuilding CXX object CMakeFiles/cartographer.dir/cartographer/io/submap_painter.cc.o\x1b[0m\n'}
[39.314064] (-) TimerEvent: {}
[39.383754] (cartographer) StdoutLine: {'line': b'[ 22%] \x1b[32mBuilding CXX object CMakeFiles/cartographer.dir/cartographer/io/vertical_range_filtering_points_processor.cc.o\x1b[0m\n'}
[39.414147] (-) TimerEvent: {}
[39.514391] (-) TimerEvent: {}
[39.595363] (cartographer_ros_msgs) JobEnded: {'identifier': 'cartographer_ros_msgs', 'rc': 0}
[39.614481] (-) TimerEvent: {}
[39.714720] (-) TimerEvent: {}
[39.817898] (-) TimerEvent: {}
[39.918196] (-) TimerEvent: {}
[40.018490] (-) TimerEvent: {}
[40.118777] (-) TimerEvent: {}
[40.191274] (cartographer) StdoutLine: {'line': b'[ 22%] \x1b[32mBuilding CXX object CMakeFiles/cartographer.dir/cartographer/io/xray_points_processor.cc.o\x1b[0m\n'}
[40.218884] (-) TimerEvent: {}
[40.319159] (-) TimerEvent: {}
[40.419443] (-) TimerEvent: {}
[40.519747] (-) TimerEvent: {}
[40.620058] (-) TimerEvent: {}
[40.720337] (-) TimerEvent: {}
[40.820614] (-) TimerEvent: {}
[40.922882] (-) TimerEvent: {}
[41.023158] (-) TimerEvent: {}
[41.123434] (-) TimerEvent: {}
[41.223714] (-) TimerEvent: {}
[41.324022] (-) TimerEvent: {}
[41.424299] (-) TimerEvent: {}
[41.524582] (-) TimerEvent: {}
[41.624893] (-) TimerEvent: {}
[41.727769] (-) TimerEvent: {}
[41.828049] (-) TimerEvent: {}
[41.928330] (-) TimerEvent: {}
[42.028618] (-) TimerEvent: {}
[42.128920] (-) TimerEvent: {}
[42.153933] (cartographer) StdoutLine: {'line': b'[ 22%] \x1b[32mBuilding CXX object CMakeFiles/cartographer.dir/cartographer/io/xyz_writing_points_processor.cc.o\x1b[0m\n'}
[42.229027] (-) TimerEvent: {}
[42.329307] (-) TimerEvent: {}
[42.429601] (-) TimerEvent: {}
[42.530009] (-) TimerEvent: {}
[42.630286] (-) TimerEvent: {}
[42.731773] (-) TimerEvent: {}
[42.832053] (-) TimerEvent: {}
[42.932332] (-) TimerEvent: {}
[43.032603] (-) TimerEvent: {}
[43.132891] (-) TimerEvent: {}
[43.233169] (-) TimerEvent: {}
[43.335767] (-) TimerEvent: {}
[43.402405] (cartographer) StdoutLine: {'line': b'[ 23%] \x1b[32mBuilding CXX object CMakeFiles/cartographer.dir/cartographer/mapping/2d/grid_2d.cc.o\x1b[0m\n'}
[43.435880] (-) TimerEvent: {}
[43.536170] (-) TimerEvent: {}
[43.636448] (-) TimerEvent: {}
[43.736725] (-) TimerEvent: {}
[43.837046] (-) TimerEvent: {}
[43.937332] (-) TimerEvent: {}
[44.037619] (-) TimerEvent: {}
[44.120762] (cartographer) StdoutLine: {'line': b'[ 23%] \x1b[32mBuilding CXX object CMakeFiles/cartographer.dir/cartographer/mapping/2d/probability_grid.cc.o\x1b[0m\n'}
[44.137720] (-) TimerEvent: {}
[44.238010] (-) TimerEvent: {}
[44.338295] (-) TimerEvent: {}
[44.340491] (cartographer) StdoutLine: {'line': b'[ 23%] \x1b[32mBuilding CXX object CMakeFiles/cartographer.dir/cartographer/mapping/2d/probability_grid_range_data_inserter_2d.cc.o\x1b[0m\n'}
[44.438406] (-) TimerEvent: {}
[44.538697] (-) TimerEvent: {}
[44.639005] (-) TimerEvent: {}
[44.661903] (cartographer) StdoutLine: {'line': b'[ 23%] \x1b[32mBuilding CXX object CMakeFiles/cartographer.dir/cartographer/mapping/2d/submap_2d.cc.o\x1b[0m\n'}
[44.739112] (-) TimerEvent: {}
[44.839391] (-) TimerEvent: {}
[44.939666] (-) TimerEvent: {}
[45.039959] (-) TimerEvent: {}
[45.140238] (-) TimerEvent: {}
[45.241784] (-) TimerEvent: {}
[45.342057] (-) TimerEvent: {}
[45.442335] (-) TimerEvent: {}
[45.542612] (-) TimerEvent: {}
[45.642904] (-) TimerEvent: {}
[45.744771] (-) TimerEvent: {}
[45.845053] (-) TimerEvent: {}
[45.945329] (-) TimerEvent: {}
[46.045610] (-) TimerEvent: {}
[46.123719] (cartographer) StdoutLine: {'line': b'[ 24%] \x1b[32mBuilding CXX object CMakeFiles/cartographer.dir/cartographer/mapping/3d/range_data_inserter_3d.cc.o\x1b[0m\n'}
[46.145723] (-) TimerEvent: {}
[46.246045] (-) TimerEvent: {}
[46.349268] (-) TimerEvent: {}
[46.449560] (-) TimerEvent: {}
[46.549881] (-) TimerEvent: {}
[46.650170] (-) TimerEvent: {}
[46.750475] (-) TimerEvent: {}
[46.850758] (-) TimerEvent: {}
[46.916145] (cartographer) StdoutLine: {'line': b'[ 24%] \x1b[32mBuilding CXX object CMakeFiles/cartographer.dir/cartographer/mapping/3d/submap_3d.cc.o\x1b[0m\n'}
[46.950879] (-) TimerEvent: {}
[47.051148] (-) TimerEvent: {}
[47.151508] (-) TimerEvent: {}
[47.251913] (-) TimerEvent: {}
[47.352266] (-) TimerEvent: {}
[47.452621] (-) TimerEvent: {}
[47.553012] (-) TimerEvent: {}
[47.633928] (cartographer) StdoutLine: {'line': b'[ 24%] \x1b[32mBuilding CXX object CMakeFiles/cartographer.dir/cartographer/mapping/detect_floors.cc.o\x1b[0m\n'}
[47.653111] (-) TimerEvent: {}
[47.753899] (-) TimerEvent: {}
[47.854246] (-) TimerEvent: {}
[47.956982] (-) TimerEvent: {}
[47.999335] (cartographer) StdoutLine: {'line': b'[ 24%] \x1b[32mBuilding CXX object CMakeFiles/cartographer.dir/cartographer/mapping/imu_tracker.cc.o\x1b[0m\n'}
[48.057090] (-) TimerEvent: {}
[48.157379] (-) TimerEvent: {}
[48.257672] (-) TimerEvent: {}
[48.357983] (-) TimerEvent: {}
[48.458273] (-) TimerEvent: {}
[48.558588] (-) TimerEvent: {}
[48.658983] (-) TimerEvent: {}
[48.759267] (-) TimerEvent: {}
[48.856190] (cartographer) StdoutLine: {'line': b'[ 25%] \x1b[32mBuilding CXX object CMakeFiles/cartographer.dir/cartographer/mapping/internal/2d/local_slam_result_2d.cc.o\x1b[0m\n'}
[48.859348] (-) TimerEvent: {}
[48.959607] (-) TimerEvent: {}
[49.062895] (-) TimerEvent: {}
[49.163194] (-) TimerEvent: {}
[49.263496] (-) TimerEvent: {}
[49.363780] (-) TimerEvent: {}
[49.464074] (-) TimerEvent: {}
[49.564364] (-) TimerEvent: {}
[49.664657] (-) TimerEvent: {}
[49.764974] (-) TimerEvent: {}
[49.865298] (-) TimerEvent: {}
[49.965596] (-) TimerEvent: {}
[50.065910] (-) TimerEvent: {}
[50.166208] (-) TimerEvent: {}
[50.266505] (-) TimerEvent: {}
[50.367912] (-) TimerEvent: {}
[50.447866] (cartographer) StdoutLine: {'line': b'[ 25%] \x1b[32mBuilding CXX object CMakeFiles/cartographer.dir/cartographer/mapping/internal/2d/local_trajectory_builder_2d.cc.o\x1b[0m\n'}
[50.468019] (-) TimerEvent: {}
[50.506307] (cartographer) StdoutLine: {'line': b'[ 25%] \x1b[32mBuilding CXX object CMakeFiles/cartographer.dir/cartographer/mapping/internal/2d/local_trajectory_builder_options_2d.cc.o\x1b[0m\n'}
[50.568131] (-) TimerEvent: {}
[50.669505] (-) TimerEvent: {}
[50.772950] (-) TimerEvent: {}
[50.873332] (-) TimerEvent: {}
[50.973699] (-) TimerEvent: {}
[51.074106] (-) TimerEvent: {}
[51.174399] (-) TimerEvent: {}
[51.274691] (-) TimerEvent: {}
[51.375005] (-) TimerEvent: {}
[51.475319] (-) TimerEvent: {}
[51.575618] (-) TimerEvent: {}
[51.675923] (-) TimerEvent: {}
[51.776215] (-) TimerEvent: {}
[51.876506] (-) TimerEvent: {}
[51.976787] (-) TimerEvent: {}
[52.077926] (-) TimerEvent: {}
[52.087225] (cartographer) StdoutLine: {'line': b'[ 25%] \x1b[32mBuilding CXX object CMakeFiles/cartographer.dir/cartographer/mapping/internal/2d/normal_estimation_2d.cc.o\x1b[0m\n'}
[52.178041] (-) TimerEvent: {}
[52.278348] (-) TimerEvent: {}
[52.381954] (-) TimerEvent: {}
[52.482283] (-) TimerEvent: {}
[52.582612] (-) TimerEvent: {}
[52.682952] (-) TimerEvent: {}
[52.783249] (-) TimerEvent: {}
[52.883559] (-) TimerEvent: {}
[52.902424] (cartographer) StdoutLine: {'line': b'[ 26%] \x1b[32mBuilding CXX object CMakeFiles/cartographer.dir/cartographer/mapping/internal/2d/overlapping_submaps_trimmer_2d.cc.o\x1b[0m\n'}
[52.983670] (-) TimerEvent: {}
[53.083982] (-) TimerEvent: {}
[53.184271] (-) TimerEvent: {}
[53.284591] (-) TimerEvent: {}
[53.376487] (cartographer) StdoutLine: {'line': b'[ 26%] \x1b[32mBuilding CXX object CMakeFiles/cartographer.dir/cartographer/mapping/internal/2d/pose_graph_2d.cc.o\x1b[0m\n'}
[53.389754] (-) TimerEvent: {}
[53.490123] (-) TimerEvent: {}
[53.590499] (-) TimerEvent: {}
[53.690889] (-) TimerEvent: {}
[53.791267] (-) TimerEvent: {}
[53.891653] (-) TimerEvent: {}
[53.991981] (-) TimerEvent: {}
[54.092278] (-) TimerEvent: {}
[54.192574] (-) TimerEvent: {}
[54.292890] (-) TimerEvent: {}
[54.393188] (-) TimerEvent: {}
[54.493499] (-) TimerEvent: {}
[54.593772] (-) TimerEvent: {}
[54.641759] (cartographer) StdoutLine: {'line': b'[ 26%] \x1b[32mBuilding CXX object CMakeFiles/cartographer.dir/cartographer/mapping/internal/2d/ray_to_pixel_mask.cc.o\x1b[0m\n'}
[54.693887] (-) TimerEvent: {}
[54.794185] (-) TimerEvent: {}
[54.894469] (-) TimerEvent: {}
[54.994773] (-) TimerEvent: {}
[55.032233] (cartographer) StdoutLine: {'line': b'[ 27%] \x1b[32mBuilding CXX object CMakeFiles/cartographer.dir/cartographer/mapping/internal/2d/scan_matching/ceres_scan_matcher_2d.cc.o\x1b[0m\n'}
[55.094883] (-) TimerEvent: {}
[55.196512] (-) TimerEvent: {}
[55.296781] (-) TimerEvent: {}
[55.397083] (-) TimerEvent: {}
[55.497390] (-) TimerEvent: {}
[55.597697] (-) TimerEvent: {}
[55.699903] (-) TimerEvent: {}
[55.800214] (-) TimerEvent: {}
[55.900520] (-) TimerEvent: {}
[56.000880] (-) TimerEvent: {}
[56.101181] (-) TimerEvent: {}
[56.201507] (-) TimerEvent: {}
[56.301784] (-) TimerEvent: {}
[56.402089] (-) TimerEvent: {}
[56.504915] (-) TimerEvent: {}
[56.605216] (-) TimerEvent: {}
[56.705537] (-) TimerEvent: {}
[56.804754] (cartographer) StdoutLine: {'line': b'[ 27%] \x1b[32mBuilding CXX object CMakeFiles/cartographer.dir/cartographer/mapping/internal/2d/scan_matching/correlative_scan_matcher_2d.cc.o\x1b[0m\n'}
[56.805609] (-) TimerEvent: {}
[56.905881] (-) TimerEvent: {}
[56.962825] (cartographer) StdoutLine: {'line': b'[ 27%] \x1b[32mBuilding CXX object CMakeFiles/cartographer.dir/cartographer/mapping/internal/2d/scan_matching/fast_correlative_scan_matcher_2d.cc.o\x1b[0m\n'}
[57.005994] (-) TimerEvent: {}
[57.106276] (-) TimerEvent: {}
[57.206555] (-) TimerEvent: {}
[57.306884] (-) TimerEvent: {}
[57.407175] (-) TimerEvent: {}
[57.507463] (-) TimerEvent: {}
[57.607748] (-) TimerEvent: {}
[57.708081] (-) TimerEvent: {}
[57.795027] (cartographer) StdoutLine: {'line': b'[ 27%] \x1b[32mBuilding CXX object CMakeFiles/cartographer.dir/cartographer/mapping/internal/2d/scan_matching/occupied_space_cost_function_2d.cc.o\x1b[0m\n'}
[57.808188] (-) TimerEvent: {}
[57.908553] (-) TimerEvent: {}
[58.008970] (-) TimerEvent: {}
[58.110961] (-) TimerEvent: {}
[58.211346] (-) TimerEvent: {}
[58.311721] (-) TimerEvent: {}
[58.412118] (-) TimerEvent: {}
[58.512493] (-) TimerEvent: {}
[58.612893] (-) TimerEvent: {}
[58.713267] (-) TimerEvent: {}
[58.815922] (-) TimerEvent: {}
[58.916298] (-) TimerEvent: {}
[59.016698] (-) TimerEvent: {}
[59.117075] (-) TimerEvent: {}
[59.217447] (-) TimerEvent: {}
[59.317786] (-) TimerEvent: {}
[59.418069] (-) TimerEvent: {}
[59.518540] (-) TimerEvent: {}
[59.618896] (-) TimerEvent: {}
[59.721770] (-) TimerEvent: {}
[59.822077] (-) TimerEvent: {}
[59.891570] (cartographer) StdoutLine: {'line': b'[ 28%] \x1b[32mBuilding CXX object CMakeFiles/cartographer.dir/cartographer/mapping/internal/2d/scan_matching/real_time_correlative_scan_matcher_2d.cc.o\x1b[0m\n'}
[59.922187] (-) TimerEvent: {}
[60.022551] (-) TimerEvent: {}
[60.122881] (-) TimerEvent: {}
[60.223175] (-) TimerEvent: {}
[60.303126] (cartographer) StdoutLine: {'line': b'[ 28%] \x1b[32mBuilding CXX object CMakeFiles/cartographer.dir/cartographer/mapping/internal/2d/scan_matching/tsdf_match_cost_function_2d.cc.o\x1b[0m\n'}
[60.323282] (-) TimerEvent: {}
[60.423570] (-) TimerEvent: {}
[60.523890] (-) TimerEvent: {}
[60.624208] (-) TimerEvent: {}
[60.724501] (-) TimerEvent: {}
[60.824775] (-) TimerEvent: {}
[60.926903] (-) TimerEvent: {}
[61.027216] (-) TimerEvent: {}
[61.127506] (-) TimerEvent: {}
[61.227783] (-) TimerEvent: {}
[61.328074] (-) TimerEvent: {}
[61.428369] (-) TimerEvent: {}
[61.528675] (-) TimerEvent: {}
[61.628996] (-) TimerEvent: {}
[61.722821] (cartographer) StdoutLine: {'line': b'[ 28%] \x1b[32mBuilding CXX object CMakeFiles/cartographer.dir/cartographer/mapping/internal/2d/tsd_value_converter.cc.o\x1b[0m\n'}
[61.729084] (-) TimerEvent: {}
[61.829361] (-) TimerEvent: {}
[61.882003] (cartographer) StdoutLine: {'line': b'[ 28%] \x1b[32mBuilding CXX object CMakeFiles/cartographer.dir/cartographer/mapping/internal/2d/tsdf_2d.cc.o\x1b[0m\n'}
[61.929474] (-) TimerEvent: {}
[62.029796] (-) TimerEvent: {}
[62.130901] (-) TimerEvent: {}
[62.231204] (-) TimerEvent: {}
[62.331507] (-) TimerEvent: {}
[62.434786] (-) TimerEvent: {}
[62.535084] (-) TimerEvent: {}
[62.635376] (-) TimerEvent: {}
[62.701787] (cartographer) StdoutLine: {'line': b'[ 29%] \x1b[32mBuilding CXX object CMakeFiles/cartographer.dir/cartographer/mapping/internal/2d/tsdf_range_data_inserter_2d.cc.o\x1b[0m\n'}
[62.735490] (-) TimerEvent: {}
[62.835783] (-) TimerEvent: {}
[62.936070] (-) TimerEvent: {}
[63.036355] (-) TimerEvent: {}
[63.136631] (-) TimerEvent: {}
[63.236931] (-) TimerEvent: {}
[63.337211] (-) TimerEvent: {}
[63.437496] (-) TimerEvent: {}
[63.537780] (-) TimerEvent: {}
[63.606117] (cartographer) StdoutLine: {'line': b'[ 29%] \x1b[32mBuilding CXX object CMakeFiles/cartographer.dir/cartographer/mapping/internal/3d/local_slam_result_3d.cc.o\x1b[0m\n'}
[63.637887] (-) TimerEvent: {}
[63.738251] (-) TimerEvent: {}
[63.838623] (-) TimerEvent: {}
[63.905792] (cartographer) StdoutLine: {'line': b'[ 29%] \x1b[32mBuilding CXX object CMakeFiles/cartographer.dir/cartographer/mapping/internal/3d/local_trajectory_builder_3d.cc.o\x1b[0m\n'}
[63.938736] (-) TimerEvent: {}
[64.039881] (-) TimerEvent: {}
[64.140192] (-) TimerEvent: {}
[64.240498] (-) TimerEvent: {}
[64.341877] (-) TimerEvent: {}
[64.442176] (-) TimerEvent: {}
[64.542474] (-) TimerEvent: {}
[64.642772] (-) TimerEvent: {}
[64.743066] (-) TimerEvent: {}
[64.845903] (-) TimerEvent: {}
[64.946227] (-) TimerEvent: {}
[65.046523] (-) TimerEvent: {}
[65.146777] (-) TimerEvent: {}
[65.247079] (-) TimerEvent: {}
[65.347377] (-) TimerEvent: {}
[65.447679] (-) TimerEvent: {}
[65.547999] (-) TimerEvent: {}
[65.648290] (-) TimerEvent: {}
[65.748581] (-) TimerEvent: {}
[65.850903] (-) TimerEvent: {}
[65.880354] (cartographer) StdoutLine: {'line': b'[ 29%] \x1b[32mBuilding CXX object CMakeFiles/cartographer.dir/cartographer/mapping/internal/3d/local_trajectory_builder_options_3d.cc.o\x1b[0m\n'}
[65.888128] (cartographer) StdoutLine: {'line': b'[ 30%] \x1b[32mBuilding CXX object CMakeFiles/cartographer.dir/cartographer/mapping/internal/3d/pose_graph_3d.cc.o\x1b[0m\n'}
[65.951024] (-) TimerEvent: {}
[66.051340] (-) TimerEvent: {}
[66.151665] (-) TimerEvent: {}
[66.252017] (-) TimerEvent: {}
[66.354777] (-) TimerEvent: {}
[66.455101] (-) TimerEvent: {}
[66.555422] (-) TimerEvent: {}
[66.655735] (-) TimerEvent: {}
[66.756061] (-) TimerEvent: {}
[66.856383] (-) TimerEvent: {}
[66.956712] (-) TimerEvent: {}
[67.057054] (-) TimerEvent: {}
[67.157362] (-) TimerEvent: {}
[67.257679] (-) TimerEvent: {}
[67.359939] (-) TimerEvent: {}
[67.460278] (-) TimerEvent: {}
[67.560623] (-) TimerEvent: {}
[67.660978] (-) TimerEvent: {}
[67.761282] (-) TimerEvent: {}
[67.861612] (-) TimerEvent: {}
[67.961943] (-) TimerEvent: {}
[68.054489] (cartographer) StdoutLine: {'line': b'[ 30%] \x1b[32mBuilding CXX object CMakeFiles/cartographer.dir/cartographer/mapping/internal/3d/scan_matching/ceres_scan_matcher_3d.cc.o\x1b[0m\n'}
[68.062043] (-) TimerEvent: {}
[68.162417] (-) TimerEvent: {}
[68.262786] (-) TimerEvent: {}
[68.363191] (-) TimerEvent: {}
[68.463476] (-) TimerEvent: {}
[68.563899] (-) TimerEvent: {}
[68.664292] (-) TimerEvent: {}
[68.764598] (-) TimerEvent: {}
[68.864924] (-) TimerEvent: {}
[68.901199] (cartographer) StdoutLine: {'line': b'[ 30%] \x1b[32mBuilding CXX object CMakeFiles/cartographer.dir/cartographer/mapping/internal/3d/scan_matching/fast_correlative_scan_matcher_3d.cc.o\x1b[0m\n'}
[68.967777] (-) TimerEvent: {}
[69.068090] (-) TimerEvent: {}
[69.071191] (cartographer) StdoutLine: {'line': b'[ 30%] \x1b[32mBuilding CXX object CMakeFiles/cartographer.dir/cartographer/mapping/internal/3d/scan_matching/intensity_cost_function_3d.cc.o\x1b[0m\n'}
[69.168206] (-) TimerEvent: {}
[69.268535] (-) TimerEvent: {}
[69.368878] (-) TimerEvent: {}
[69.469179] (-) TimerEvent: {}
[69.569479] (-) TimerEvent: {}
[69.669783] (-) TimerEvent: {}
[69.770075] (-) TimerEvent: {}
[69.870373] (-) TimerEvent: {}
[69.970677] (-) TimerEvent: {}
[70.071909] (-) TimerEvent: {}
[70.172227] (-) TimerEvent: {}
[70.272547] (-) TimerEvent: {}
[70.375910] (-) TimerEvent: {}
[70.476215] (-) TimerEvent: {}
[70.576533] (-) TimerEvent: {}
[70.676892] (-) TimerEvent: {}
[70.777223] (-) TimerEvent: {}
[70.877536] (-) TimerEvent: {}
[70.977895] (-) TimerEvent: {}
[71.078216] (-) TimerEvent: {}
[71.178528] (-) TimerEvent: {}
[71.278881] (-) TimerEvent: {}
[71.379205] (-) TimerEvent: {}
[71.479558] (-) TimerEvent: {}
[71.581901] (-) TimerEvent: {}
[71.682200] (-) TimerEvent: {}
[71.782494] (-) TimerEvent: {}
[71.882780] (-) TimerEvent: {}
[71.983123] (-) TimerEvent: {}
[72.083430] (-) TimerEvent: {}
[72.183734] (-) TimerEvent: {}
[72.284898] (-) TimerEvent: {}
[72.385185] (-) TimerEvent: {}
[72.485484] (-) TimerEvent: {}
[72.585775] (-) TimerEvent: {}
[72.688905] (-) TimerEvent: {}
[72.789202] (-) TimerEvent: {}
[72.889509] (-) TimerEvent: {}
[72.989779] (-) TimerEvent: {}
[73.090080] (-) TimerEvent: {}
[73.190373] (-) TimerEvent: {}
[73.223645] (cartographer) StdoutLine: {'line': b'[ 31%] \x1b[32mBuilding CXX object CMakeFiles/cartographer.dir/cartographer/mapping/internal/3d/scan_matching/low_resolution_matcher.cc.o\x1b[0m\n'}
[73.246409] (cartographer) StdoutLine: {'line': b'[ 31%] \x1b[32mBuilding CXX object CMakeFiles/cartographer.dir/cartographer/mapping/internal/3d/scan_matching/precomputation_grid_3d.cc.o\x1b[0m\n'}
[73.290485] (-) TimerEvent: {}
[73.390876] (-) TimerEvent: {}
[73.441595] (cartographer) StdoutLine: {'line': b'[ 31%] \x1b[32mBuilding CXX object CMakeFiles/cartographer.dir/cartographer/mapping/internal/3d/scan_matching/real_time_correlative_scan_matcher_3d.cc.o\x1b[0m\n'}
[73.491137] (-) TimerEvent: {}
[73.591547] (-) TimerEvent: {}
[73.694875] (-) TimerEvent: {}
[73.795149] (-) TimerEvent: {}
[73.895446] (-) TimerEvent: {}
[73.995729] (-) TimerEvent: {}
[74.096032] (-) TimerEvent: {}
[74.196412] (-) TimerEvent: {}
[74.296694] (-) TimerEvent: {}
[74.397007] (-) TimerEvent: {}
[74.497284] (-) TimerEvent: {}
[74.597568] (-) TimerEvent: {}
[74.612820] (cartographer) StdoutLine: {'line': b'[ 31%] \x1b[32mBuilding CXX object CMakeFiles/cartographer.dir/cartographer/mapping/internal/3d/scan_matching/rotational_scan_matcher.cc.o\x1b[0m\n'}
[74.697678] (-) TimerEvent: {}
[74.797987] (-) TimerEvent: {}
[74.898276] (-) TimerEvent: {}
[74.998561] (-) TimerEvent: {}
[75.098903] (-) TimerEvent: {}
[75.199194] (-) TimerEvent: {}
[75.301905] (-) TimerEvent: {}
[75.402214] (-) TimerEvent: {}
[75.502527] (-) TimerEvent: {}
[75.602879] (-) TimerEvent: {}
[75.703166] (-) TimerEvent: {}
[75.803438] (-) TimerEvent: {}
[75.903719] (-) TimerEvent: {}
[76.004016] (-) TimerEvent: {}
[76.104294] (-) TimerEvent: {}
[76.197046] (cartographer) StdoutLine: {'line': b'[ 32%] \x1b[32mBuilding CXX object CMakeFiles/cartographer.dir/cartographer/mapping/internal/collated_trajectory_builder.cc.o\x1b[0m\n'}
[76.204395] (-) TimerEvent: {}
[76.222702] (cartographer) StdoutLine: {'line': b'[ 32%] \x1b[32mBuilding CXX object CMakeFiles/cartographer.dir/cartographer/mapping/internal/connected_components.cc.o\x1b[0m\n'}
[76.304507] (-) TimerEvent: {}
[76.404775] (-) TimerEvent: {}
[76.505154] (-) TimerEvent: {}
[76.605497] (-) TimerEvent: {}
[76.621982] (cartographer) StdoutLine: {'line': b'[ 32%] \x1b[32mBuilding CXX object CMakeFiles/cartographer.dir/cartographer/mapping/internal/constraints/constraint_builder.cc.o\x1b[0m\n'}
[76.705605] (-) TimerEvent: {}
[76.805915] (-) TimerEvent: {}
[76.906211] (-) TimerEvent: {}
[77.006488] (-) TimerEvent: {}
[77.106786] (-) TimerEvent: {}
[77.207059] (-) TimerEvent: {}
[77.309772] (-) TimerEvent: {}
[77.410055] (-) TimerEvent: {}
[77.469436] (cartographer) StdoutLine: {'line': b'[ 32%] \x1b[32mBuilding CXX object CMakeFiles/cartographer.dir/cartographer/mapping/internal/constraints/constraint_builder_2d.cc.o\x1b[0m\n'}
[77.510178] (-) TimerEvent: {}
[77.610455] (-) TimerEvent: {}
[77.710734] (-) TimerEvent: {}
[77.811026] (-) TimerEvent: {}
[77.911302] (-) TimerEvent: {}
[78.011583] (-) TimerEvent: {}
[78.111913] (-) TimerEvent: {}
[78.212190] (-) TimerEvent: {}
[78.313774] (-) TimerEvent: {}
[78.414052] (-) TimerEvent: {}
[78.514341] (-) TimerEvent: {}
[78.614641] (-) TimerEvent: {}
[78.714957] (-) TimerEvent: {}
[78.815878] (-) TimerEvent: {}
[78.916156] (-) TimerEvent: {}
[79.016442] (-) TimerEvent: {}
[79.118822] (-) TimerEvent: {}
[79.219112] (-) TimerEvent: {}
[79.319408] (-) TimerEvent: {}
[79.419692] (-) TimerEvent: {}
[79.520018] (-) TimerEvent: {}
[79.605934] (cartographer) StdoutLine: {'line': b'[ 33%] \x1b[32mBuilding CXX object CMakeFiles/cartographer.dir/cartographer/mapping/internal/constraints/constraint_builder_3d.cc.o\x1b[0m\n'}
[79.620123] (-) TimerEvent: {}
[79.720561] (-) TimerEvent: {}
[79.740688] (cartographer) StdoutLine: {'line': b'[ 33%] \x1b[32mBuilding CXX object CMakeFiles/cartographer.dir/cartographer/mapping/internal/eigen_quaterniond_from_two_vectors.cc.o\x1b[0m\n'}
[79.820667] (-) TimerEvent: {}
[79.923881] (-) TimerEvent: {}
[79.978867] (cartographer) StdoutLine: {'line': b'[ 33%] \x1b[32mBuilding CXX object CMakeFiles/cartographer.dir/cartographer/mapping/internal/global_trajectory_builder.cc.o\x1b[0m\n'}
[80.023986] (-) TimerEvent: {}
[80.124326] (-) TimerEvent: {}
[80.224680] (-) TimerEvent: {}
[80.325043] (-) TimerEvent: {}
[80.425419] (-) TimerEvent: {}
[80.525775] (-) TimerEvent: {}
[80.626126] (-) TimerEvent: {}
[80.726408] (-) TimerEvent: {}
[80.826693] (-) TimerEvent: {}
[80.927772] (-) TimerEvent: {}
[81.028050] (-) TimerEvent: {}
[81.128362] (-) TimerEvent: {}
[81.228643] (-) TimerEvent: {}
[81.329769] (-) TimerEvent: {}
[81.430071] (-) TimerEvent: {}
[81.530362] (-) TimerEvent: {}
[81.631902] (-) TimerEvent: {}
[81.732198] (-) TimerEvent: {}
[81.832476] (-) TimerEvent: {}
[81.932778] (-) TimerEvent: {}
[81.960771] (cartographer) StdoutLine: {'line': b'[ 33%] \x1b[32mBuilding CXX object CMakeFiles/cartographer.dir/cartographer/mapping/internal/imu_based_pose_extrapolator.cc.o\x1b[0m\n'}
[82.035770] (-) TimerEvent: {}
[82.136067] (-) TimerEvent: {}
[82.236361] (-) TimerEvent: {}
[82.336655] (-) TimerEvent: {}
[82.436982] (-) TimerEvent: {}
[82.537282] (-) TimerEvent: {}
[82.637583] (-) TimerEvent: {}
[82.737974] (-) TimerEvent: {}
[82.838349] (-) TimerEvent: {}
[82.938734] (-) TimerEvent: {}
[83.039137] (-) TimerEvent: {}
[83.139515] (-) TimerEvent: {}
[83.239912] (-) TimerEvent: {}
[83.342957] (-) TimerEvent: {}
[83.443402] (-) TimerEvent: {}
[83.543783] (-) TimerEvent: {}
[83.644177] (-) TimerEvent: {}
[83.744561] (-) TimerEvent: {}
[83.844960] (-) TimerEvent: {}
[83.945363] (-) TimerEvent: {}
[84.045746] (-) TimerEvent: {}
[84.146124] (-) TimerEvent: {}
[84.246497] (-) TimerEvent: {}
[84.348949] (-) TimerEvent: {}
[84.449323] (-) TimerEvent: {}
[84.455834] (cartographer) StdoutLine: {'line': b'[ 34%] \x1b[32mBuilding CXX object CMakeFiles/cartographer.dir/cartographer/mapping/internal/motion_filter.cc.o\x1b[0m\n'}
[84.548975] (cartographer) StdoutLine: {'line': b'[ 34%] \x1b[32mBuilding CXX object CMakeFiles/cartographer.dir/cartographer/mapping/internal/optimization/ceres_pose.cc.o\x1b[0m\n'}
[84.549388] (-) TimerEvent: {}
[84.649706] (-) TimerEvent: {}
[84.750091] (-) TimerEvent: {}
[84.850497] (-) TimerEvent: {}
[84.950892] (-) TimerEvent: {}
[85.051910] (-) TimerEvent: {}
[85.101092] (cartographer) StdoutLine: {'line': b'[ 34%] \x1b[32mBuilding CXX object CMakeFiles/cartographer.dir/cartographer/mapping/internal/optimization/cost_functions/spa_cost_function_2d.cc.o\x1b[0m\n'}
[85.152019] (-) TimerEvent: {}
[85.253896] (-) TimerEvent: {}
[85.354256] (-) TimerEvent: {}
[85.454612] (-) TimerEvent: {}
[85.554988] (-) TimerEvent: {}
[85.655335] (-) TimerEvent: {}
[85.755675] (-) TimerEvent: {}
[85.858875] (-) TimerEvent: {}
[85.959206] (-) TimerEvent: {}
[86.059569] (-) TimerEvent: {}
[86.159954] (-) TimerEvent: {}
[86.260292] (-) TimerEvent: {}
[86.360638] (-) TimerEvent: {}
[86.461026] (-) TimerEvent: {}
[86.503381] (cartographer) StdoutLine: {'line': b'[ 34%] \x1b[32mBuilding CXX object CMakeFiles/cartographer.dir/cartographer/mapping/internal/optimization/optimization_problem_2d.cc.o\x1b[0m\n'}
[86.561133] (-) TimerEvent: {}
[86.661502] (-) TimerEvent: {}
[86.761877] (-) TimerEvent: {}
[86.862246] (-) TimerEvent: {}
[86.961752] (cartographer) StdoutLine: {'line': b'[ 35%] \x1b[32mBuilding CXX object CMakeFiles/cartographer.dir/cartographer/mapping/internal/optimization/optimization_problem_3d.cc.o\x1b[0m\n'}
[86.962314] (-) TimerEvent: {}
[87.062629] (-) TimerEvent: {}
[87.163014] (-) TimerEvent: {}
[87.264954] (-) TimerEvent: {}
[87.365341] (-) TimerEvent: {}
[87.465717] (-) TimerEvent: {}
[87.566916] (-) TimerEvent: {}
[87.667303] (-) TimerEvent: {}
[87.767661] (-) TimerEvent: {}
[87.869937] (-) TimerEvent: {}
[87.970303] (-) TimerEvent: {}
[88.070733] (-) TimerEvent: {}
[88.171116] (-) TimerEvent: {}
[88.221174] (cartographer) StdoutLine: {'line': b'[ 35%] \x1b[32mBuilding CXX object CMakeFiles/cartographer.dir/cartographer/mapping/internal/optimization/optimization_problem_options.cc.o\x1b[0m\n'}
[88.271232] (-) TimerEvent: {}
[88.371629] (-) TimerEvent: {}
[88.474962] (-) TimerEvent: {}
[88.575259] (-) TimerEvent: {}
[88.675549] (-) TimerEvent: {}
[88.775879] (-) TimerEvent: {}
[88.876177] (-) TimerEvent: {}
[88.976555] (-) TimerEvent: {}
[89.076945] (-) TimerEvent: {}
[89.177333] (-) TimerEvent: {}
[89.277711] (-) TimerEvent: {}
[89.378101] (-) TimerEvent: {}
[89.478490] (-) TimerEvent: {}
[89.578893] (-) TimerEvent: {}
[89.681967] (-) TimerEvent: {}
[89.782349] (-) TimerEvent: {}
[89.882736] (-) TimerEvent: {}
[89.983130] (-) TimerEvent: {}
[90.083532] (-) TimerEvent: {}
[90.183944] (-) TimerEvent: {}
[90.247496] (cartographer) StdoutLine: {'line': b'[ 35%] \x1b[32mBuilding CXX object CMakeFiles/cartographer.dir/cartographer/mapping/internal/range_data_collator.cc.o\x1b[0m\n'}
[90.284054] (-) TimerEvent: {}
[90.318821] (cartographer) StdoutLine: {'line': b'[ 36%] \x1b[32mBuilding CXX object CMakeFiles/cartographer.dir/cartographer/mapping/internal/scan_matching/real_time_correlative_scan_matcher.cc.o\x1b[0m\n'}
[90.384161] (-) TimerEvent: {}
[90.484538] (-) TimerEvent: {}
[90.587935] (-) TimerEvent: {}
[90.688317] (-) TimerEvent: {}
[90.788724] (-) TimerEvent: {}
[90.889154] (-) TimerEvent: {}
[90.989537] (-) TimerEvent: {}
[91.089779] (-) TimerEvent: {}
[91.190101] (-) TimerEvent: {}
[91.290401] (-) TimerEvent: {}
[91.390781] (-) TimerEvent: {}
[91.491161] (-) TimerEvent: {}
[91.591551] (-) TimerEvent: {}
[91.691941] (-) TimerEvent: {}
[91.712776] (cartographer) StdoutLine: {'line': b'[ 36%] \x1b[32mBuilding CXX object CMakeFiles/cartographer.dir/cartographer/mapping/internal/submap_controller.cc.o\x1b[0m\n'}
[91.792033] (-) TimerEvent: {}
[91.892401] (-) TimerEvent: {}
[91.992780] (-) TimerEvent: {}
[92.093156] (-) TimerEvent: {}
[92.193541] (-) TimerEvent: {}
[92.293898] (-) TimerEvent: {}
[92.394254] (-) TimerEvent: {}
[92.495876] (-) TimerEvent: {}
[92.596244] (-) TimerEvent: {}
[92.696534] (-) TimerEvent: {}
[92.796881] (-) TimerEvent: {}
[92.897222] (-) TimerEvent: {}
[92.999771] (-) TimerEvent: {}
[93.100050] (-) TimerEvent: {}
[93.200341] (-) TimerEvent: {}
[93.300622] (-) TimerEvent: {}
[93.391307] (cartographer) StdoutLine: {'line': b'[ 36%] \x1b[32mBuilding CXX object CMakeFiles/cartographer.dir/cartographer/mapping/internal/trajectory_connectivity_state.cc.o\x1b[0m\n'}
[93.400730] (-) TimerEvent: {}
[93.445763] (cartographer) StdoutLine: {'line': b'[ 36%] \x1b[32mBuilding CXX object CMakeFiles/cartographer.dir/cartographer/mapping/map_builder.cc.o\x1b[0m\n'}
[93.500875] (-) TimerEvent: {}
[93.601258] (-) TimerEvent: {}
[93.701784] (-) TimerEvent: {}
[93.803884] (-) TimerEvent: {}
[93.904182] (-) TimerEvent: {}
[94.004472] (-) TimerEvent: {}
[94.104788] (-) TimerEvent: {}
[94.205081] (-) TimerEvent: {}
[94.305376] (-) TimerEvent: {}
[94.405669] (-) TimerEvent: {}
[94.505978] (-) TimerEvent: {}
[94.606878] (-) TimerEvent: {}
[94.707171] (-) TimerEvent: {}
[94.809771] (-) TimerEvent: {}
[94.812430] (cartographer) StdoutLine: {'line': b'[ 37%] \x1b[32mBuilding CXX object CMakeFiles/cartographer.dir/cartographer/mapping/map_builder_interface.cc.o\x1b[0m\n'}
[94.909882] (-) TimerEvent: {}
[95.010202] (-) TimerEvent: {}
[95.110490] (-) TimerEvent: {}
[95.210784] (-) TimerEvent: {}
[95.311072] (-) TimerEvent: {}
[95.411366] (-) TimerEvent: {}
[95.511665] (-) TimerEvent: {}
[95.611973] (-) TimerEvent: {}
[95.712254] (-) TimerEvent: {}
[95.813234] (-) TimerEvent: {}
[95.915903] (-) TimerEvent: {}
[96.016195] (-) TimerEvent: {}
[96.116493] (-) TimerEvent: {}
[96.216876] (-) TimerEvent: {}
[96.317173] (-) TimerEvent: {}
[96.378794] (cartographer) StdoutLine: {'line': b'[ 37%] \x1b[32mBuilding CXX object CMakeFiles/cartographer.dir/cartographer/mapping/pose_extrapolator.cc.o\x1b[0m\n'}
[96.417291] (-) TimerEvent: {}
[96.517698] (-) TimerEvent: {}
[96.618124] (-) TimerEvent: {}
[96.719946] (-) TimerEvent: {}
[96.820327] (-) TimerEvent: {}
[96.827949] (cartographer) StderrLine: {'line': b'\x1b[01m\x1b[K/home/yahboom/5550_ros2_ws/src/cartographer/cartographer/mapping/map_builder.cc:\x1b[m\x1b[K In function \xe2\x80\x98\x1b[01m\x1b[Kvoid cartographer::mapping::{anonymous}::MaybeAddPureLocalizationTrimmer(int, const cartographer::mapping::proto::TrajectoryBuilderOptions&, cartographer::mapping::PoseGraph*)\x1b[m\x1b[K\xe2\x80\x99:\n'}
[96.828116] (cartographer) StderrLine: {'line': b'\x1b[01m\x1b[K/home/yahboom/5550_ros2_ws/src/cartographer/cartographer/mapping/map_builder.cc:60:43:\x1b[m\x1b[K \x1b[01;35m\x1b[Kwarning: \x1b[m\x1b[K\xe2\x80\x98\x1b[01m\x1b[Kbool cartographer::mapping::proto::TrajectoryBuilderOptions::pure_localization() const\x1b[m\x1b[K\xe2\x80\x99 is deprecated [\x1b[01;35m\x1b[K\x1b]8;;https://gcc.gnu.org/onlinedocs/gcc/Warning-Options.html#index-Wdeprecated-declarations\x07-Wdeprecated-declarations\x1b]8;;\x07\x1b[m\x1b[K]\n'}
[96.828186] (cartographer) StderrLine: {'line': b'   60 |   if (\x1b[01;35m\x1b[Ktrajectory_options.pure_localization()\x1b[m\x1b[K) {\n'}
[96.828248] (cartographer) StderrLine: {'line': b'      |       \x1b[01;35m\x1b[K~~~~~~~~~~~~~~~~~~~~~~~~~~~~~~~~~~~~^~\x1b[m\x1b[K\n'}
[96.828317] (cartographer) StderrLine: {'line': b'In file included from \x1b[01m\x1b[K/home/yahboom/5550_ros2_ws/build/cartographer/cartographer/mapping/proto/serialization.pb.h:39\x1b[m\x1b[K,\n'}
[96.828377] (cartographer) StderrLine: {'line': b'                 from \x1b[01m\x1b[K/home/yahboom/5550_ros2_ws/src/cartographer/cartographer/mapping/submaps.h:28\x1b[m\x1b[K,\n'}
[96.828438] (cartographer) StderrLine: {'line': b'                 from \x1b[01m\x1b[K/home/yahboom/5550_ros2_ws/src/cartographer/cartographer/mapping/pose_graph_interface.h:25\x1b[m\x1b[K,\n'}
[96.828496] (cartographer) StderrLine: {'line': b'                 from \x1b[01m\x1b[K/home/yahboom/5550_ros2_ws/src/cartographer/cartographer/mapping/map_builder_interface.h:29\x1b[m\x1b[K,\n'}
[96.828554] (cartographer) StderrLine: {'line': b'                 from \x1b[01m\x1b[K/home/yahboom/5550_ros2_ws/src/cartographer/cartographer/mapping/map_builder.h:23\x1b[m\x1b[K,\n'}
[96.828612] (cartographer) StderrLine: {'line': b'                 from \x1b[01m\x1b[K/home/yahboom/5550_ros2_ws/src/cartographer/cartographer/mapping/map_builder.cc:17\x1b[m\x1b[K:\n'}
[96.828671] (cartographer) StderrLine: {'line': b'\x1b[01m\x1b[K/home/yahboom/5550_ros2_ws/build/cartographer/cartographer/mapping/proto/trajectory_builder_options.pb.h:1599:13:\x1b[m\x1b[K \x1b[01;36m\x1b[Knote: \x1b[m\x1b[Kdeclared here\n'}
[96.828762] (cartographer) StderrLine: {'line': b' 1599 | inline bool \x1b[01;36m\x1b[KTrajectoryBuilderOptions\x1b[m\x1b[K::pure_localization() const {\n'}
[96.828823] (cartographer) StderrLine: {'line': b'      |             \x1b[01;36m\x1b[K^~~~~~~~~~~~~~~~~~~~~~~~\x1b[m\x1b[K\n'}
[96.922773] (-) TimerEvent: {}
[97.023149] (-) TimerEvent: {}
[97.123451] (-) TimerEvent: {}
[97.223754] (-) TimerEvent: {}
[97.324067] (-) TimerEvent: {}
[97.424378] (-) TimerEvent: {}
[97.524669] (-) TimerEvent: {}
[97.624985] (-) TimerEvent: {}
[97.725286] (-) TimerEvent: {}
[97.767838] (cartographer) StdoutLine: {'line': b'[ 37%] \x1b[32mBuilding CXX object CMakeFiles/cartographer.dir/cartographer/mapping/pose_extrapolator_interface.cc.o\x1b[0m\n'}
[97.825400] (-) TimerEvent: {}
[97.925776] (-) TimerEvent: {}
[98.026181] (-) TimerEvent: {}
[98.117793] (cartographer) StdoutLine: {'line': b'[ 37%] \x1b[32mBuilding CXX object CMakeFiles/cartographer.dir/cartographer/mapping/pose_graph.cc.o\x1b[0m\n'}
[98.126293] (-) TimerEvent: {}
[98.226660] (-) TimerEvent: {}
[98.326957] (-) TimerEvent: {}
[98.427248] (-) TimerEvent: {}
[98.527540] (-) TimerEvent: {}
[98.627879] (-) TimerEvent: {}
[98.728158] (-) TimerEvent: {}
[98.828449] (-) TimerEvent: {}
[98.931893] (-) TimerEvent: {}
[99.011274] (cartographer) StdoutLine: {'line': b'[ 38%] \x1b[32mBuilding CXX object CMakeFiles/cartographer.dir/cartographer/mapping/pose_graph_trimmer.cc.o\x1b[0m\n'}
[99.031997] (-) TimerEvent: {}
[99.132280] (-) TimerEvent: {}
[99.232571] (-) TimerEvent: {}
[99.332875] (-) TimerEvent: {}
[99.433159] (-) TimerEvent: {}
[99.533449] (-) TimerEvent: {}
[99.586763] (cartographer) StdoutLine: {'line': b'[ 38%] \x1b[32mBuilding CXX object CMakeFiles/cartographer.dir/cartographer/mapping/probability_values.cc.o\x1b[0m\n'}
[99.633582] (-) TimerEvent: {}
[99.733903] (-) TimerEvent: {}
[99.834239] (-) TimerEvent: {}
[99.934613] (-) TimerEvent: {}
[100.034921] (-) TimerEvent: {}
[100.135206] (-) TimerEvent: {}
[100.236908] (-) TimerEvent: {}
[100.256543] (cartographer) StdoutLine: {'line': b'[ 38%] \x1b[32mBuilding CXX object CMakeFiles/cartographer.dir/cartographer/mapping/range_data_inserter_interface.cc.o\x1b[0m\n'}
[100.337043] (-) TimerEvent: {}
[100.437318] (-) TimerEvent: {}
[100.537593] (-) TimerEvent: {}
[100.639771] (-) TimerEvent: {}
[100.740053] (-) TimerEvent: {}
[100.840340] (-) TimerEvent: {}
[100.940629] (-) TimerEvent: {}
[101.040935] (-) TimerEvent: {}
[101.141216] (-) TimerEvent: {}
[101.241488] (-) TimerEvent: {}
[101.341823] (-) TimerEvent: {}
[101.442095] (-) TimerEvent: {}
[101.482753] (cartographer) StdoutLine: {'line': b'[ 38%] \x1b[32mBuilding CXX object CMakeFiles/cartographer.dir/cartographer/mapping/trajectory_builder_interface.cc.o\x1b[0m\n'}
[101.542204] (-) TimerEvent: {}
[101.542605] (cartographer) StdoutLine: {'line': b'[ 39%] \x1b[32mBuilding CXX object CMakeFiles/cartographer.dir/cartographer/mapping/trajectory_node.cc.o\x1b[0m\n'}
[101.631989] (cartographer) StdoutLine: {'line': b'[ 39%] \x1b[32mBuilding CXX object CMakeFiles/cartographer.dir/cartographer/mapping/value_conversion_tables.cc.o\x1b[0m\n'}
[101.642287] (-) TimerEvent: {}
[101.742622] (-) TimerEvent: {}
[101.845880] (-) TimerEvent: {}
[101.947773] (-) TimerEvent: {}
[102.048100] (-) TimerEvent: {}
[102.149547] (-) TimerEvent: {}
[102.252775] (-) TimerEvent: {}
[102.353175] (-) TimerEvent: {}
[102.453484] (-) TimerEvent: {}
[102.553777] (-) TimerEvent: {}
[102.654066] (-) TimerEvent: {}
[102.754378] (-) TimerEvent: {}
[102.840485] (cartographer) StdoutLine: {'line': b'[ 39%] \x1b[32mBuilding CXX object CMakeFiles/cartographer.dir/cartographer/metrics/counter.cc.o\x1b[0m\n'}
[102.854487] (-) TimerEvent: {}
[102.862701] (cartographer) StdoutLine: {'line': b'[ 39%] \x1b[32mBuilding CXX object CMakeFiles/cartographer.dir/cartographer/metrics/gauge.cc.o\x1b[0m\n'}
[102.954594] (-) TimerEvent: {}
[102.966540] (cartographer) StdoutLine: {'line': b'[ 40%] \x1b[32mBuilding CXX object CMakeFiles/cartographer.dir/cartographer/metrics/histogram.cc.o\x1b[0m\n'}
[102.986195] (cartographer) StdoutLine: {'line': b'[ 40%] \x1b[32mBuilding CXX object CMakeFiles/cartographer.dir/cartographer/metrics/register.cc.o\x1b[0m\n'}
[103.057769] (-) TimerEvent: {}
[103.158068] (-) TimerEvent: {}
[103.258380] (-) TimerEvent: {}
[103.318845] (cartographer) StdoutLine: {'line': b'[ 40%] \x1b[32mBuilding CXX object CMakeFiles/cartographer.dir/cartographer/sensor/compressed_point_cloud.cc.o\x1b[0m\n'}
[103.358493] (-) TimerEvent: {}
[103.458779] (-) TimerEvent: {}
[103.559066] (-) TimerEvent: {}
[103.659358] (-) TimerEvent: {}
[103.759642] (-) TimerEvent: {}
[103.859969] (-) TimerEvent: {}
[103.960241] (-) TimerEvent: {}
[104.010506] (cartographer) StdoutLine: {'line': b'[ 40%] \x1b[32mBuilding CXX object CMakeFiles/cartographer.dir/cartographer/sensor/fixed_frame_pose_data.cc.o\x1b[0m\n'}
[104.060353] (-) TimerEvent: {}
[104.160723] (-) TimerEvent: {}
[104.261953] (-) TimerEvent: {}
[104.362330] (-) TimerEvent: {}
[104.462732] (-) TimerEvent: {}
[104.485265] (cartographer) StdoutLine: {'line': b'[ 41%] \x1b[32mBuilding CXX object CMakeFiles/cartographer.dir/cartographer/sensor/imu_data.cc.o\x1b[0m\n'}
[104.562875] (-) TimerEvent: {}
[104.663188] (-) TimerEvent: {}
[104.765876] (-) TimerEvent: {}
[104.866186] (-) TimerEvent: {}
[104.966481] (-) TimerEvent: {}
[105.066771] (-) TimerEvent: {}
[105.167055] (-) TimerEvent: {}
[105.267345] (-) TimerEvent: {}
[105.367641] (-) TimerEvent: {}
[105.467958] (-) TimerEvent: {}
[105.568278] (-) TimerEvent: {}
[105.668567] (-) TimerEvent: {}
[105.769900] (-) TimerEvent: {}
[105.870192] (-) TimerEvent: {}
[105.970498] (-) TimerEvent: {}
[106.071167] (-) TimerEvent: {}
[106.173888] (-) TimerEvent: {}
[106.274179] (-) TimerEvent: {}
[106.304496] (cartographer) StdoutLine: {'line': b'[ 41%] \x1b[32mBuilding CXX object CMakeFiles/cartographer.dir/cartographer/sensor/internal/collator.cc.o\x1b[0m\n'}
[106.374286] (-) TimerEvent: {}
[106.382799] (cartographer) StdoutLine: {'line': b'[ 41%] \x1b[32mBuilding CXX object CMakeFiles/cartographer.dir/cartographer/sensor/internal/ordered_multi_queue.cc.o\x1b[0m\n'}
[106.474394] (-) TimerEvent: {}
[106.574776] (-) TimerEvent: {}
[106.675160] (-) TimerEvent: {}
[106.692550] (cartographer) StdoutLine: {'line': b'[ 41%] \x1b[32mBuilding CXX object CMakeFiles/cartographer.dir/cartographer/sensor/internal/trajectory_collator.cc.o\x1b[0m\n'}
[106.775287] (-) TimerEvent: {}
[106.860024] (cartographer) StdoutLine: {'line': b'[ 42%] \x1b[32mBuilding CXX object CMakeFiles/cartographer.dir/cartographer/sensor/internal/voxel_filter.cc.o\x1b[0m\n'}
[106.875397] (-) TimerEvent: {}
[106.975738] (-) TimerEvent: {}
[107.076104] (-) TimerEvent: {}
[107.176453] (-) TimerEvent: {}
[107.276886] (-) TimerEvent: {}
[107.377269] (-) TimerEvent: {}
[107.477634] (-) TimerEvent: {}
[107.577985] (-) TimerEvent: {}
[107.679923] (-) TimerEvent: {}
[107.780285] (-) TimerEvent: {}
[107.880661] (-) TimerEvent: {}
[107.981077] (-) TimerEvent: {}
[108.081463] (-) TimerEvent: {}
[108.181789] (-) TimerEvent: {}
[108.284767] (-) TimerEvent: {}
[108.385173] (-) TimerEvent: {}
[108.485478] (-) TimerEvent: {}
[108.585772] (-) TimerEvent: {}
[108.686104] (-) TimerEvent: {}
[108.786421] (-) TimerEvent: {}
[108.886713] (-) TimerEvent: {}
[108.987045] (-) TimerEvent: {}
[109.087338] (-) TimerEvent: {}
[109.187632] (-) TimerEvent: {}
[109.287939] (-) TimerEvent: {}
[109.375145] (cartographer) StdoutLine: {'line': b'[ 42%] \x1b[32mBuilding CXX object CMakeFiles/cartographer.dir/cartographer/sensor/landmark_data.cc.o\x1b[0m\n'}
[109.388042] (-) TimerEvent: {}
[109.429798] (cartographer) StdoutLine: {'line': b'[ 42%] \x1b[32mBuilding CXX object CMakeFiles/cartographer.dir/cartographer/sensor/odometry_data.cc.o\x1b[0m\n'}
[109.490772] (-) TimerEvent: {}
[109.591070] (-) TimerEvent: {}
[109.691365] (-) TimerEvent: {}
[109.791658] (-) TimerEvent: {}
[109.891964] (-) TimerEvent: {}
[109.992243] (-) TimerEvent: {}
[110.057904] (cartographer) StdoutLine: {'line': b'[ 42%] \x1b[32mBuilding CXX object CMakeFiles/cartographer.dir/cartographer/sensor/point_cloud.cc.o\x1b[0m\n'}
[110.092349] (-) TimerEvent: {}
[110.192634] (-) TimerEvent: {}
[110.292939] (-) TimerEvent: {}
[110.314799] (cartographer) StdoutLine: {'line': b'[ 43%] \x1b[32mBuilding CXX object CMakeFiles/cartographer.dir/cartographer/sensor/range_data.cc.o\x1b[0m\n'}
[110.393045] (-) TimerEvent: {}
[110.494892] (-) TimerEvent: {}
[110.595209] (-) TimerEvent: {}
[110.695499] (-) TimerEvent: {}
[110.795779] (-) TimerEvent: {}
[110.896075] (-) TimerEvent: {}
[110.996361] (-) TimerEvent: {}
[111.099884] (-) TimerEvent: {}
[111.200188] (-) TimerEvent: {}
[111.300484] (-) TimerEvent: {}
[111.400779] (-) TimerEvent: {}
[111.501073] (-) TimerEvent: {}
[111.601367] (-) TimerEvent: {}
[111.701652] (-) TimerEvent: {}
[111.705071] (cartographer) StdoutLine: {'line': b'[ 43%] \x1b[32mBuilding CXX object CMakeFiles/cartographer.dir/cartographer/sensor/timed_point_cloud_data.cc.o\x1b[0m\n'}
[111.719396] (cartographer) StdoutLine: {'line': b'[ 43%] \x1b[32mBuilding CXX object CMakeFiles/cartographer.dir/cartographer/transform/rigid_transform.cc.o\x1b[0m\n'}
[111.801763] (-) TimerEvent: {}
[111.902082] (-) TimerEvent: {}
[112.002387] (-) TimerEvent: {}
[112.102709] (-) TimerEvent: {}
[112.203076] (-) TimerEvent: {}
[112.304906] (-) TimerEvent: {}
[112.405202] (-) TimerEvent: {}
[112.505504] (-) TimerEvent: {}
[112.605801] (-) TimerEvent: {}
[112.633388] (cartographer) StdoutLine: {'line': b'[ 44%] \x1b[32mBuilding CXX object CMakeFiles/cartographer.dir/cartographer/transform/timestamped_transform.cc.o\x1b[0m\n'}
[112.705906] (-) TimerEvent: {}
[112.781608] (cartographer) StdoutLine: {'line': b'[ 44%] \x1b[32mBuilding CXX object CMakeFiles/cartographer.dir/cartographer/transform/transform.cc.o\x1b[0m\n'}
[112.806007] (-) TimerEvent: {}
[112.906295] (-) TimerEvent: {}
[113.006572] (-) TimerEvent: {}
[113.106876] (-) TimerEvent: {}
[113.208783] (-) TimerEvent: {}
[113.309052] (-) TimerEvent: {}
[113.409328] (-) TimerEvent: {}
[113.509612] (-) TimerEvent: {}
[113.609916] (-) TimerEvent: {}
[113.710195] (-) TimerEvent: {}
[113.810479] (-) TimerEvent: {}
[113.839947] (cartographer) StdoutLine: {'line': b'[ 44%] \x1b[32mBuilding CXX object CMakeFiles/cartographer.dir/cartographer/transform/transform_interpolation_buffer.cc.o\x1b[0m\n'}
[113.910585] (-) TimerEvent: {}
[114.010880] (-) TimerEvent: {}
[114.111157] (-) TimerEvent: {}
[114.113732] (cartographer) StdoutLine: {'line': b'[ 44%] \x1b[32mBuilding CXX object CMakeFiles/cartographer.dir/cartographer/common/proto/ceres_solver_options.pb.cc.o\x1b[0m\n'}
[114.211263] (-) TimerEvent: {}
[114.311535] (-) TimerEvent: {}
[114.411880] (-) TimerEvent: {}
[114.512162] (-) TimerEvent: {}
[114.612451] (-) TimerEvent: {}
[114.714773] (-) TimerEvent: {}
[114.815061] (-) TimerEvent: {}
[114.915359] (-) TimerEvent: {}
[114.930760] (cartographer) StdoutLine: {'line': b'[ 45%] \x1b[32mBuilding CXX object CMakeFiles/cartographer.dir/cartographer/ground_truth/proto/relations.pb.cc.o\x1b[0m\n'}
[115.015470] (-) TimerEvent: {}
[115.053011] (cartographer) StdoutLine: {'line': b'[ 45%] \x1b[32mBuilding CXX object CMakeFiles/cartographer.dir/cartographer/mapping/proto/cell_limits_2d.pb.cc.o\x1b[0m\n'}
[115.078365] (cartographer) StdoutLine: {'line': b'[ 45%] \x1b[32mBuilding CXX object CMakeFiles/cartographer.dir/cartographer/mapping/proto/connected_components.pb.cc.o\x1b[0m\n'}
[115.115580] (-) TimerEvent: {}
[115.217873] (-) TimerEvent: {}
[115.318271] (-) TimerEvent: {}
[115.418630] (-) TimerEvent: {}
[115.519004] (-) TimerEvent: {}
[115.619371] (-) TimerEvent: {}
[115.719747] (-) TimerEvent: {}
[115.820030] (-) TimerEvent: {}
[115.834958] (cartographer) StdoutLine: {'line': b'[ 45%] \x1b[32mBuilding CXX object CMakeFiles/cartographer.dir/cartographer/mapping/proto/grid_2d.pb.cc.o\x1b[0m\n'}
[115.873343] (cartographer) StdoutLine: {'line': b'[ 46%] \x1b[32mBuilding CXX object CMakeFiles/cartographer.dir/cartographer/mapping/proto/grid_2d_options.pb.cc.o\x1b[0m\n'}
[115.922790] (-) TimerEvent: {}
[116.002306] (cartographer) StdoutLine: {'line': b'[ 46%] \x1b[32mBuilding CXX object CMakeFiles/cartographer.dir/cartographer/mapping/proto/hybrid_grid.pb.cc.o\x1b[0m\n'}
[116.022869] (-) TimerEvent: {}
[116.123240] (-) TimerEvent: {}
[116.213158] (cartographer) StdoutLine: {'line': b'[ 46%] \x1b[32mBuilding CXX object CMakeFiles/cartographer.dir/cartographer/mapping/proto/local_trajectory_builder_options_2d.pb.cc.o\x1b[0m\n'}
[116.223330] (-) TimerEvent: {}
[116.323882] (-) TimerEvent: {}
[116.424441] (-) TimerEvent: {}
[116.524709] (-) TimerEvent: {}
[116.625023] (-) TimerEvent: {}
[116.654431] (cartographer) StdoutLine: {'line': b'[ 46%] \x1b[32mBuilding CXX object CMakeFiles/cartographer.dir/cartographer/mapping/proto/local_trajectory_builder_options_3d.pb.cc.o\x1b[0m\n'}
[116.725131] (-) TimerEvent: {}
[116.825396] (-) TimerEvent: {}
[116.851522] (cartographer) StdoutLine: {'line': b'[ 47%] \x1b[32mBuilding CXX object CMakeFiles/cartographer.dir/cartographer/mapping/proto/map_builder_options.pb.cc.o\x1b[0m\n'}
[116.859302] (cartographer) StdoutLine: {'line': b'[ 47%] \x1b[32mBuilding CXX object CMakeFiles/cartographer.dir/cartographer/mapping/proto/map_limits.pb.cc.o\x1b[0m\n'}
[116.925510] (-) TimerEvent: {}
[117.025775] (-) TimerEvent: {}
[117.126903] (-) TimerEvent: {}
[117.227192] (-) TimerEvent: {}
[117.228020] (cartographer) StdoutLine: {'line': b'[ 47%] \x1b[32mBuilding CXX object CMakeFiles/cartographer.dir/cartographer/mapping/proto/motion_filter_options.pb.cc.o\x1b[0m\n'}
[117.327303] (-) TimerEvent: {}
[117.429915] (-) TimerEvent: {}
[117.530221] (-) TimerEvent: {}
[117.630525] (-) TimerEvent: {}
[117.730868] (-) TimerEvent: {}
[117.735267] (cartographer) StdoutLine: {'line': b'[ 47%] \x1b[32mBuilding CXX object CMakeFiles/cartographer.dir/cartographer/mapping/proto/normal_estimation_options_2d.pb.cc.o\x1b[0m\n'}
[117.756775] (cartographer) StdoutLine: {'line': b'[ 48%] \x1b[32mBuilding CXX object CMakeFiles/cartographer.dir/cartographer/mapping/proto/pose_extrapolator_options.pb.cc.o\x1b[0m\n'}
[117.803963] (cartographer) StdoutLine: {'line': b'[ 48%] \x1b[32mBuilding CXX object CMakeFiles/cartographer.dir/cartographer/mapping/proto/pose_graph.pb.cc.o\x1b[0m\n'}
[117.830973] (-) TimerEvent: {}
[117.931251] (-) TimerEvent: {}
[118.031539] (-) TimerEvent: {}
[118.044755] (cartographer) StdoutLine: {'line': b'[ 48%] \x1b[32mBuilding CXX object CMakeFiles/cartographer.dir/cartographer/mapping/proto/pose_graph/constraint_builder_options.pb.cc.o\x1b[0m\n'}
[118.131667] (-) TimerEvent: {}
[118.231957] (-) TimerEvent: {}
[118.332255] (-) TimerEvent: {}
[118.432533] (-) TimerEvent: {}
[118.519155] (cartographer) StdoutLine: {'line': b'[ 48%] \x1b[32mBuilding CXX object CMakeFiles/cartographer.dir/cartographer/mapping/proto/pose_graph/optimization_problem_options.pb.cc.o\x1b[0m\n'}
[118.532638] (-) TimerEvent: {}
[118.633057] (-) TimerEvent: {}
[118.733337] (-) TimerEvent: {}
[118.753764] (cartographer) StdoutLine: {'line': b'[ 49%] \x1b[32mBuilding CXX object CMakeFiles/cartographer.dir/cartographer/mapping/proto/pose_graph_options.pb.cc.o\x1b[0m\n'}
[118.834772] (-) TimerEvent: {}
[118.935051] (-) TimerEvent: {}
[118.969785] (cartographer) StdoutLine: {'line': b'[ 49%] \x1b[32mBuilding CXX object CMakeFiles/cartographer.dir/cartographer/mapping/proto/probability_grid.pb.cc.o\x1b[0m\n'}
[119.035162] (-) TimerEvent: {}
[119.132844] (cartographer) StdoutLine: {'line': b'[ 49%] \x1b[32mBuilding CXX object CMakeFiles/cartographer.dir/cartographer/mapping/proto/probability_grid_range_data_inserter_options_2d.pb.cc.o\x1b[0m\n'}
[119.135247] (-) TimerEvent: {}
[119.235499] (-) TimerEvent: {}
[119.335773] (-) TimerEvent: {}
[119.374815] (cartographer) StdoutLine: {'line': b'[ 49%] \x1b[32mBuilding CXX object CMakeFiles/cartographer.dir/cartographer/mapping/proto/range_data_inserter_options.pb.cc.o\x1b[0m\n'}
[119.435882] (-) TimerEvent: {}
[119.536168] (-) TimerEvent: {}
[119.636454] (-) TimerEvent: {}
[119.736732] (-) TimerEvent: {}
[119.748884] (cartographer) StdoutLine: {'line': b'[ 50%] \x1b[32mBuilding CXX object CMakeFiles/cartographer.dir/cartographer/mapping/proto/range_data_inserter_options_3d.pb.cc.o\x1b[0m\n'}
[119.760878] (cartographer) StdoutLine: {'line': b'[ 50%] \x1b[32mBuilding CXX object CMakeFiles/cartographer.dir/cartographer/mapping/proto/scan_matching/ceres_scan_matcher_options_2d.pb.cc.o\x1b[0m\n'}
[119.836880] (-) TimerEvent: {}
[119.924648] (cartographer) StdoutLine: {'line': b'[ 50%] \x1b[32mBuilding CXX object CMakeFiles/cartographer.dir/cartographer/mapping/proto/scan_matching/ceres_scan_matcher_options_3d.pb.cc.o\x1b[0m\n'}
[119.936978] (-) TimerEvent: {}
[120.037335] (-) TimerEvent: {}
[120.137700] (-) TimerEvent: {}
[120.222955] (cartographer) StdoutLine: {'line': b'[ 50%] \x1b[32mBuilding CXX object CMakeFiles/cartographer.dir/cartographer/mapping/proto/scan_matching/fast_correlative_scan_matcher_options_2d.pb.cc.o\x1b[0m\n'}
[120.239762] (-) TimerEvent: {}
[120.340114] (-) TimerEvent: {}
[120.440508] (-) TimerEvent: {}
[120.540885] (-) TimerEvent: {}
[120.563236] (cartographer) StdoutLine: {'line': b'[ 51%] \x1b[32mBuilding CXX object CMakeFiles/cartographer.dir/cartographer/mapping/proto/scan_matching/fast_correlative_scan_matcher_options_3d.pb.cc.o\x1b[0m\n'}
[120.625100] (cartographer) StdoutLine: {'line': b'[ 51%] \x1b[32mBuilding CXX object CMakeFiles/cartographer.dir/cartographer/mapping/proto/scan_matching/real_time_correlative_scan_matcher_options.pb.cc.o\x1b[0m\n'}
[120.640991] (-) TimerEvent: {}
[120.741266] (-) TimerEvent: {}
[120.841550] (-) TimerEvent: {}
[120.886248] (cartographer) StdoutLine: {'line': b'[ 51%] \x1b[32mBuilding CXX object CMakeFiles/cartographer.dir/cartographer/mapping/proto/serialization.pb.cc.o\x1b[0m\n'}
[120.941666] (-) TimerEvent: {}
[121.009935] (cartographer) StdoutLine: {'line': b'[ 52%] \x1b[32mBuilding CXX object CMakeFiles/cartographer.dir/cartographer/mapping/proto/submap.pb.cc.o\x1b[0m\n'}
[121.041769] (-) TimerEvent: {}
[121.142048] (-) TimerEvent: {}
[121.242336] (-) TimerEvent: {}
[121.344898] (-) TimerEvent: {}
[121.398817] (cartographer) StdoutLine: {'line': b'[ 52%] \x1b[32mBuilding CXX object CMakeFiles/cartographer.dir/cartographer/mapping/proto/submap_visualization.pb.cc.o\x1b[0m\n'}
[121.410160] (cartographer) StdoutLine: {'line': b'[ 52%] \x1b[32mBuilding CXX object CMakeFiles/cartographer.dir/cartographer/mapping/proto/submaps_options_2d.pb.cc.o\x1b[0m\n'}
[121.445020] (-) TimerEvent: {}
[121.545391] (-) TimerEvent: {}
[121.645751] (-) TimerEvent: {}
[121.746155] (-) TimerEvent: {}
[121.846510] (-) TimerEvent: {}
[121.946894] (-) TimerEvent: {}
[122.029632] (cartographer) StdoutLine: {'line': b'[ 52%] \x1b[32mBuilding CXX object CMakeFiles/cartographer.dir/cartographer/mapping/proto/submaps_options_3d.pb.cc.o\x1b[0m\n'}
[122.046998] (-) TimerEvent: {}
[122.147354] (-) TimerEvent: {}
[122.243518] (cartographer) StdoutLine: {'line': b'[ 53%] \x1b[32mBuilding CXX object CMakeFiles/cartographer.dir/cartographer/mapping/proto/trajectory.pb.cc.o\x1b[0m\n'}
[122.247446] (-) TimerEvent: {}
[122.347695] (-) TimerEvent: {}
[122.448001] (-) TimerEvent: {}
[122.550508] (-) TimerEvent: {}
[122.650772] (-) TimerEvent: {}
[122.751037] (-) TimerEvent: {}
[122.851297] (-) TimerEvent: {}
[122.951621] (-) TimerEvent: {}
[123.052019] (-) TimerEvent: {}
[123.152439] (-) TimerEvent: {}
[123.235724] (cartographer) StdoutLine: {'line': b'[ 53%] \x1b[32mBuilding CXX object CMakeFiles/cartographer.dir/cartographer/mapping/proto/tsdf_2d.pb.cc.o\x1b[0m\n'}
[123.252631] (-) TimerEvent: {}
[123.353115] (-) TimerEvent: {}
[123.453365] (-) TimerEvent: {}
[123.553652] (-) TimerEvent: {}
[123.654038] (-) TimerEvent: {}
[123.754388] (-) TimerEvent: {}
[123.822788] (cartographer) StdoutLine: {'line': b'[ 54%] \x1b[32mBuilding CXX object CMakeFiles/cartographer.dir/cartographer/mapping/proto/tsdf_range_data_inserter_options_2d.pb.cc.o\x1b[0m\n'}
[123.854481] (-) TimerEvent: {}
[123.954789] (-) TimerEvent: {}
[124.055196] (-) TimerEvent: {}
[124.155620] (-) TimerEvent: {}
[124.256033] (-) TimerEvent: {}
[124.356353] (-) TimerEvent: {}
[124.433309] (cartographer) StdoutLine: {'line': b'[ 54%] \x1b[32mBuilding CXX object CMakeFiles/cartographer.dir/cartographer/sensor/proto/adaptive_voxel_filter_options.pb.cc.o\x1b[0m\n'}
[124.456561] (-) TimerEvent: {}
[124.556930] (-) TimerEvent: {}
[124.657356] (-) TimerEvent: {}
[124.757712] (-) TimerEvent: {}
[124.858248] (-) TimerEvent: {}
[124.958553] (-) TimerEvent: {}
[125.008668] (cartographer) StdoutLine: {'line': b'[ 54%] \x1b[32mBuilding CXX object CMakeFiles/cartographer.dir/cartographer/sensor/proto/sensor.pb.cc.o\x1b[0m\n'}
[125.058681] (-) TimerEvent: {}
[125.158970] (-) TimerEvent: {}
[125.259282] (-) TimerEvent: {}
[125.359610] (-) TimerEvent: {}
[125.459947] (-) TimerEvent: {}
[125.560263] (-) TimerEvent: {}
[125.660528] (-) TimerEvent: {}
[125.760875] (-) TimerEvent: {}
[125.861191] (-) TimerEvent: {}
[125.961450] (-) TimerEvent: {}
[126.061732] (-) TimerEvent: {}
[126.162178] (-) TimerEvent: {}
[126.262440] (-) TimerEvent: {}
[126.362843] (-) TimerEvent: {}
[126.463155] (-) TimerEvent: {}
[126.476139] (cartographer) StdoutLine: {'line': b'[ 54%] \x1b[32mBuilding CXX object CMakeFiles/cartographer.dir/cartographer/transform/proto/timestamped_transform.pb.cc.o\x1b[0m\n'}
[126.563382] (-) TimerEvent: {}
[126.663720] (-) TimerEvent: {}
[126.764061] (-) TimerEvent: {}
[126.864340] (-) TimerEvent: {}
[126.964613] (-) TimerEvent: {}
[127.065020] (-) TimerEvent: {}
[127.151203] (cartographer) StdoutLine: {'line': b'[ 55%] \x1b[32mBuilding CXX object CMakeFiles/cartographer.dir/cartographer/transform/proto/transform.pb.cc.o\x1b[0m\n'}
[127.165117] (-) TimerEvent: {}
[127.265386] (-) TimerEvent: {}
[127.365663] (-) TimerEvent: {}
[127.465974] (-) TimerEvent: {}
[127.566302] (-) TimerEvent: {}
[127.666684] (-) TimerEvent: {}
[127.767048] (-) TimerEvent: {}
[127.867371] (-) TimerEvent: {}
[127.967737] (-) TimerEvent: {}
[128.068032] (-) TimerEvent: {}
[128.168343] (-) TimerEvent: {}
[128.268815] (-) TimerEvent: {}
[128.369138] (-) TimerEvent: {}
[128.401902] (cartographer) StdoutLine: {'line': b'[ 55%] \x1b[32mBuilding CXX object CMakeFiles/cartographer.dir/cartographer/mapping/proto/trajectory_node_data.pb.cc.o\x1b[0m\n'}
[128.402769] (cartographer) StdoutLine: {'line': b'[ 55%] \x1b[32mBuilding CXX object CMakeFiles/cartographer.dir/cartographer/mapping/proto/trajectory_builder_options.pb.cc.o\x1b[0m\n'}
[128.469362] (-) TimerEvent: {}
[128.569734] (-) TimerEvent: {}
[128.670129] (-) TimerEvent: {}
[128.770672] (-) TimerEvent: {}
[128.871136] (-) TimerEvent: {}
[128.971732] (-) TimerEvent: {}
[129.067712] (cartographer) StderrLine: {'line': b'\x1b[01m\x1b[K/home/yahboom/5550_ros2_ws/build/cartographer/cartographer/mapping/proto/trajectory_builder_options.pb.cc:\x1b[m\x1b[K In member function \xe2\x80\x98\x1b[01m\x1b[Kvirtual google::protobuf::uint8* cartographer::mapping::proto::TrajectoryBuilderOptions::_InternalSerialize(google::protobuf::uint8*, google::protobuf::io::EpsCopyOutputStream*) const\x1b[m\x1b[K\xe2\x80\x99:\n'}
[129.068080] (cartographer) StderrLine: {'line': b'\x1b[01m\x1b[K/home/yahboom/5550_ros2_ws/build/cartographer/cartographer/mapping/proto/trajectory_builder_options.pb.cc:1077:30:\x1b[m\x1b[K \x1b[01;35m\x1b[Kwarning: \x1b[m\x1b[K\xe2\x80\x98\x1b[01m\x1b[Kbool cartographer::mapping::proto::TrajectoryBuilderOptions::pure_localization() const\x1b[m\x1b[K\xe2\x80\x99 is deprecated [\x1b[01;35m\x1b[K\x1b]8;;https://gcc.gnu.org/onlinedocs/gcc/Warning-Options.html#index-Wdeprecated-declarations\x07-Wdeprecated-declarations\x1b]8;;\x07\x1b[m\x1b[K]\n'}
[129.068179] (cartographer) StderrLine: {'line': b' 1077 |   if (\x1b[01;35m\x1b[Kthis->pure_localization()\x1b[m\x1b[K != 0) {\n'}
[129.068239] (cartographer) StderrLine: {'line': b'      |       \x1b[01;35m\x1b[K~~~~~~~~~~~~~~~~~~~~~~~^~\x1b[m\x1b[K\n'}
[129.068295] (cartographer) StderrLine: {'line': b'In file included from \x1b[01m\x1b[K/home/yahboom/5550_ros2_ws/build/cartographer/cartographer/mapping/proto/trajectory_builder_options.pb.cc:4\x1b[m\x1b[K:\n'}
[129.068350] (cartographer) StderrLine: {'line': b'\x1b[01m\x1b[K/home/yahboom/5550_ros2_ws/build/cartographer/cartographer/mapping/proto/trajectory_builder_options.pb.h:1599:13:\x1b[m\x1b[K \x1b[01;36m\x1b[Knote: \x1b[m\x1b[Kdeclared here\n'}
[129.068417] (cartographer) StderrLine: {'line': b' 1599 | inline bool \x1b[01;36m\x1b[KTrajectoryBuilderOptions\x1b[m\x1b[K::pure_localization() const {\n'}
[129.068472] (cartographer) StderrLine: {'line': b'      |             \x1b[01;36m\x1b[K^~~~~~~~~~~~~~~~~~~~~~~~\x1b[m\x1b[K\n'}
[129.068525] (cartographer) StderrLine: {'line': b'\x1b[01m\x1b[K/home/yahboom/5550_ros2_ws/build/cartographer/cartographer/mapping/proto/trajectory_builder_options.pb.cc:\x1b[m\x1b[K In member function \xe2\x80\x98\x1b[01m\x1b[Kvirtual size_t cartographer::mapping::proto::TrajectoryBuilderOptions::ByteSizeLong() const\x1b[m\x1b[K\xe2\x80\x99:\n'}
[129.068587] (cartographer) StderrLine: {'line': b'\x1b[01m\x1b[K/home/yahboom/5550_ros2_ws/build/cartographer/cartographer/mapping/proto/trajectory_builder_options.pb.cc:1170:30:\x1b[m\x1b[K \x1b[01;35m\x1b[Kwarning: \x1b[m\x1b[K\xe2\x80\x98\x1b[01m\x1b[Kbool cartographer::mapping::proto::TrajectoryBuilderOptions::pure_localization() const\x1b[m\x1b[K\xe2\x80\x99 is deprecated [\x1b[01;35m\x1b[K\x1b]8;;https://gcc.gnu.org/onlinedocs/gcc/Warning-Options.html#index-Wdeprecated-declarations\x07-Wdeprecated-declarations\x1b]8;;\x07\x1b[m\x1b[K]\n'}
[129.068644] (cartographer) StderrLine: {'line': b' 1170 |   if (\x1b[01;35m\x1b[Kthis->pure_localization()\x1b[m\x1b[K != 0) {\n'}
[129.068697] (cartographer) StderrLine: {'line': b'      |       \x1b[01;35m\x1b[K~~~~~~~~~~~~~~~~~~~~~~~^~\x1b[m\x1b[K\n'}
[129.068765] (cartographer) StderrLine: {'line': b'In file included from \x1b[01m\x1b[K/home/yahboom/5550_ros2_ws/build/cartographer/cartographer/mapping/proto/trajectory_builder_options.pb.cc:4\x1b[m\x1b[K:\n'}
[129.068818] (cartographer) StderrLine: {'line': b'\x1b[01m\x1b[K/home/yahboom/5550_ros2_ws/build/cartographer/cartographer/mapping/proto/trajectory_builder_options.pb.h:1599:13:\x1b[m\x1b[K \x1b[01;36m\x1b[Knote: \x1b[m\x1b[Kdeclared here\n'}
[129.068871] (cartographer) StderrLine: {'line': b' 1599 | inline bool \x1b[01;36m\x1b[KTrajectoryBuilderOptions\x1b[m\x1b[K::pure_localization() const {\n'}
[129.068923] (cartographer) StderrLine: {'line': b'      |             \x1b[01;36m\x1b[K^~~~~~~~~~~~~~~~~~~~~~~~\x1b[m\x1b[K\n'}
[129.069405] (cartographer) StderrLine: {'line': b'\x1b[01m\x1b[K/home/yahboom/5550_ros2_ws/build/cartographer/cartographer/mapping/proto/trajectory_builder_options.pb.cc:\x1b[m\x1b[K In member function \xe2\x80\x98\x1b[01m\x1b[Kvoid cartographer::mapping::proto::TrajectoryBuilderOptions::MergeFrom(const cartographer::mapping::proto::TrajectoryBuilderOptions&)\x1b[m\x1b[K\xe2\x80\x99:\n'}
[129.069502] (cartographer) StderrLine: {'line': b'\x1b[01m\x1b[K/home/yahboom/5550_ros2_ws/build/cartographer/cartographer/mapping/proto/trajectory_builder_options.pb.cc:1230:29:\x1b[m\x1b[K \x1b[01;35m\x1b[Kwarning: \x1b[m\x1b[K\xe2\x80\x98\x1b[01m\x1b[Kbool cartographer::mapping::proto::TrajectoryBuilderOptions::pure_localization() const\x1b[m\x1b[K\xe2\x80\x99 is deprecated [\x1b[01;35m\x1b[K\x1b]8;;https://gcc.gnu.org/onlinedocs/gcc/Warning-Options.html#index-Wdeprecated-declarations\x07-Wdeprecated-declarations\x1b]8;;\x07\x1b[m\x1b[K]\n'}
[129.069574] (cartographer) StderrLine: {'line': b' 1230 |   if (\x1b[01;35m\x1b[Kfrom.pure_localization()\x1b[m\x1b[K != 0) {\n'}
[129.069630] (cartographer) StderrLine: {'line': b'      |       \x1b[01;35m\x1b[K~~~~~~~~~~~~~~~~~~~~~~^~\x1b[m\x1b[K\n'}
[129.069684] (cartographer) StderrLine: {'line': b'In file included from \x1b[01m\x1b[K/home/yahboom/5550_ros2_ws/build/cartographer/cartographer/mapping/proto/trajectory_builder_options.pb.cc:4\x1b[m\x1b[K:\n'}
[129.069755] (cartographer) StderrLine: {'line': b'\x1b[01m\x1b[K/home/yahboom/5550_ros2_ws/build/cartographer/cartographer/mapping/proto/trajectory_builder_options.pb.h:1599:13:\x1b[m\x1b[K \x1b[01;36m\x1b[Knote: \x1b[m\x1b[Kdeclared here\n'}
[129.069810] (cartographer) StderrLine: {'line': b' 1599 | inline bool \x1b[01;36m\x1b[KTrajectoryBuilderOptions\x1b[m\x1b[K::pure_localization() const {\n'}
[129.069866] (cartographer) StderrLine: {'line': b'      |             \x1b[01;36m\x1b[K^~~~~~~~~~~~~~~~~~~~~~~~\x1b[m\x1b[K\n'}
[129.071970] (-) TimerEvent: {}
[129.172311] (-) TimerEvent: {}
[129.272734] (-) TimerEvent: {}
[129.373092] (-) TimerEvent: {}
[129.473370] (-) TimerEvent: {}
[129.573641] (-) TimerEvent: {}
[129.673941] (-) TimerEvent: {}
[129.708744] (cartographer) StdoutLine: {'line': b'[ 55%] \x1b[32m\x1b[1mLinking CXX static library libcartographer.a\x1b[0m\n'}
[129.774127] (-) TimerEvent: {}
[129.846182] (cartographer) StdoutLine: {'line': b'[ 55%] Built target cartographer\n'}
[129.863697] (cartographer) StdoutLine: {'line': b'[ 55%] \x1b[32mBuilding CXX object CMakeFiles/cartographer_autogenerate_ground_truth.dir/cartographer/ground_truth/autogenerate_ground_truth_main.cc.o\x1b[0m\n'}
[129.864017] (cartographer) StdoutLine: {'line': b'[ 55%] \x1b[32mBuilding CXX object CMakeFiles/cartographer_compute_relations_metrics.dir/cartographer/ground_truth/compute_relations_metrics_main.cc.o\x1b[0m\n'}
[129.874200] (-) TimerEvent: {}
[129.974479] (-) TimerEvent: {}
[130.074897] (-) TimerEvent: {}
[130.175192] (-) TimerEvent: {}
[130.275509] (-) TimerEvent: {}
[130.375841] (-) TimerEvent: {}
[130.476173] (-) TimerEvent: {}
[130.576495] (-) TimerEvent: {}
[130.676781] (-) TimerEvent: {}
[130.777137] (-) TimerEvent: {}
[130.877814] (-) TimerEvent: {}
[130.881050] (cartographer) StdoutLine: {'line': b'[ 55%] \x1b[32mBuilding CXX object CMakeFiles/cartographer_print_configuration.dir/cartographer/common/print_configuration_main.cc.o\x1b[0m\n'}
[130.977947] (-) TimerEvent: {}
[131.078282] (-) TimerEvent: {}
[131.178846] (-) TimerEvent: {}
[131.279330] (-) TimerEvent: {}
[131.379738] (-) TimerEvent: {}
[131.480771] (-) TimerEvent: {}
[131.581069] (-) TimerEvent: {}
[131.681418] (-) TimerEvent: {}
[131.781805] (-) TimerEvent: {}
[131.882875] (-) TimerEvent: {}
[131.897818] (cartographer) StdoutLine: {'line': b'[ 55%] \x1b[32mBuilding CXX object CMakeFiles/cartographer_pbstream.dir/cartographer/io/pbstream_main.cc.o\x1b[0m\n'}
[131.982978] (-) TimerEvent: {}
[132.085774] (-) TimerEvent: {}
[132.102416] (cartographer) StdoutLine: {'line': b'[ 56%] \x1b[32m\x1b[1mLinking CXX executable cartographer_autogenerate_ground_truth\x1b[0m\n'}
[132.169600] (cartographer) StdoutLine: {'line': b'[ 56%] \x1b[32m\x1b[1mLinking CXX executable cartographer_print_configuration\x1b[0m\n'}
[132.185873] (-) TimerEvent: {}
[132.272821] (cartographer) StdoutLine: {'line': b'[ 56%] Built target cartographer_print_configuration\n'}
[132.285977] (-) TimerEvent: {}
[132.294991] (cartographer) StdoutLine: {'line': b'[ 56%] \x1b[32mBuilding CXX object CMakeFiles/cartographer_test_library.dir/cartographer/io/fake_file_writer.cc.o\x1b[0m\n'}
[132.303895] (cartographer) StdoutLine: {'line': b'[ 56%] Built target cartographer_autogenerate_ground_truth\n'}
[132.313035] (cartographer) StdoutLine: {'line': b'[ 57%] \x1b[32mBuilding CXX object CMakeFiles/cartographer_test_library.dir/cartographer/io/fake_file_writer_test.cc.o\x1b[0m\n'}
[132.386083] (-) TimerEvent: {}
[132.486462] (-) TimerEvent: {}
[132.586881] (-) TimerEvent: {}
[132.639825] (cartographer) StdoutLine: {'line': b'[ 57%] \x1b[32m\x1b[1mLinking CXX executable cartographer_compute_relations_metrics\x1b[0m\n'}
[132.686990] (-) TimerEvent: {}
[132.785755] (cartographer) StdoutLine: {'line': b'[ 58%] \x1b[32m\x1b[1mLinking CXX executable cartographer_pbstream\x1b[0m\n'}
[132.787066] (-) TimerEvent: {}
[132.810621] (cartographer) StdoutLine: {'line': b'[ 58%] Built target cartographer_compute_relations_metrics\n'}
[132.820898] (cartographer) StdoutLine: {'line': b'[ 58%] \x1b[32mBuilding CXX object CMakeFiles/cartographer_test_library.dir/cartographer/io/internal/testing/test_helpers.cc.o\x1b[0m\n'}
[132.887197] (-) TimerEvent: {}
[132.987576] (-) TimerEvent: {}
[133.056256] (cartographer) StdoutLine: {'line': b'[ 58%] Built target cartographer_pbstream\n'}
[133.087685] (-) TimerEvent: {}
[133.187978] (-) TimerEvent: {}
[133.288247] (-) TimerEvent: {}
[133.390785] (-) TimerEvent: {}
[133.491061] (-) TimerEvent: {}
[133.591322] (-) TimerEvent: {}
[133.691721] (-) TimerEvent: {}
[133.791986] (-) TimerEvent: {}
[133.797469] (cartographer) StdoutLine: {'line': b'[ 58%] \x1b[32mBuilding CXX object CMakeFiles/cartographer_test_library.dir/cartographer/mapping/internal/testing/test_helpers.cc.o\x1b[0m\n'}
[133.892797] (-) TimerEvent: {}
[133.993231] (-) TimerEvent: {}
[134.093614] (-) TimerEvent: {}
[134.194140] (-) TimerEvent: {}
[134.294605] (-) TimerEvent: {}
[134.395109] (-) TimerEvent: {}
[134.495472] (-) TimerEvent: {}
[134.596024] (-) TimerEvent: {}
[134.696400] (-) TimerEvent: {}
[134.796762] (-) TimerEvent: {}
[134.897115] (-) TimerEvent: {}
[134.997596] (-) TimerEvent: {}
[135.097980] (-) TimerEvent: {}
[135.198414] (-) TimerEvent: {}
[135.298742] (-) TimerEvent: {}
[135.399158] (-) TimerEvent: {}
[135.499635] (-) TimerEvent: {}
[135.600103] (-) TimerEvent: {}
[135.700363] (-) TimerEvent: {}
[135.800741] (-) TimerEvent: {}
[135.901057] (-) TimerEvent: {}
[136.001502] (-) TimerEvent: {}
[136.101899] (-) TimerEvent: {}
[136.202227] (-) TimerEvent: {}
[136.302719] (-) TimerEvent: {}
[136.360188] (cartographer) StdoutLine: {'line': b'[ 58%] \x1b[32m\x1b[1mLinking CXX static library libcartographer_test_library.a\x1b[0m\n'}
[136.385157] (cartographer) StdoutLine: {'line': b'[ 58%] Built target cartographer_test_library\n'}
[136.401766] (cartographer) StdoutLine: {'line': b'[ 58%] \x1b[32mBuilding CXX object CMakeFiles/cartographer.common.configuration_files_test.dir/cartographer/common/configuration_files_test.cc.o\x1b[0m\n'}
[136.402141] (cartographer) StdoutLine: {'line': b'[ 59%] \x1b[32mBuilding CXX object CMakeFiles/cartographer.common.fixed_ratio_sampler_test.dir/cartographer/common/fixed_ratio_sampler_test.cc.o\x1b[0m\n'}
[136.402765] (-) TimerEvent: {}
[136.503076] (-) TimerEvent: {}
[136.603469] (-) TimerEvent: {}
[136.703784] (-) TimerEvent: {}
[136.804106] (-) TimerEvent: {}
[136.904393] (-) TimerEvent: {}
[137.004749] (-) TimerEvent: {}
[137.105107] (-) TimerEvent: {}
[137.205412] (-) TimerEvent: {}
[137.305721] (-) TimerEvent: {}
[137.406850] (-) TimerEvent: {}
[137.415486] (cartographer) StdoutLine: {'line': b'[ 60%] \x1b[32mBuilding CXX object CMakeFiles/cartographer.common.internal.rate_timer_test.dir/cartographer/common/internal/rate_timer_test.cc.o\x1b[0m\n'}
[137.506928] (-) TimerEvent: {}
[137.607830] (-) TimerEvent: {}
[137.708341] (-) TimerEvent: {}
[137.808644] (-) TimerEvent: {}
[137.909127] (-) TimerEvent: {}
[137.930966] (cartographer) StdoutLine: {'line': b'[ 60%] \x1b[32m\x1b[1mLinking CXX executable cartographer.common.fixed_ratio_sampler_test\x1b[0m\n'}
[138.009358] (-) TimerEvent: {}
[138.040882] (cartographer) StdoutLine: {'line': b'[ 60%] Built target cartographer.common.fixed_ratio_sampler_test\n'}
[138.063136] (cartographer) StdoutLine: {'line': b'[ 60%] \x1b[32mBuilding CXX object CMakeFiles/cartographer.common.internal.blocking_queue_test.dir/cartographer/common/internal/blocking_queue_test.cc.o\x1b[0m\n'}
[138.109626] (-) TimerEvent: {}
[138.210289] (-) TimerEvent: {}
[138.310727] (-) TimerEvent: {}
[138.411278] (-) TimerEvent: {}
[138.511618] (-) TimerEvent: {}
[138.612030] (-) TimerEvent: {}
[138.712403] (-) TimerEvent: {}
[138.812845] (-) TimerEvent: {}
[138.913321] (-) TimerEvent: {}
[139.013766] (-) TimerEvent: {}
[139.077310] (cartographer) StdoutLine: {'line': b'[ 60%] \x1b[32mBuilding CXX object CMakeFiles/cartographer.common.lua_parameter_dictionary_test.dir/cartographer/common/lua_parameter_dictionary_test.cc.o\x1b[0m\n'}
[139.113876] (-) TimerEvent: {}
[139.198895] (cartographer) StdoutLine: {'line': b'[ 60%] \x1b[32m\x1b[1mLinking CXX executable cartographer.common.configuration_files_test\x1b[0m\n'}
[139.213972] (-) TimerEvent: {}
[139.314274] (-) TimerEvent: {}
[139.414657] (-) TimerEvent: {}
[139.455282] (cartographer) StdoutLine: {'line': b'[ 60%] Built target cartographer.common.configuration_files_test\n'}
[139.478767] (cartographer) StdoutLine: {'line': b'[ 61%] \x1b[32mBuilding CXX object CMakeFiles/cartographer.common.math_test.dir/cartographer/common/math_test.cc.o\x1b[0m\n'}
[139.514821] (-) TimerEvent: {}
[139.615107] (-) TimerEvent: {}
[139.706832] (cartographer) StdoutLine: {'line': b'[ 61%] \x1b[32m\x1b[1mLinking CXX executable cartographer.common.internal.rate_timer_test\x1b[0m\n'}
[139.716769] (-) TimerEvent: {}
[139.817026] (-) TimerEvent: {}
[139.821226] (cartographer) StdoutLine: {'line': b'[ 61%] Built target cartographer.common.internal.rate_timer_test\n'}
[139.844779] (cartographer) StdoutLine: {'line': b'[ 61%] \x1b[32mBuilding CXX object CMakeFiles/cartographer.common.task_test.dir/cartographer/common/task_test.cc.o\x1b[0m\n'}
[139.917151] (-) TimerEvent: {}
[140.017458] (-) TimerEvent: {}
[140.117753] (-) TimerEvent: {}
[140.218062] (-) TimerEvent: {}
[140.320896] (-) TimerEvent: {}
[140.421204] (-) TimerEvent: {}
[140.521503] (-) TimerEvent: {}
[140.587552] (cartographer) StdoutLine: {'line': b'[ 61%] \x1b[32m\x1b[1mLinking CXX executable cartographer.common.internal.blocking_queue_test\x1b[0m\n'}
[140.621606] (-) TimerEvent: {}
[140.706083] (cartographer) StdoutLine: {'line': b'[ 61%] Built target cartographer.common.internal.blocking_queue_test\n'}
[140.721752] (-) TimerEvent: {}
[140.729347] (cartographer) StdoutLine: {'line': b'[ 62%] \x1b[32mBuilding CXX object CMakeFiles/cartographer.common.thread_pool_test.dir/cartographer/common/thread_pool_test.cc.o\x1b[0m\n'}
[140.821872] (-) TimerEvent: {}
[140.923877] (-) TimerEvent: {}
[141.024170] (-) TimerEvent: {}
[141.124478] (-) TimerEvent: {}
[141.224771] (-) TimerEvent: {}
[141.325078] (-) TimerEvent: {}
[141.425363] (-) TimerEvent: {}
[141.525673] (-) TimerEvent: {}
[141.628888] (-) TimerEvent: {}
[141.729168] (-) TimerEvent: {}
[141.796502] (cartographer) StdoutLine: {'line': b'[ 62%] \x1b[32m\x1b[1mLinking CXX executable cartographer.common.math_test\x1b[0m\n'}
[141.829276] (-) TimerEvent: {}
[141.912216] (cartographer) StdoutLine: {'line': b'[ 62%] Built target cartographer.common.math_test\n'}
[141.929383] (-) TimerEvent: {}
[141.938188] (cartographer) StdoutLine: {'line': b'[ 62%] \x1b[32mBuilding CXX object CMakeFiles/cartographer.io.fake_file_writer_test.dir/cartographer/io/fake_file_writer_test.cc.o\x1b[0m\n'}
[142.029491] (-) TimerEvent: {}
[142.060271] (cartographer) StdoutLine: {'line': b'[ 62%] \x1b[32m\x1b[1mLinking CXX executable cartographer.common.lua_parameter_dictionary_test\x1b[0m\n'}
[142.129605] (-) TimerEvent: {}
[142.185375] (cartographer) StdoutLine: {'line': b'[ 62%] Built target cartographer.common.lua_parameter_dictionary_test\n'}
[142.212761] (cartographer) StdoutLine: {'line': b'[ 63%] \x1b[32mBuilding CXX object CMakeFiles/cartographer.io.internal.in_memory_proto_stream_test.dir/cartographer/io/internal/in_memory_proto_stream_test.cc.o\x1b[0m\n'}
[142.229696] (-) TimerEvent: {}
[142.330050] (-) TimerEvent: {}
[142.430408] (-) TimerEvent: {}
[142.530763] (-) TimerEvent: {}
[142.555806] (cartographer) StdoutLine: {'line': b'[ 63%] \x1b[32m\x1b[1mLinking CXX executable cartographer.common.task_test\x1b[0m\n'}
[142.617807] (cartographer) StdoutLine: {'line': b'[ 63%] \x1b[32m\x1b[1mLinking CXX executable cartographer.common.thread_pool_test\x1b[0m\n'}
[142.630869] (-) TimerEvent: {}
[142.675541] (cartographer) StdoutLine: {'line': b'[ 63%] Built target cartographer.common.task_test\n'}
[142.700466] (cartographer) StdoutLine: {'line': b'[ 63%] \x1b[32mBuilding CXX object CMakeFiles/cartographer.io.points_processor_pipeline_builder_test.dir/cartographer/io/points_processor_pipeline_builder_test.cc.o\x1b[0m\n'}
[142.730978] (-) TimerEvent: {}
[142.736760] (cartographer) StdoutLine: {'line': b'[ 63%] Built target cartographer.common.thread_pool_test\n'}
[142.760165] (cartographer) StdoutLine: {'line': b'[ 63%] \x1b[32mBuilding CXX object CMakeFiles/cartographer.io.probability_grid_points_processor_test.dir/cartographer/io/probability_grid_points_processor_test.cc.o\x1b[0m\n'}
[142.831216] (-) TimerEvent: {}
[142.933892] (-) TimerEvent: {}
[143.034199] (-) TimerEvent: {}
[143.134485] (-) TimerEvent: {}
[143.234772] (-) TimerEvent: {}
[143.335062] (-) TimerEvent: {}
[143.435384] (-) TimerEvent: {}
[143.535672] (-) TimerEvent: {}
[143.636130] (-) TimerEvent: {}
[143.736495] (-) TimerEvent: {}
[143.836876] (-) TimerEvent: {}
[143.937919] (-) TimerEvent: {}
[144.038299] (-) TimerEvent: {}
[144.113549] (cartographer) StdoutLine: {'line': b'[ 63%] \x1b[32m\x1b[1mLinking CXX executable cartographer.io.fake_file_writer_test\x1b[0m\n'}
[144.139775] (-) TimerEvent: {}
[144.230968] (cartographer) StdoutLine: {'line': b'[ 63%] Built target cartographer.io.fake_file_writer_test\n'}
[144.239868] (-) TimerEvent: {}
[144.253556] (cartographer) StdoutLine: {'line': b'[ 63%] \x1b[32mBuilding CXX object CMakeFiles/cartographer.io.proto_stream_deserializer_test.dir/cartographer/io/proto_stream_deserializer_test.cc.o\x1b[0m\n'}
[144.339977] (-) TimerEvent: {}
[144.440353] (-) TimerEvent: {}
[144.543952] (-) TimerEvent: {}
[144.644327] (-) TimerEvent: {}
[144.663836] (cartographer) StdoutLine: {'line': b'[ 63%] \x1b[32m\x1b[1mLinking CXX executable cartographer.io.internal.in_memory_proto_stream_test\x1b[0m\n'}
[144.744433] (-) TimerEvent: {}
[144.844776] (-) TimerEvent: {}
[144.847216] (cartographer) StdoutLine: {'line': b'[ 63%] Built target cartographer.io.internal.in_memory_proto_stream_test\n'}
[144.869882] (cartographer) StdoutLine: {'line': b'[ 63%] \x1b[32mBuilding CXX object CMakeFiles/cartographer.io.proto_stream_test.dir/cartographer/io/proto_stream_test.cc.o\x1b[0m\n'}
[144.944884] (-) TimerEvent: {}
[145.045253] (-) TimerEvent: {}
[145.145622] (-) TimerEvent: {}
[145.246026] (-) TimerEvent: {}
[145.346379] (-) TimerEvent: {}
[145.446727] (-) TimerEvent: {}
[145.507887] (cartographer) StderrLine: {'line': b'\x1b[01m\x1b[K/home/yahboom/5550_ros2_ws/src/cartographer/cartographer/io/probability_grid_points_processor_test.cc:\x1b[m\x1b[K In function \xe2\x80\x98\x1b[01m\x1b[Kstd::vector<char> cartographer::io::{anonymous}::CreateExpectedProbabilityGrid(std::unique_ptr<cartographer::io::PointsBatch>, cartographer::common::LuaParameterDictionary*)\x1b[m\x1b[K\xe2\x80\x99:\n'}
[145.508051] (cartographer) StderrLine: {'line': b'\x1b[01m\x1b[K/home/yahboom/5550_ros2_ws/src/cartographer/cartographer/io/probability_grid_points_processor_test.cc:93:42:\x1b[m\x1b[K \x1b[01;35m\x1b[Kwarning: \x1b[m\x1b[K\xe2\x80\x98\x1b[01m\x1b[Kint google::protobuf::MessageLite::ByteSize() const\x1b[m\x1b[K\xe2\x80\x99 is deprecated: Please use ByteSizeLong() instead [\x1b[01;35m\x1b[K\x1b]8;;https://gcc.gnu.org/onlinedocs/gcc/Warning-Options.html#index-Wdeprecated-declarations\x07-Wdeprecated-declarations\x1b]8;;\x07\x1b[m\x1b[K]\n'}
[145.508116] (cartographer) StderrLine: {'line': b'   93 |       \x1b[01;35m\x1b[Kprobability_grid.ToProto().ByteSize()\x1b[m\x1b[K);\n'}
[145.508176] (cartographer) StderrLine: {'line': b'      |       \x1b[01;35m\x1b[K~~~~~~~~~~~~~~~~~~~~~~~~~~~~~~~~~~~^~\x1b[m\x1b[K\n'}
[145.508233] (cartographer) StderrLine: {'line': b'In file included from \x1b[01m\x1b[K/usr/include/google/protobuf/generated_enum_util.h:36\x1b[m\x1b[K,\n'}
[145.508290] (cartographer) StderrLine: {'line': b'                 from \x1b[01m\x1b[K/usr/include/google/protobuf/map.h:49\x1b[m\x1b[K,\n'}
[145.508346] (cartographer) StderrLine: {'line': b'                 from \x1b[01m\x1b[K/usr/include/google/protobuf/generated_message_table_driven.h:34\x1b[m\x1b[K,\n'}
[145.508402] (cartographer) StderrLine: {'line': b'                 from \x1b[01m\x1b[K/home/yahboom/5550_ros2_ws/build/cartographer/cartographer/sensor/proto/sensor.pb.h:26\x1b[m\x1b[K,\n'}
[145.508458] (cartographer) StderrLine: {'line': b'                 from \x1b[01m\x1b[K/home/yahboom/5550_ros2_ws/src/cartographer/cartographer/sensor/rangefinder_point.h:23\x1b[m\x1b[K,\n'}
[145.508520] (cartographer) StderrLine: {'line': b'                 from \x1b[01m\x1b[K/home/yahboom/5550_ros2_ws/src/cartographer/cartographer/io/points_batch.h:28\x1b[m\x1b[K,\n'}
[145.508575] (cartographer) StderrLine: {'line': b'                 from \x1b[01m\x1b[K/home/yahboom/5550_ros2_ws/src/cartographer/cartographer/io/image.h:27\x1b[m\x1b[K,\n'}
[145.508630] (cartographer) StderrLine: {'line': b'                 from \x1b[01m\x1b[K/home/yahboom/5550_ros2_ws/src/cartographer/cartographer/io/probability_grid_points_processor.h:23\x1b[m\x1b[K,\n'}
[145.508688] (cartographer) StderrLine: {'line': b'                 from \x1b[01m\x1b[K/home/yahboom/5550_ros2_ws/src/cartographer/cartographer/io/probability_grid_points_processor_test.cc:17\x1b[m\x1b[K:\n'}
[145.508760] (cartographer) StderrLine: {'line': b'\x1b[01m\x1b[K/usr/include/google/protobuf/message_lite.h:408:7:\x1b[m\x1b[K \x1b[01;36m\x1b[Knote: \x1b[m\x1b[Kdeclared here\n'}
[145.508820] (cartographer) StderrLine: {'line': b'  408 |   int \x1b[01;36m\x1b[KByteSize\x1b[m\x1b[K() const { return internal::ToIntSize(ByteSizeLong()); }\n'}
[145.508876] (cartographer) StderrLine: {'line': b'      |       \x1b[01;36m\x1b[K^~~~~~~~\x1b[m\x1b[K\n'}
[145.546880] (-) TimerEvent: {}
[145.647152] (-) TimerEvent: {}
[145.660784] (cartographer) StdoutLine: {'line': b'[ 64%] \x1b[32m\x1b[1mLinking CXX executable cartographer.io.points_processor_pipeline_builder_test\x1b[0m\n'}
[145.747264] (-) TimerEvent: {}
[145.847550] (-) TimerEvent: {}
[145.864972] (cartographer) StdoutLine: {'line': b'[ 64%] Built target cartographer.io.points_processor_pipeline_builder_test\n'}
[145.891397] (cartographer) StdoutLine: {'line': b'[ 64%] \x1b[32mBuilding CXX object CMakeFiles/cartographer.io.serialization_format_migration_test.dir/cartographer/io/serialization_format_migration_test.cc.o\x1b[0m\n'}
[145.947663] (-) TimerEvent: {}
[146.047969] (-) TimerEvent: {}
[146.148262] (-) TimerEvent: {}
[146.249947] (-) TimerEvent: {}
[146.350260] (-) TimerEvent: {}
[146.450557] (-) TimerEvent: {}
[146.550897] (-) TimerEvent: {}
[146.651189] (-) TimerEvent: {}
[146.753910] (-) TimerEvent: {}
[146.854258] (-) TimerEvent: {}
[146.876134] (cartographer) StdoutLine: {'line': b'[ 64%] \x1b[32m\x1b[1mLinking CXX executable cartographer.io.proto_stream_test\x1b[0m\n'}
[146.954367] (-) TimerEvent: {}
[147.006238] (cartographer) StdoutLine: {'line': b'[ 65%] \x1b[32m\x1b[1mLinking CXX executable cartographer.io.proto_stream_deserializer_test\x1b[0m\n'}
[147.029776] (cartographer) StdoutLine: {'line': b'[ 65%] Built target cartographer.io.proto_stream_test\n'}
[147.051183] (cartographer) StdoutLine: {'line': b'[ 65%] \x1b[32mBuilding CXX object CMakeFiles/cartographer.mapping.2d.map_limits_test.dir/cartographer/mapping/2d/map_limits_test.cc.o\x1b[0m\n'}
[147.054461] (-) TimerEvent: {}
[147.058603] (cartographer) StdoutLine: {'line': b'[ 65%] \x1b[32m\x1b[1mLinking CXX executable cartographer.io.probability_grid_points_processor_test\x1b[0m\n'}
[147.154580] (-) TimerEvent: {}
[147.193935] (cartographer) StdoutLine: {'line': b'[ 65%] Built target cartographer.io.proto_stream_deserializer_test\n'}
[147.217557] (cartographer) StdoutLine: {'line': b'[ 65%] \x1b[32mBuilding CXX object CMakeFiles/cartographer.mapping.2d.probability_grid_test.dir/cartographer/mapping/2d/probability_grid_test.cc.o\x1b[0m\n'}
[147.251646] (cartographer) StdoutLine: {'line': b'[ 65%] Built target cartographer.io.probability_grid_points_processor_test\n'}
[147.255772] (-) TimerEvent: {}
[147.271018] (cartographer) StdoutLine: {'line': b'[ 65%] \x1b[32mBuilding CXX object CMakeFiles/cartographer.mapping.2d.range_data_inserter_2d_test.dir/cartographer/mapping/2d/range_data_inserter_2d_test.cc.o\x1b[0m\n'}
[147.355873] (-) TimerEvent: {}
[147.456175] (-) TimerEvent: {}
[147.556454] (-) TimerEvent: {}
[147.656736] (-) TimerEvent: {}
[147.757041] (-) TimerEvent: {}
[147.857330] (-) TimerEvent: {}
[147.957603] (-) TimerEvent: {}
[148.059767] (-) TimerEvent: {}
[148.160060] (-) TimerEvent: {}
[148.260359] (-) TimerEvent: {}
[148.360629] (-) TimerEvent: {}
[148.461018] (-) TimerEvent: {}
[148.561390] (-) TimerEvent: {}
[148.661766] (-) TimerEvent: {}
[148.762154] (-) TimerEvent: {}
[148.864954] (-) TimerEvent: {}
[148.965327] (-) TimerEvent: {}
[149.065703] (-) TimerEvent: {}
[149.166101] (-) TimerEvent: {}
[149.266435] (-) TimerEvent: {}
[149.366775] (-) TimerEvent: {}
[149.467065] (-) TimerEvent: {}
[149.567363] (-) TimerEvent: {}
[149.667649] (-) TimerEvent: {}
[149.767953] (-) TimerEvent: {}
[149.769670] (cartographer) StdoutLine: {'line': b'[ 66%] \x1b[32m\x1b[1mLinking CXX executable cartographer.io.serialization_format_migration_test\x1b[0m\n'}
[149.868062] (-) TimerEvent: {}
[149.968387] (-) TimerEvent: {}
[150.020756] (cartographer) StdoutLine: {'line': b'[ 66%] \x1b[32m\x1b[1mLinking CXX executable cartographer.mapping.2d.map_limits_test\x1b[0m\n'}
[150.053024] (cartographer) StdoutLine: {'line': b'[ 66%] Built target cartographer.io.serialization_format_migration_test\n'}
[150.068492] (-) TimerEvent: {}
[150.075594] (cartographer) StdoutLine: {'line': b'[ 66%] \x1b[32mBuilding CXX object CMakeFiles/cartographer.mapping.2d.submap_2d_test.dir/cartographer/mapping/2d/submap_2d_test.cc.o\x1b[0m\n'}
[150.160754] (cartographer) StdoutLine: {'line': b'[ 66%] Built target cartographer.mapping.2d.map_limits_test\n'}
[150.168587] (-) TimerEvent: {}
[150.184456] (cartographer) StdoutLine: {'line': b'[ 66%] \x1b[32mBuilding CXX object CMakeFiles/cartographer.mapping.2d.xy_index_test.dir/cartographer/mapping/2d/xy_index_test.cc.o\x1b[0m\n'}
[150.268704] (-) TimerEvent: {}
[150.369086] (-) TimerEvent: {}
[150.469439] (-) TimerEvent: {}
[150.569774] (-) TimerEvent: {}
[150.628663] (cartographer) StdoutLine: {'line': b'[ 66%] \x1b[32m\x1b[1mLinking CXX executable cartographer.mapping.2d.range_data_inserter_2d_test\x1b[0m\n'}
[150.670769] (-) TimerEvent: {}
[150.771059] (-) TimerEvent: {}
[150.790780] (cartographer) StdoutLine: {'line': b'[ 66%] Built target cartographer.mapping.2d.range_data_inserter_2d_test\n'}
[150.814413] (cartographer) StdoutLine: {'line': b'[ 66%] \x1b[32mBuilding CXX object CMakeFiles/cartographer.mapping.3d.hybrid_grid_test.dir/cartographer/mapping/3d/hybrid_grid_test.cc.o\x1b[0m\n'}
[150.871169] (-) TimerEvent: {}
[150.948791] (cartographer) StdoutLine: {'line': b'[ 67%] \x1b[32m\x1b[1mLinking CXX executable cartographer.mapping.2d.probability_grid_test\x1b[0m\n'}
[150.971275] (-) TimerEvent: {}
[151.071551] (-) TimerEvent: {}
[151.100544] (cartographer) StdoutLine: {'line': b'[ 67%] Built target cartographer.mapping.2d.probability_grid_test\n'}
[151.124759] (cartographer) StdoutLine: {'line': b'[ 67%] \x1b[32mBuilding CXX object CMakeFiles/cartographer.mapping.3d.range_data_inserter_3d_test.dir/cartographer/mapping/3d/range_data_inserter_3d_test.cc.o\x1b[0m\n'}
[151.171661] (-) TimerEvent: {}
[151.271959] (-) TimerEvent: {}
[151.372230] (-) TimerEvent: {}
[151.474771] (-) TimerEvent: {}
[151.575048] (-) TimerEvent: {}
[151.675343] (-) TimerEvent: {}
[151.775640] (-) TimerEvent: {}
[151.875965] (-) TimerEvent: {}
[151.976257] (-) TimerEvent: {}
[152.078082] (-) TimerEvent: {}
[152.178387] (-) TimerEvent: {}
[152.281884] (-) TimerEvent: {}
[152.382179] (-) TimerEvent: {}
[152.482473] (-) TimerEvent: {}
[152.582771] (-) TimerEvent: {}
[152.683065] (-) TimerEvent: {}
[152.783332] (-) TimerEvent: {}
[152.881812] (cartographer) StdoutLine: {'line': b'[ 67%] \x1b[32m\x1b[1mLinking CXX executable cartographer.mapping.2d.xy_index_test\x1b[0m\n'}
[152.883415] (-) TimerEvent: {}
[152.983664] (-) TimerEvent: {}
[153.007514] (cartographer) StdoutLine: {'line': b'[ 67%] Built target cartographer.mapping.2d.xy_index_test\n'}
[153.032832] (cartographer) StdoutLine: {'line': b'[ 67%] \x1b[32mBuilding CXX object CMakeFiles/cartographer.mapping.3d.submap_3d_test.dir/cartographer/mapping/3d/submap_3d_test.cc.o\x1b[0m\n'}
[153.083778] (-) TimerEvent: {}
[153.184154] (-) TimerEvent: {}
[153.284550] (-) TimerEvent: {}
[153.384923] (-) TimerEvent: {}
[153.485281] (-) TimerEvent: {}
[153.585653] (-) TimerEvent: {}
[153.688775] (-) TimerEvent: {}
[153.789156] (-) TimerEvent: {}
[153.889543] (-) TimerEvent: {}
[153.989967] (-) TimerEvent: {}
[154.090343] (-) TimerEvent: {}
[154.190776] (-) TimerEvent: {}
[154.291065] (-) TimerEvent: {}
[154.315775] (cartographer) StdoutLine: {'line': b'[ 68%] \x1b[32m\x1b[1mLinking CXX executable cartographer.mapping.2d.submap_2d_test\x1b[0m\n'}
[154.391171] (-) TimerEvent: {}
[154.491557] (-) TimerEvent: {}
[154.515837] (cartographer) StdoutLine: {'line': b'[ 68%] Built target cartographer.mapping.2d.submap_2d_test\n'}
[154.541437] (cartographer) StdoutLine: {'line': b'[ 68%] \x1b[32mBuilding CXX object CMakeFiles/cartographer.mapping.id_test.dir/cartographer/mapping/id_test.cc.o\x1b[0m\n'}
[154.591671] (-) TimerEvent: {}
[154.692055] (-) TimerEvent: {}
[154.792414] (-) TimerEvent: {}
[154.892774] (-) TimerEvent: {}
[154.993146] (-) TimerEvent: {}
[155.036920] (cartographer) StdoutLine: {'line': b'[ 68%] \x1b[32m\x1b[1mLinking CXX executable cartographer.mapping.3d.range_data_inserter_3d_test\x1b[0m\n'}
[155.095772] (-) TimerEvent: {}
[155.177823] (cartographer) StdoutLine: {'line': b'[ 68%] Built target cartographer.mapping.3d.range_data_inserter_3d_test\n'}
[155.195869] (-) TimerEvent: {}
[155.196484] (cartographer) StdoutLine: {'line': b'[ 68%] \x1b[32mBuilding CXX object CMakeFiles/cartographer.mapping.imu_tracker_test.dir/cartographer/mapping/imu_tracker_test.cc.o\x1b[0m\n'}
[155.295977] (-) TimerEvent: {}
[155.396344] (-) TimerEvent: {}
[155.496720] (-) TimerEvent: {}
[155.597100] (-) TimerEvent: {}
[155.697456] (-) TimerEvent: {}
[155.797744] (-) TimerEvent: {}
[155.835255] (cartographer) StdoutLine: {'line': b'[ 69%] \x1b[32m\x1b[1mLinking CXX executable cartographer.mapping.3d.hybrid_grid_test\x1b[0m\n'}
[155.897872] (-) TimerEvent: {}
[155.967217] (cartographer) StdoutLine: {'line': b'[ 69%] Built target cartographer.mapping.3d.hybrid_grid_test\n'}
[155.990207] (cartographer) StdoutLine: {'line': b'[ 69%] \x1b[32mBuilding CXX object CMakeFiles/cartographer.mapping.internal.2d.normal_estimation_2d_test.dir/cartographer/mapping/internal/2d/normal_estimation_2d_test.cc.o\x1b[0m\n'}
[155.997961] (-) TimerEvent: {}
[156.098327] (-) TimerEvent: {}
[156.198597] (-) TimerEvent: {}
[156.298996] (-) TimerEvent: {}
[156.399274] (-) TimerEvent: {}
[156.499665] (-) TimerEvent: {}
[156.600085] (-) TimerEvent: {}
[156.700382] (-) TimerEvent: {}
[156.800788] (-) TimerEvent: {}
[156.902968] (-) TimerEvent: {}
[157.003244] (-) TimerEvent: {}
[157.094926] (cartographer) StdoutLine: {'line': b'[ 70%] \x1b[32m\x1b[1mLinking CXX executable cartographer.mapping.3d.submap_3d_test\x1b[0m\n'}
[157.103349] (-) TimerEvent: {}
[157.203619] (-) TimerEvent: {}
[157.295097] (cartographer) StdoutLine: {'line': b'[ 70%] Built target cartographer.mapping.3d.submap_3d_test\n'}
[157.303717] (-) TimerEvent: {}
[157.317968] (cartographer) StdoutLine: {'line': b'[ 71%] \x1b[32mBuilding CXX object CMakeFiles/cartographer.mapping.internal.2d.overlapping_submaps_trimmer_2d_test.dir/cartographer/mapping/internal/2d/overlapping_submaps_trimmer_2d_test.cc.o\x1b[0m\n'}
[157.403876] (-) TimerEvent: {}
[157.504143] (-) TimerEvent: {}
[157.586078] (cartographer) StdoutLine: {'line': b'[ 72%] \x1b[32m\x1b[1mLinking CXX executable cartographer.mapping.imu_tracker_test\x1b[0m\n'}
[157.604249] (-) TimerEvent: {}
[157.704614] (-) TimerEvent: {}
[157.705505] (cartographer) StdoutLine: {'line': b'[ 72%] Built target cartographer.mapping.imu_tracker_test\n'}
[157.729778] (cartographer) StdoutLine: {'line': b'[ 72%] \x1b[32mBuilding CXX object CMakeFiles/cartographer.mapping.internal.2d.pose_graph_2d_test.dir/cartographer/mapping/internal/2d/pose_graph_2d_test.cc.o\x1b[0m\n'}
[157.804742] (-) TimerEvent: {}
[157.905142] (-) TimerEvent: {}
[158.007933] (-) TimerEvent: {}
[158.108320] (-) TimerEvent: {}
[158.208706] (-) TimerEvent: {}
[158.309105] (-) TimerEvent: {}
[158.393278] (cartographer) StdoutLine: {'line': b'[ 72%] \x1b[32m\x1b[1mLinking CXX executable cartographer.mapping.id_test\x1b[0m\n'}
[158.409206] (-) TimerEvent: {}
[158.509554] (-) TimerEvent: {}
[158.510441] (cartographer) StdoutLine: {'line': b'[ 72%] Built target cartographer.mapping.id_test\n'}
[158.534909] (cartographer) StdoutLine: {'line': b'[ 73%] \x1b[32mBuilding CXX object CMakeFiles/cartographer.mapping.internal.2d.ray_to_pixel_mask_test.dir/cartographer/mapping/internal/2d/ray_to_pixel_mask_test.cc.o\x1b[0m\n'}
[158.609665] (-) TimerEvent: {}
[158.710898] (-) TimerEvent: {}
[158.811198] (-) TimerEvent: {}
[158.911483] (-) TimerEvent: {}
[159.011768] (-) TimerEvent: {}
[159.114776] (-) TimerEvent: {}
[159.215062] (-) TimerEvent: {}
[159.315426] (-) TimerEvent: {}
[159.415712] (-) TimerEvent: {}
[159.516012] (-) TimerEvent: {}
[159.616342] (-) TimerEvent: {}
[159.689319] (cartographer) StdoutLine: {'line': b'[ 73%] \x1b[32m\x1b[1mLinking CXX executable cartographer.mapping.internal.2d.normal_estimation_2d_test\x1b[0m\n'}
[159.716442] (-) TimerEvent: {}
[159.816712] (-) TimerEvent: {}
[159.830450] (cartographer) StdoutLine: {'line': b'[ 73%] Built target cartographer.mapping.internal.2d.normal_estimation_2d_test\n'}
[159.855811] (cartographer) StdoutLine: {'line': b'[ 73%] \x1b[32mBuilding CXX object CMakeFiles/cartographer.mapping.internal.2d.scan_matching.ceres_scan_matcher_2d_test.dir/cartographer/mapping/internal/2d/scan_matching/ceres_scan_matcher_2d_test.cc.o\x1b[0m\n'}
[159.916798] (-) TimerEvent: {}
[160.017092] (-) TimerEvent: {}
[160.119898] (-) TimerEvent: {}
[160.220190] (-) TimerEvent: {}
[160.320481] (-) TimerEvent: {}
[160.420781] (-) TimerEvent: {}
[160.521086] (-) TimerEvent: {}
[160.621387] (-) TimerEvent: {}
[160.721683] (-) TimerEvent: {}
[160.821989] (-) TimerEvent: {}
[160.922286] (-) TimerEvent: {}
[161.022588] (-) TimerEvent: {}
[161.122908] (-) TimerEvent: {}
[161.224908] (-) TimerEvent: {}
[161.325201] (-) TimerEvent: {}
[161.425556] (-) TimerEvent: {}
[161.526113] (-) TimerEvent: {}
[161.626410] (-) TimerEvent: {}
[161.727138] (-) TimerEvent: {}
[161.828901] (-) TimerEvent: {}
[161.929204] (-) TimerEvent: {}
[162.029511] (-) TimerEvent: {}
[162.129778] (-) TimerEvent: {}
[162.230078] (-) TimerEvent: {}
[162.330373] (-) TimerEvent: {}
[162.432904] (-) TimerEvent: {}
[162.533187] (-) TimerEvent: {}
[162.588665] (cartographer) StdoutLine: {'line': b'[ 73%] \x1b[32m\x1b[1mLinking CXX executable cartographer.mapping.internal.2d.overlapping_submaps_trimmer_2d_test\x1b[0m\n'}
[162.633295] (-) TimerEvent: {}
[162.733590] (-) TimerEvent: {}
[162.799102] (cartographer) StdoutLine: {'line': b'[ 73%] Built target cartographer.mapping.internal.2d.overlapping_submaps_trimmer_2d_test\n'}
[162.821985] (cartographer) StdoutLine: {'line': b'[ 74%] \x1b[32mBuilding CXX object CMakeFiles/cartographer.mapping.internal.2d.scan_matching.correlative_scan_matcher_test.dir/cartographer/mapping/internal/2d/scan_matching/correlative_scan_matcher_test.cc.o\x1b[0m\n'}
[162.833696] (-) TimerEvent: {}
[162.933996] (-) TimerEvent: {}
[162.967244] (cartographer) StdoutLine: {'line': b'[ 74%] \x1b[32m\x1b[1mLinking CXX executable cartographer.mapping.internal.2d.ray_to_pixel_mask_test\x1b[0m\n'}
[163.034109] (-) TimerEvent: {}
[163.090832] (cartographer) StdoutLine: {'line': b'[ 74%] Built target cartographer.mapping.internal.2d.ray_to_pixel_mask_test\n'}
[163.126945] (cartographer) StdoutLine: {'line': b'[ 74%] \x1b[32mBuilding CXX object CMakeFiles/cartographer.mapping.internal.2d.scan_matching.fast_correlative_scan_matcher_2d_test.dir/cartographer/mapping/internal/2d/scan_matching/fast_correlative_scan_matcher_2d_test.cc.o\x1b[0m\n'}
[163.134218] (-) TimerEvent: {}
[163.234523] (-) TimerEvent: {}
[163.334783] (-) TimerEvent: {}
[163.435095] (-) TimerEvent: {}
[163.536888] (-) TimerEvent: {}
[163.637188] (-) TimerEvent: {}
[163.737489] (-) TimerEvent: {}
[163.837878] (-) TimerEvent: {}
[163.938253] (-) TimerEvent: {}
[163.977835] (cartographer) StdoutLine: {'line': b'[ 74%] \x1b[32m\x1b[1mLinking CXX executable cartographer.mapping.internal.2d.scan_matching.ceres_scan_matcher_2d_test\x1b[0m\n'}
[164.040774] (-) TimerEvent: {}
[164.141153] (-) TimerEvent: {}
[164.171829] (cartographer) StdoutLine: {'line': b'[ 74%] Built target cartographer.mapping.internal.2d.scan_matching.ceres_scan_matcher_2d_test\n'}
[164.194152] (cartographer) StdoutLine: {'line': b'[ 75%] \x1b[32mBuilding CXX object CMakeFiles/cartographer.mapping.internal.2d.scan_matching.interpolated_tsdf_2d_test.dir/cartographer/mapping/internal/2d/scan_matching/interpolated_tsdf_2d_test.cc.o\x1b[0m\n'}
[164.241265] (-) TimerEvent: {}
[164.341539] (-) TimerEvent: {}
[164.441933] (-) TimerEvent: {}
[164.542213] (-) TimerEvent: {}
[164.642511] (-) TimerEvent: {}
[164.742888] (-) TimerEvent: {}
[164.843155] (-) TimerEvent: {}
[164.861459] (cartographer) StdoutLine: {'line': b'[ 75%] \x1b[32m\x1b[1mLinking CXX executable cartographer.mapping.internal.2d.pose_graph_2d_test\x1b[0m\n'}
[164.943266] (-) TimerEvent: {}
[165.043637] (-) TimerEvent: {}
[165.132903] (cartographer) StdoutLine: {'line': b'[ 75%] Built target cartographer.mapping.internal.2d.pose_graph_2d_test\n'}
[165.143735] (-) TimerEvent: {}
[165.158147] (cartographer) StdoutLine: {'line': b'[ 75%] \x1b[32mBuilding CXX object CMakeFiles/cartographer.mapping.internal.2d.scan_matching.occupied_space_cost_function_2d_test.dir/cartographer/mapping/internal/2d/scan_matching/occupied_space_cost_function_2d_test.cc.o\x1b[0m\n'}
[165.243879] (-) TimerEvent: {}
[165.344251] (-) TimerEvent: {}
[165.444630] (-) TimerEvent: {}
[165.545014] (-) TimerEvent: {}
[165.647943] (-) TimerEvent: {}
[165.748316] (-) TimerEvent: {}
[165.848693] (-) TimerEvent: {}
[165.949087] (-) TimerEvent: {}
[166.049364] (-) TimerEvent: {}
[166.120849] (cartographer) StdoutLine: {'line': b'[ 75%] \x1b[32m\x1b[1mLinking CXX executable cartographer.mapping.internal.2d.scan_matching.correlative_scan_matcher_test\x1b[0m\n'}
[166.149498] (-) TimerEvent: {}
[166.234907] (cartographer) StdoutLine: {'line': b'[ 75%] Built target cartographer.mapping.internal.2d.scan_matching.correlative_scan_matcher_test\n'}
[166.249600] (-) TimerEvent: {}
[166.257622] (cartographer) StdoutLine: {'line': b'[ 76%] \x1b[32mBuilding CXX object CMakeFiles/cartographer.mapping.internal.2d.scan_matching.real_time_correlative_scan_matcher_2d_test.dir/cartographer/mapping/internal/2d/scan_matching/real_time_correlative_scan_matcher_2d_test.cc.o\x1b[0m\n'}
[166.349709] (-) TimerEvent: {}
[166.451914] (-) TimerEvent: {}
[166.552279] (-) TimerEvent: {}
[166.652650] (-) TimerEvent: {}
[166.753054] (-) TimerEvent: {}
[166.853437] (-) TimerEvent: {}
[166.953720] (-) TimerEvent: {}
[167.054023] (-) TimerEvent: {}
[167.156779] (-) TimerEvent: {}
[167.257173] (-) TimerEvent: {}
[167.357566] (-) TimerEvent: {}
[167.450321] (cartographer) StdoutLine: {'line': b'[ 76%] \x1b[32m\x1b[1mLinking CXX executable cartographer.mapping.internal.2d.scan_matching.interpolated_tsdf_2d_test\x1b[0m\n'}
[167.457660] (-) TimerEvent: {}
[167.557957] (-) TimerEvent: {}
[167.611999] (cartographer) StdoutLine: {'line': b'[ 76%] Built target cartographer.mapping.internal.2d.scan_matching.interpolated_tsdf_2d_test\n'}
[167.658141] (-) TimerEvent: {}
[167.758566] (-) TimerEvent: {}
[167.859391] (-) TimerEvent: {}
[167.959802] (-) TimerEvent: {}
[168.041124] (cartographer) StdoutLine: {'line': b'[ 76%] \x1b[32m\x1b[1mLinking CXX executable cartographer.mapping.internal.2d.scan_matching.fast_correlative_scan_matcher_2d_test\x1b[0m\n'}
[168.060775] (-) TimerEvent: {}
[168.161076] (-) TimerEvent: {}
[168.193797] (cartographer) StdoutLine: {'line': b'[ 76%] Built target cartographer.mapping.internal.2d.scan_matching.fast_correlative_scan_matcher_2d_test\n'}
[168.261195] (-) TimerEvent: {}
[168.361523] (-) TimerEvent: {}
[168.461919] (-) TimerEvent: {}
[168.562347] (-) TimerEvent: {}
[168.662613] (-) TimerEvent: {}
[168.701987] (cartographer) StdoutLine: {'line': b'[ 76%] \x1b[32m\x1b[1mLinking CXX executable cartographer.mapping.internal.2d.scan_matching.occupied_space_cost_function_2d_test\x1b[0m\n'}
[168.762838] (-) TimerEvent: {}
[168.849334] (cartographer) StdoutLine: {'line': b'[ 76%] Built target cartographer.mapping.internal.2d.scan_matching.occupied_space_cost_function_2d_test\n'}
[168.862934] (-) TimerEvent: {}
[168.963196] (-) TimerEvent: {}
[169.063563] (-) TimerEvent: {}
[169.164069] (-) TimerEvent: {}
[169.264503] (-) TimerEvent: {}
[169.364874] (-) TimerEvent: {}
[169.465213] (-) TimerEvent: {}
[169.551761] (cartographer) StdoutLine: {'line': b'[ 76%] \x1b[32m\x1b[1mLinking CXX executable cartographer.mapping.internal.2d.scan_matching.real_time_correlative_scan_matcher_2d_test\x1b[0m\n'}
[169.565310] (-) TimerEvent: {}
[169.665558] (-) TimerEvent: {}
[169.672654] (cartographer) StdoutLine: {'line': b'[ 76%] Built target cartographer.mapping.internal.2d.scan_matching.real_time_correlative_scan_matcher_2d_test\n'}
[169.689140] (cartographer) StdoutLine: {'line': b'[ 76%] \x1b[32mBuilding CXX object CMakeFiles/cartographer.mapping.internal.2d.tsdf_2d_test.dir/cartographer/mapping/internal/2d/tsdf_2d_test.cc.o\x1b[0m\n'}
[169.765773] (-) TimerEvent: {}
[169.866155] (-) TimerEvent: {}
[169.966561] (-) TimerEvent: {}
[170.066959] (-) TimerEvent: {}
[170.167344] (-) TimerEvent: {}
[170.267691] (-) TimerEvent: {}
[170.368169] (-) TimerEvent: {}
[170.468595] (-) TimerEvent: {}
[170.568968] (-) TimerEvent: {}
[170.669293] (-) TimerEvent: {}
[170.769676] (-) TimerEvent: {}
[170.870216] (-) TimerEvent: {}
[170.970520] (-) TimerEvent: {}
[171.070930] (-) TimerEvent: {}
[171.171330] (-) TimerEvent: {}
[171.271655] (-) TimerEvent: {}
[171.372169] (-) TimerEvent: {}
[171.472491] (-) TimerEvent: {}
[171.572791] (-) TimerEvent: {}
[171.673054] (-) TimerEvent: {}
[171.773340] (-) TimerEvent: {}
[171.873730] (-) TimerEvent: {}
[171.974216] (-) TimerEvent: {}
[172.074480] (-) TimerEvent: {}
[172.174782] (-) TimerEvent: {}
[172.275043] (-) TimerEvent: {}
[172.363423] (cartographer) StdoutLine: {'line': b'[ 76%] \x1b[32m\x1b[1mLinking CXX executable cartographer.mapping.internal.2d.tsdf_2d_test\x1b[0m\n'}
[172.375231] (-) TimerEvent: {}
[172.475928] (-) TimerEvent: {}
[172.481974] (cartographer) StdoutLine: {'line': b'[ 76%] Built target cartographer.mapping.internal.2d.tsdf_2d_test\n'}
[172.498667] (cartographer) StdoutLine: {'line': b'[ 77%] \x1b[32mBuilding CXX object CMakeFiles/cartographer.mapping.internal.2d.tsdf_range_data_inserter_2d_test.dir/cartographer/mapping/internal/2d/tsdf_range_data_inserter_2d_test.cc.o\x1b[0m\n'}
[172.576083] (-) TimerEvent: {}
[172.676464] (-) TimerEvent: {}
[172.776893] (-) TimerEvent: {}
[172.877213] (-) TimerEvent: {}
[172.977628] (-) TimerEvent: {}
[173.078041] (-) TimerEvent: {}
[173.178468] (-) TimerEvent: {}
[173.278792] (-) TimerEvent: {}
[173.379100] (-) TimerEvent: {}
[173.479406] (-) TimerEvent: {}
[173.510808] (cartographer) StdoutLine: {'line': b'[ 77%] \x1b[32mBuilding CXX object CMakeFiles/cartographer.mapping.internal.3d.local_trajectory_builder_3d_test.dir/cartographer/mapping/internal/3d/local_trajectory_builder_3d_test.cc.o\x1b[0m\n'}
[173.579600] (-) TimerEvent: {}
[173.679959] (-) TimerEvent: {}
[173.780315] (-) TimerEvent: {}
[173.880588] (-) TimerEvent: {}
[173.980979] (-) TimerEvent: {}
[174.081517] (-) TimerEvent: {}
[174.181855] (-) TimerEvent: {}
[174.282284] (-) TimerEvent: {}
[174.382749] (-) TimerEvent: {}
[174.483304] (-) TimerEvent: {}
[174.525274] (cartographer) StdoutLine: {'line': b'[ 78%] \x1b[32mBuilding CXX object CMakeFiles/cartographer.mapping.internal.2d.tsd_value_converter_test.dir/cartographer/mapping/internal/2d/tsd_value_converter_test.cc.o\x1b[0m\n'}
[174.583552] (-) TimerEvent: {}
[174.683893] (-) TimerEvent: {}
[174.784288] (-) TimerEvent: {}
[174.884775] (-) TimerEvent: {}
[174.985180] (-) TimerEvent: {}
[175.085756] (-) TimerEvent: {}
[175.186244] (-) TimerEvent: {}
[175.286732] (-) TimerEvent: {}
[175.387045] (-) TimerEvent: {}
[175.487396] (-) TimerEvent: {}
[175.538865] (cartographer) StdoutLine: {'line': b'[ 78%] \x1b[32mBuilding CXX object CMakeFiles/cartographer.mapping.internal.2d.scan_matching.tsdf_match_cost_function_2d_test.dir/cartographer/mapping/internal/2d/scan_matching/tsdf_match_cost_function_2d_test.cc.o\x1b[0m\n'}
[175.588769] (-) TimerEvent: {}
[175.689059] (-) TimerEvent: {}
[175.789360] (-) TimerEvent: {}
[175.889674] (-) TimerEvent: {}
[175.989997] (-) TimerEvent: {}
[176.090295] (-) TimerEvent: {}
[176.191886] (-) TimerEvent: {}
[176.292247] (-) TimerEvent: {}
[176.311204] (cartographer) StdoutLine: {'line': b'[ 78%] \x1b[32m\x1b[1mLinking CXX executable cartographer.mapping.internal.2d.tsdf_range_data_inserter_2d_test\x1b[0m\n'}
[176.392363] (-) TimerEvent: {}
[176.470190] (cartographer) StdoutLine: {'line': b'[ 78%] Built target cartographer.mapping.internal.2d.tsdf_range_data_inserter_2d_test\n'}
[176.493451] (-) TimerEvent: {}
[176.494260] (cartographer) StdoutLine: {'line': b'[ 79%] \x1b[32mBuilding CXX object CMakeFiles/cartographer.mapping.internal.3d.pose_graph_3d_test.dir/cartographer/mapping/internal/3d/pose_graph_3d_test.cc.o\x1b[0m\n'}
[176.593653] (-) TimerEvent: {}
[176.694059] (-) TimerEvent: {}
[176.794892] (-) TimerEvent: {}
[176.895179] (-) TimerEvent: {}
[176.995466] (-) TimerEvent: {}
[177.059792] (cartographer) StdoutLine: {'line': b'[ 79%] \x1b[32m\x1b[1mLinking CXX executable cartographer.mapping.internal.2d.tsd_value_converter_test\x1b[0m\n'}
[177.095581] (-) TimerEvent: {}
[177.179425] (cartographer) StdoutLine: {'line': b'[ 79%] Built target cartographer.mapping.internal.2d.tsd_value_converter_test\n'}
[177.195691] (-) TimerEvent: {}
[177.202299] (cartographer) StdoutLine: {'line': b'[ 79%] \x1b[32mBuilding CXX object CMakeFiles/cartographer.mapping.internal.3d.scan_matching.ceres_scan_matcher_3d_test.dir/cartographer/mapping/internal/3d/scan_matching/ceres_scan_matcher_3d_test.cc.o\x1b[0m\n'}
[177.295801] (-) TimerEvent: {}
[177.396107] (-) TimerEvent: {}
[177.497778] (-) TimerEvent: {}
[177.598083] (-) TimerEvent: {}
[177.698371] (-) TimerEvent: {}
[177.798666] (-) TimerEvent: {}
[177.899007] (-) TimerEvent: {}
[177.999365] (-) TimerEvent: {}
[178.101880] (-) TimerEvent: {}
[178.202235] (-) TimerEvent: {}
[178.302600] (-) TimerEvent: {}
[178.402985] (-) TimerEvent: {}
[178.503353] (-) TimerEvent: {}
[178.603715] (-) TimerEvent: {}
[178.704062] (-) TimerEvent: {}
[178.804447] (-) TimerEvent: {}
[178.905690] (-) TimerEvent: {}
[178.923912] (cartographer) StdoutLine: {'line': b'[ 79%] \x1b[32m\x1b[1mLinking CXX executable cartographer.mapping.internal.3d.local_trajectory_builder_3d_test\x1b[0m\n'}
[179.005822] (-) TimerEvent: {}
[179.106177] (-) TimerEvent: {}
[179.161277] (cartographer) StdoutLine: {'line': b'[ 79%] Built target cartographer.mapping.internal.3d.local_trajectory_builder_3d_test\n'}
[179.186258] (cartographer) StdoutLine: {'line': b'[ 79%] \x1b[32mBuilding CXX object CMakeFiles/cartographer.mapping.internal.3d.scan_matching.fast_correlative_scan_matcher_3d_test.dir/cartographer/mapping/internal/3d/scan_matching/fast_correlative_scan_matcher_3d_test.cc.o\x1b[0m\n'}
[179.208767] (-) TimerEvent: {}
[179.309042] (-) TimerEvent: {}
[179.409318] (-) TimerEvent: {}
[179.509606] (-) TimerEvent: {}
[179.609923] (-) TimerEvent: {}
[179.710211] (-) TimerEvent: {}
[179.810499] (-) TimerEvent: {}
[179.910777] (-) TimerEvent: {}
[180.011073] (-) TimerEvent: {}
[180.111359] (-) TimerEvent: {}
[180.125822] (cartographer) StdoutLine: {'line': b'[ 79%] \x1b[32m\x1b[1mLinking CXX executable cartographer.mapping.internal.2d.scan_matching.tsdf_match_cost_function_2d_test\x1b[0m\n'}
[180.213778] (-) TimerEvent: {}
[180.289618] (cartographer) StdoutLine: {'line': b'[ 79%] Built target cartographer.mapping.internal.2d.scan_matching.tsdf_match_cost_function_2d_test\n'}
[180.312267] (cartographer) StdoutLine: {'line': b'[ 79%] \x1b[32mBuilding CXX object CMakeFiles/cartographer.mapping.internal.3d.scan_matching.intensity_cost_function_3d_test.dir/cartographer/mapping/internal/3d/scan_matching/intensity_cost_function_3d_test.cc.o\x1b[0m\n'}
[180.313850] (-) TimerEvent: {}
[180.414086] (-) TimerEvent: {}
[180.514377] (-) TimerEvent: {}
[180.614670] (-) TimerEvent: {}
[180.714981] (-) TimerEvent: {}
[180.815282] (-) TimerEvent: {}
[180.915592] (-) TimerEvent: {}
[181.017898] (-) TimerEvent: {}
[181.118187] (-) TimerEvent: {}
[181.218487] (-) TimerEvent: {}
[181.318777] (-) TimerEvent: {}
[181.419067] (-) TimerEvent: {}
[181.519376] (-) TimerEvent: {}
[181.619666] (-) TimerEvent: {}
[181.719977] (-) TimerEvent: {}
[181.820242] (-) TimerEvent: {}
[181.921788] (-) TimerEvent: {}
[182.022072] (-) TimerEvent: {}
[182.122346] (-) TimerEvent: {}
[182.222703] (-) TimerEvent: {}
[182.247486] (cartographer) StdoutLine: {'line': b'[ 80%] \x1b[32m\x1b[1mLinking CXX executable cartographer.mapping.internal.3d.scan_matching.ceres_scan_matcher_3d_test\x1b[0m\n'}
[182.265044] (cartographer) StdoutLine: {'line': b'[ 80%] \x1b[32m\x1b[1mLinking CXX executable cartographer.mapping.internal.3d.pose_graph_3d_test\x1b[0m\n'}
[182.322776] (-) TimerEvent: {}
[182.414259] (cartographer) StdoutLine: {'line': b'[ 80%] Built target cartographer.mapping.internal.3d.scan_matching.ceres_scan_matcher_3d_test\n'}
[182.424046] (-) TimerEvent: {}
[182.436305] (cartographer) StdoutLine: {'line': b'[ 80%] \x1b[32mBuilding CXX object CMakeFiles/cartographer.mapping.internal.3d.scan_matching.interpolated_grid_test.dir/cartographer/mapping/internal/3d/scan_matching/interpolated_grid_test.cc.o\x1b[0m\n'}
[182.524158] (-) TimerEvent: {}
[182.536886] (cartographer) StdoutLine: {'line': b'[ 80%] Built target cartographer.mapping.internal.3d.pose_graph_3d_test\n'}
[182.559836] (cartographer) StdoutLine: {'line': b'[ 80%] \x1b[32mBuilding CXX object CMakeFiles/cartographer.mapping.internal.3d.scan_matching.precomputation_grid_3d_test.dir/cartographer/mapping/internal/3d/scan_matching/precomputation_grid_3d_test.cc.o\x1b[0m\n'}
[182.624267] (-) TimerEvent: {}
[182.724629] (-) TimerEvent: {}
[182.825019] (-) TimerEvent: {}
[182.925394] (-) TimerEvent: {}
[183.025773] (-) TimerEvent: {}
[183.126147] (-) TimerEvent: {}
[183.226445] (-) TimerEvent: {}
[183.328767] (-) TimerEvent: {}
[183.429044] (-) TimerEvent: {}
[183.529327] (-) TimerEvent: {}
[183.629611] (-) TimerEvent: {}
[183.729907] (-) TimerEvent: {}
[183.830177] (-) TimerEvent: {}
[183.930464] (-) TimerEvent: {}
[184.030757] (-) TimerEvent: {}
[184.131043] (-) TimerEvent: {}
[184.233774] (-) TimerEvent: {}
[184.334052] (-) TimerEvent: {}
[184.366936] (cartographer) StdoutLine: {'line': b'[ 81%] \x1b[32m\x1b[1mLinking CXX executable cartographer.mapping.internal.3d.scan_matching.intensity_cost_function_3d_test\x1b[0m\n'}
[184.434160] (-) TimerEvent: {}
[184.486823] (cartographer) StdoutLine: {'line': b'[ 81%] Built target cartographer.mapping.internal.3d.scan_matching.intensity_cost_function_3d_test\n'}
[184.509649] (cartographer) StdoutLine: {'line': b'[ 81%] \x1b[32mBuilding CXX object CMakeFiles/cartographer.mapping.internal.3d.scan_matching.real_time_correlative_scan_matcher_3d_test.dir/cartographer/mapping/internal/3d/scan_matching/real_time_correlative_scan_matcher_3d_test.cc.o\x1b[0m\n'}
[184.534264] (-) TimerEvent: {}
[184.634557] (-) TimerEvent: {}
[184.734890] (-) TimerEvent: {}
[184.788293] (cartographer) StdoutLine: {'line': b'[ 81%] \x1b[32m\x1b[1mLinking CXX executable cartographer.mapping.internal.3d.scan_matching.fast_correlative_scan_matcher_3d_test\x1b[0m\n'}
[184.834995] (-) TimerEvent: {}
[184.935272] (-) TimerEvent: {}
[184.936117] (cartographer) StdoutLine: {'line': b'[ 81%] Built target cartographer.mapping.internal.3d.scan_matching.fast_correlative_scan_matcher_3d_test\n'}
[184.958425] (cartographer) StdoutLine: {'line': b'[ 81%] \x1b[32mBuilding CXX object CMakeFiles/cartographer.mapping.internal.3d.scan_matching.rotation_delta_cost_functor_3d_test.dir/cartographer/mapping/internal/3d/scan_matching/rotation_delta_cost_functor_3d_test.cc.o\x1b[0m\n'}
[185.035376] (-) TimerEvent: {}
[185.135657] (-) TimerEvent: {}
[185.235980] (-) TimerEvent: {}
[185.338773] (-) TimerEvent: {}
[185.439047] (-) TimerEvent: {}
[185.539319] (-) TimerEvent: {}
[185.639599] (-) TimerEvent: {}
[185.739913] (-) TimerEvent: {}
[185.840194] (-) TimerEvent: {}
[185.857576] (cartographer) StdoutLine: {'line': b'[ 81%] \x1b[32m\x1b[1mLinking CXX executable cartographer.mapping.internal.3d.scan_matching.interpolated_grid_test\x1b[0m\n'}
[185.940305] (-) TimerEvent: {}
[185.977875] (cartographer) StdoutLine: {'line': b'[ 81%] Built target cartographer.mapping.internal.3d.scan_matching.interpolated_grid_test\n'}
[185.981988] (cartographer) StdoutLine: {'line': b'[ 82%] \x1b[32m\x1b[1mLinking CXX executable cartographer.mapping.internal.3d.scan_matching.precomputation_grid_3d_test\x1b[0m\n'}
[186.002759] (cartographer) StdoutLine: {'line': b'[ 82%] \x1b[32mBuilding CXX object CMakeFiles/cartographer.mapping.internal.3d.scan_matching.rotational_scan_matcher_test.dir/cartographer/mapping/internal/3d/scan_matching/rotational_scan_matcher_test.cc.o\x1b[0m\n'}
[186.040419] (-) TimerEvent: {}
[186.103156] (cartographer) StdoutLine: {'line': b'[ 82%] Built target cartographer.mapping.internal.3d.scan_matching.precomputation_grid_3d_test\n'}
[186.128806] (cartographer) StdoutLine: {'line': b'[ 82%] \x1b[32mBuilding CXX object CMakeFiles/cartographer.mapping.internal.connected_components_test.dir/cartographer/mapping/internal/connected_components_test.cc.o\x1b[0m\n'}
[186.140523] (-) TimerEvent: {}
[186.240778] (-) TimerEvent: {}
[186.341077] (-) TimerEvent: {}
[186.441373] (-) TimerEvent: {}
[186.541678] (-) TimerEvent: {}
[186.642023] (-) TimerEvent: {}
[186.743907] (-) TimerEvent: {}
[186.844214] (-) TimerEvent: {}
[186.944515] (-) TimerEvent: {}
[187.044776] (-) TimerEvent: {}
[187.145085] (-) TimerEvent: {}
[187.245395] (-) TimerEvent: {}
[187.346896] (-) TimerEvent: {}
[187.447262] (-) TimerEvent: {}
[187.547548] (-) TimerEvent: {}
[187.647940] (-) TimerEvent: {}
[187.665629] (cartographer) StdoutLine: {'line': b'[ 83%] \x1b[32m\x1b[1mLinking CXX executable cartographer.mapping.internal.3d.scan_matching.rotation_delta_cost_functor_3d_test\x1b[0m\n'}
[187.750779] (-) TimerEvent: {}
[187.791598] (cartographer) StdoutLine: {'line': b'[ 83%] Built target cartographer.mapping.internal.3d.scan_matching.rotation_delta_cost_functor_3d_test\n'}
[187.818552] (cartographer) StdoutLine: {'line': b'[ 83%] \x1b[32mBuilding CXX object CMakeFiles/cartographer.mapping.internal.constraints.constraint_builder_2d_test.dir/cartographer/mapping/internal/constraints/constraint_builder_2d_test.cc.o\x1b[0m\n'}
[187.850889] (-) TimerEvent: {}
[187.951208] (-) TimerEvent: {}
[188.051522] (-) TimerEvent: {}
[188.151825] (-) TimerEvent: {}
[188.252142] (-) TimerEvent: {}
[188.352446] (-) TimerEvent: {}
[188.452751] (-) TimerEvent: {}
[188.555882] (-) TimerEvent: {}
[188.656181] (-) TimerEvent: {}
[188.756539] (-) TimerEvent: {}
[188.856885] (-) TimerEvent: {}
[188.957183] (-) TimerEvent: {}
[189.057523] (-) TimerEvent: {}
[189.157887] (-) TimerEvent: {}
[189.234844] (cartographer) StdoutLine: {'line': b'[ 83%] \x1b[32m\x1b[1mLinking CXX executable cartographer.mapping.internal.3d.scan_matching.rotational_scan_matcher_test\x1b[0m\n'}
[189.258544] (-) TimerEvent: {}
[189.358975] (-) TimerEvent: {}
[189.362788] (cartographer) StdoutLine: {'line': b'[ 83%] Built target cartographer.mapping.internal.3d.scan_matching.rotational_scan_matcher_test\n'}
[189.388982] (cartographer) StdoutLine: {'line': b'[ 83%] \x1b[32mBuilding CXX object CMakeFiles/cartographer.mapping.internal.constraints.constraint_builder_3d_test.dir/cartographer/mapping/internal/constraints/constraint_builder_3d_test.cc.o\x1b[0m\n'}
[189.459084] (-) TimerEvent: {}
[189.466377] (cartographer) StdoutLine: {'line': b'[ 83%] \x1b[32m\x1b[1mLinking CXX executable cartographer.mapping.internal.3d.scan_matching.real_time_correlative_scan_matcher_3d_test\x1b[0m\n'}
[189.559191] (-) TimerEvent: {}
[189.609512] (cartographer) StdoutLine: {'line': b'[ 83%] Built target cartographer.mapping.internal.3d.scan_matching.real_time_correlative_scan_matcher_3d_test\n'}
[189.632166] (cartographer) StdoutLine: {'line': b'[ 83%] \x1b[32mBuilding CXX object CMakeFiles/cartographer.mapping.internal.motion_filter_test.dir/cartographer/mapping/internal/motion_filter_test.cc.o\x1b[0m\n'}
[189.659298] (-) TimerEvent: {}
[189.762624] (-) TimerEvent: {}
[189.860459] (cartographer) StdoutLine: {'line': b'[ 84%] \x1b[32m\x1b[1mLinking CXX executable cartographer.mapping.internal.connected_components_test\x1b[0m\n'}
[189.862706] (-) TimerEvent: {}
[189.962971] (-) TimerEvent: {}
[190.001828] (cartographer) StdoutLine: {'line': b'[ 84%] Built target cartographer.mapping.internal.connected_components_test\n'}
[190.023019] (cartographer) StdoutLine: {'line': b'[ 84%] \x1b[32mBuilding CXX object CMakeFiles/cartographer.mapping.internal.optimization.cost_functions.landmark_cost_function_2d_test.dir/cartographer/mapping/internal/optimization/cost_functions/landmark_cost_function_2d_test.cc.o\x1b[0m\n'}
[190.063087] (-) TimerEvent: {}
[190.163531] (-) TimerEvent: {}
[190.263948] (-) TimerEvent: {}
[190.364333] (-) TimerEvent: {}
[190.467781] (-) TimerEvent: {}
[190.568194] (-) TimerEvent: {}
[190.668487] (-) TimerEvent: {}
[190.768781] (-) TimerEvent: {}
[190.869160] (-) TimerEvent: {}
[190.969450] (-) TimerEvent: {}
[191.069879] (-) TimerEvent: {}
[191.170252] (-) TimerEvent: {}
[191.270535] (-) TimerEvent: {}
[191.370980] (-) TimerEvent: {}
[191.471377] (-) TimerEvent: {}
[191.571761] (-) TimerEvent: {}
[191.672213] (-) TimerEvent: {}
[191.774961] (-) TimerEvent: {}
[191.875357] (-) TimerEvent: {}
[191.975644] (-) TimerEvent: {}
[192.075962] (-) TimerEvent: {}
[192.176265] (-) TimerEvent: {}
[192.276550] (-) TimerEvent: {}
[192.376780] (-) TimerEvent: {}
[192.477071] (-) TimerEvent: {}
[192.577364] (-) TimerEvent: {}
[192.680896] (-) TimerEvent: {}
[192.722934] (cartographer) StdoutLine: {'line': b'[ 84%] \x1b[32m\x1b[1mLinking CXX executable cartographer.mapping.internal.motion_filter_test\x1b[0m\n'}
[192.781081] (-) TimerEvent: {}
[192.860899] (cartographer) StdoutLine: {'line': b'[ 84%] Built target cartographer.mapping.internal.motion_filter_test\n'}
[192.881177] (-) TimerEvent: {}
[192.883181] (cartographer) StdoutLine: {'line': b'[ 84%] \x1b[32mBuilding CXX object CMakeFiles/cartographer.mapping.internal.optimization.cost_functions.landmark_cost_function_3d_test.dir/cartographer/mapping/internal/optimization/cost_functions/landmark_cost_function_3d_test.cc.o\x1b[0m\n'}
[192.981290] (-) TimerEvent: {}
[193.081585] (-) TimerEvent: {}
[193.181898] (-) TimerEvent: {}
[193.275416] (cartographer) StdoutLine: {'line': b'[ 84%] \x1b[32m\x1b[1mLinking CXX executable cartographer.mapping.internal.constraints.constraint_builder_2d_test\x1b[0m\n'}
[193.281990] (-) TimerEvent: {}
[193.382266] (-) TimerEvent: {}
[193.482578] (-) TimerEvent: {}
[193.534670] (cartographer) StdoutLine: {'line': b'[ 84%] Built target cartographer.mapping.internal.constraints.constraint_builder_2d_test\n'}
[193.558030] (cartographer) StdoutLine: {'line': b'[ 84%] \x1b[32mBuilding CXX object CMakeFiles/cartographer.mapping.internal.optimization.cost_functions.spa_cost_function_2d_test.dir/cartographer/mapping/internal/optimization/cost_functions/spa_cost_function_2d_test.cc.o\x1b[0m\n'}
[193.582683] (-) TimerEvent: {}
[193.682981] (-) TimerEvent: {}
[193.783287] (-) TimerEvent: {}
[193.883581] (-) TimerEvent: {}
[193.983932] (-) TimerEvent: {}
[194.084226] (-) TimerEvent: {}
[194.185772] (-) TimerEvent: {}
[194.286078] (-) TimerEvent: {}
[194.386367] (-) TimerEvent: {}
[194.486769] (-) TimerEvent: {}
[194.587082] (-) TimerEvent: {}
[194.688891] (-) TimerEvent: {}
[194.789175] (-) TimerEvent: {}
[194.889470] (-) TimerEvent: {}
[194.989760] (-) TimerEvent: {}
[195.090069] (-) TimerEvent: {}
[195.190358] (-) TimerEvent: {}
[195.243144] (cartographer) StdoutLine: {'line': b'[ 85%] \x1b[32m\x1b[1mLinking CXX executable cartographer.mapping.internal.constraints.constraint_builder_3d_test\x1b[0m\n'}
[195.292768] (-) TimerEvent: {}
[195.393137] (-) TimerEvent: {}
[195.493511] (-) TimerEvent: {}
[195.495417] (cartographer) StdoutLine: {'line': b'[ 85%] Built target cartographer.mapping.internal.constraints.constraint_builder_3d_test\n'}
[195.518768] (cartographer) StdoutLine: {'line': b'[ 85%] \x1b[32mBuilding CXX object CMakeFiles/cartographer.mapping.internal.optimization.optimization_problem_3d_test.dir/cartographer/mapping/internal/optimization/optimization_problem_3d_test.cc.o\x1b[0m\n'}
[195.593636] (-) TimerEvent: {}
[195.649482] (cartographer) StdoutLine: {'line': b'[ 86%] \x1b[32m\x1b[1mLinking CXX executable cartographer.mapping.internal.optimization.cost_functions.landmark_cost_function_2d_test\x1b[0m\n'}
[195.693746] (-) TimerEvent: {}
[195.768777] (cartographer) StdoutLine: {'line': b'[ 86%] Built target cartographer.mapping.internal.optimization.cost_functions.landmark_cost_function_2d_test\n'}
[195.792263] (cartographer) StdoutLine: {'line': b'[ 86%] \x1b[32mBuilding CXX object CMakeFiles/cartographer.mapping.internal.range_data_collator_test.dir/cartographer/mapping/internal/range_data_collator_test.cc.o\x1b[0m\n'}
[195.793994] (-) TimerEvent: {}
[195.894240] (-) TimerEvent: {}
[195.995768] (-) TimerEvent: {}
[196.096045] (-) TimerEvent: {}
[196.196332] (-) TimerEvent: {}
[196.296615] (-) TimerEvent: {}
[196.396916] (-) TimerEvent: {}
[196.498770] (-) TimerEvent: {}
[196.599076] (-) TimerEvent: {}
[196.699355] (-) TimerEvent: {}
[196.799639] (-) TimerEvent: {}
[196.899964] (-) TimerEvent: {}
[197.000241] (-) TimerEvent: {}
[197.100520] (-) TimerEvent: {}
[197.202771] (-) TimerEvent: {}
[197.303054] (-) TimerEvent: {}
[197.403347] (-) TimerEvent: {}
[197.503620] (-) TimerEvent: {}
[197.603923] (-) TimerEvent: {}
[197.704198] (-) TimerEvent: {}
[197.804474] (-) TimerEvent: {}
[197.904752] (-) TimerEvent: {}
[198.006797] (-) TimerEvent: {}
[198.107079] (-) TimerEvent: {}
[198.207357] (-) TimerEvent: {}
[198.307644] (-) TimerEvent: {}
[198.343826] (cartographer) StdoutLine: {'line': b'[ 87%] \x1b[32m\x1b[1mLinking CXX executable cartographer.mapping.internal.optimization.cost_functions.spa_cost_function_2d_test\x1b[0m\n'}
[198.407759] (-) TimerEvent: {}
[198.469644] (cartographer) StdoutLine: {'line': b'[ 87%] Built target cartographer.mapping.internal.optimization.cost_functions.spa_cost_function_2d_test\n'}
[198.490758] (cartographer) StdoutLine: {'line': b'[ 87%] \x1b[32m\x1b[1mLinking CXX executable cartographer.mapping.internal.optimization.cost_functions.landmark_cost_function_3d_test\x1b[0m\n'}
[198.494681] (cartographer) StdoutLine: {'line': b'[ 87%] \x1b[32mBuilding CXX object CMakeFiles/cartographer.mapping.internal.trajectory_connectivity_state_test.dir/cartographer/mapping/internal/trajectory_connectivity_state_test.cc.o\x1b[0m\n'}
[198.507871] (-) TimerEvent: {}
[198.607610] (cartographer) StdoutLine: {'line': b'[ 87%] Built target cartographer.mapping.internal.optimization.cost_functions.landmark_cost_function_3d_test\n'}
[198.607935] (-) TimerEvent: {}
[198.630069] (cartographer) StdoutLine: {'line': b'[ 88%] \x1b[32mBuilding CXX object CMakeFiles/cartographer.mapping.map_builder_test.dir/cartographer/mapping/map_builder_test.cc.o\x1b[0m\n'}
[198.708052] (-) TimerEvent: {}
[198.808342] (-) TimerEvent: {}
[198.908640] (-) TimerEvent: {}
[199.008959] (-) TimerEvent: {}
[199.109246] (-) TimerEvent: {}
[199.209540] (-) TimerEvent: {}
[199.309890] (-) TimerEvent: {}
[199.411901] (-) TimerEvent: {}
[199.512197] (-) TimerEvent: {}
[199.612482] (-) TimerEvent: {}
[199.618758] (cartographer) StdoutLine: {'line': b'[ 89%] \x1b[32m\x1b[1mLinking CXX executable cartographer.mapping.internal.range_data_collator_test\x1b[0m\n'}
[199.712592] (-) TimerEvent: {}
[199.733622] (cartographer) StdoutLine: {'line': b'[ 89%] Built target cartographer.mapping.internal.range_data_collator_test\n'}
[199.757724] (cartographer) StdoutLine: {'line': b'[ 89%] \x1b[32mBuilding CXX object CMakeFiles/cartographer.mapping.pose_extrapolator_test.dir/cartographer/mapping/pose_extrapolator_test.cc.o\x1b[0m\n'}
[199.812717] (-) TimerEvent: {}
[199.913849] (-) TimerEvent: {}
[199.937625] (cartographer) StdoutLine: {'line': b'[ 89%] \x1b[32m\x1b[1mLinking CXX executable cartographer.mapping.internal.optimization.optimization_problem_3d_test\x1b[0m\n'}
[200.013955] (-) TimerEvent: {}
[200.114331] (-) TimerEvent: {}
[200.115183] (cartographer) StdoutLine: {'line': b'[ 89%] Built target cartographer.mapping.internal.optimization.optimization_problem_3d_test\n'}
[200.137917] (cartographer) StdoutLine: {'line': b'[ 90%] \x1b[32mBuilding CXX object CMakeFiles/cartographer.mapping.pose_graph_test.dir/cartographer/mapping/pose_graph_test.cc.o\x1b[0m\n'}
[200.216772] (-) TimerEvent: {}
[200.317049] (-) TimerEvent: {}
[200.417431] (-) TimerEvent: {}
[200.517709] (-) TimerEvent: {}
[200.618010] (-) TimerEvent: {}
[200.718406] (-) TimerEvent: {}
[200.818799] (-) TimerEvent: {}
[200.919077] (-) TimerEvent: {}
[201.019382] (-) TimerEvent: {}
[201.119758] (-) TimerEvent: {}
[201.221772] (-) TimerEvent: {}
[201.322138] (-) TimerEvent: {}
[201.422521] (-) TimerEvent: {}
[201.522783] (-) TimerEvent: {}
[201.623212] (-) TimerEvent: {}
[201.723504] (-) TimerEvent: {}
[201.823890] (-) TimerEvent: {}
[201.925904] (-) TimerEvent: {}
[202.007794] (cartographer) StdoutLine: {'line': b'[ 90%] \x1b[32m\x1b[1mLinking CXX executable cartographer.mapping.internal.trajectory_connectivity_state_test\x1b[0m\n'}
[202.026006] (-) TimerEvent: {}
[202.126286] (-) TimerEvent: {}
[202.147617] (cartographer) StdoutLine: {'line': b'[ 90%] Built target cartographer.mapping.internal.trajectory_connectivity_state_test\n'}
[202.170784] (cartographer) StdoutLine: {'line': b'[ 90%] \x1b[32mBuilding CXX object CMakeFiles/cartographer.mapping.pose_graph_trimmer_test.dir/cartographer/mapping/pose_graph_trimmer_test.cc.o\x1b[0m\n'}
[202.226397] (-) TimerEvent: {}
[202.326693] (-) TimerEvent: {}
[202.427886] (-) TimerEvent: {}
[202.528207] (-) TimerEvent: {}
[202.628515] (-) TimerEvent: {}
[202.731938] (-) TimerEvent: {}
[202.832320] (-) TimerEvent: {}
[202.932761] (-) TimerEvent: {}
[203.033163] (-) TimerEvent: {}
[203.133551] (-) TimerEvent: {}
[203.233932] (-) TimerEvent: {}
[203.334308] (-) TimerEvent: {}
[203.434696] (-) TimerEvent: {}
[203.535102] (-) TimerEvent: {}
[203.635486] (-) TimerEvent: {}
[203.663814] (cartographer) StdoutLine: {'line': b'[ 90%] \x1b[32m\x1b[1mLinking CXX executable cartographer.mapping.pose_graph_test\x1b[0m\n'}
[203.735601] (-) TimerEvent: {}
[203.836015] (-) TimerEvent: {}
[203.896960] (cartographer) StdoutLine: {'line': b'[ 90%] Built target cartographer.mapping.pose_graph_test\n'}
[203.920017] (cartographer) StdoutLine: {'line': b'[ 91%] \x1b[32mBuilding CXX object CMakeFiles/cartographer.mapping.probability_values_test.dir/cartographer/mapping/probability_values_test.cc.o\x1b[0m\n'}
[203.936122] (-) TimerEvent: {}
[204.036500] (-) TimerEvent: {}
[204.137774] (-) TimerEvent: {}
[204.238137] (-) TimerEvent: {}
[204.338506] (-) TimerEvent: {}
[204.438894] (-) TimerEvent: {}
[204.540943] (-) TimerEvent: {}
[204.558957] (cartographer) StdoutLine: {'line': b'[ 91%] \x1b[32m\x1b[1mLinking CXX executable cartographer.mapping.pose_extrapolator_test\x1b[0m\n'}
[204.641051] (-) TimerEvent: {}
[204.679658] (cartographer) StdoutLine: {'line': b'[ 91%] Built target cartographer.mapping.pose_extrapolator_test\n'}
[204.703521] (cartographer) StdoutLine: {'line': b'[ 91%] \x1b[32mBuilding CXX object CMakeFiles/cartographer.mapping.submaps_test.dir/cartographer/mapping/submaps_test.cc.o\x1b[0m\n'}
[204.741180] (-) TimerEvent: {}
[204.841548] (-) TimerEvent: {}
[204.943890] (-) TimerEvent: {}
[205.044187] (-) TimerEvent: {}
[205.144463] (-) TimerEvent: {}
[205.244764] (-) TimerEvent: {}
[205.345082] (-) TimerEvent: {}
[205.445378] (-) TimerEvent: {}
[205.545690] (-) TimerEvent: {}
[205.548813] (cartographer) StdoutLine: {'line': b'[ 91%] \x1b[32m\x1b[1mLinking CXX executable cartographer.mapping.map_builder_test\x1b[0m\n'}
[205.585125] (cartographer) StdoutLine: {'line': b'[ 91%] \x1b[32m\x1b[1mLinking CXX executable cartographer.mapping.pose_graph_trimmer_test\x1b[0m\n'}
[205.646803] (-) TimerEvent: {}
[205.702957] (cartographer) StdoutLine: {'line': b'[ 91%] Built target cartographer.mapping.pose_graph_trimmer_test\n'}
[205.725790] (cartographer) StdoutLine: {'line': b'[ 92%] \x1b[32mBuilding CXX object CMakeFiles/cartographer.mapping.trajectory_node_test.dir/cartographer/mapping/trajectory_node_test.cc.o\x1b[0m\n'}
[205.749764] (-) TimerEvent: {}
[205.850042] (-) TimerEvent: {}
[205.866187] (cartographer) StdoutLine: {'line': b'[ 92%] Built target cartographer.mapping.map_builder_test\n'}
[205.889305] (cartographer) StdoutLine: {'line': b'[ 92%] \x1b[32mBuilding CXX object CMakeFiles/cartographer.mapping.value_conversion_tables_test.dir/cartographer/mapping/value_conversion_tables_test.cc.o\x1b[0m\n'}
[205.950152] (-) TimerEvent: {}
[206.050447] (-) TimerEvent: {}
[206.150747] (-) TimerEvent: {}
[206.251036] (-) TimerEvent: {}
[206.351333] (-) TimerEvent: {}
[206.451624] (-) TimerEvent: {}
[206.455765] (cartographer) StdoutLine: {'line': b'[ 92%] \x1b[32m\x1b[1mLinking CXX executable cartographer.mapping.probability_values_test\x1b[0m\n'}
[206.551739] (-) TimerEvent: {}
[206.573575] (cartographer) StdoutLine: {'line': b'[ 92%] Built target cartographer.mapping.probability_values_test\n'}
[206.600873] (cartographer) StdoutLine: {'line': b'[ 93%] \x1b[32mBuilding CXX object CMakeFiles/cartographer.sensor.compressed_point_cloud_test.dir/cartographer/sensor/compressed_point_cloud_test.cc.o\x1b[0m\n'}
[206.651875] (-) TimerEvent: {}
[206.752250] (-) TimerEvent: {}
[206.854919] (-) TimerEvent: {}
[206.955215] (-) TimerEvent: {}
[207.055500] (-) TimerEvent: {}
[207.155789] (-) TimerEvent: {}
[207.256078] (-) TimerEvent: {}
[207.356367] (-) TimerEvent: {}
[207.456658] (-) TimerEvent: {}
[207.556965] (-) TimerEvent: {}
[207.612127] (cartographer) StdoutLine: {'line': b'[ 93%] \x1b[32m\x1b[1mLinking CXX executable cartographer.mapping.value_conversion_tables_test\x1b[0m\n'}
[207.619575] (cartographer) StdoutLine: {'line': b'[ 93%] \x1b[32m\x1b[1mLinking CXX executable cartographer.mapping.submaps_test\x1b[0m\n'}
[207.658791] (-) TimerEvent: {}
[207.727675] (cartographer) StdoutLine: {'line': b'[ 93%] Built target cartographer.mapping.value_conversion_tables_test\n'}
[207.732334] (cartographer) StdoutLine: {'line': b'[ 93%] Built target cartographer.mapping.submaps_test\n'}
[207.749187] (cartographer) StdoutLine: {'line': b'[ 93%] \x1b[32mBuilding CXX object CMakeFiles/cartographer.sensor.internal.collator_test.dir/cartographer/sensor/internal/collator_test.cc.o\x1b[0m\n'}
[207.753669] (cartographer) StdoutLine: {'line': b'[ 94%] \x1b[32mBuilding CXX object CMakeFiles/cartographer.sensor.internal.ordered_multi_queue_test.dir/cartographer/sensor/internal/ordered_multi_queue_test.cc.o\x1b[0m\n'}
[207.758884] (-) TimerEvent: {}
[207.859126] (-) TimerEvent: {}
[207.959414] (-) TimerEvent: {}
[208.060771] (-) TimerEvent: {}
[208.161066] (-) TimerEvent: {}
[208.261363] (-) TimerEvent: {}
[208.361660] (-) TimerEvent: {}
[208.461978] (-) TimerEvent: {}
[208.563904] (-) TimerEvent: {}
[208.664223] (-) TimerEvent: {}
[208.764522] (-) TimerEvent: {}
[208.864787] (-) TimerEvent: {}
[208.965081] (-) TimerEvent: {}
[209.065388] (-) TimerEvent: {}
[209.165693] (-) TimerEvent: {}
[209.266911] (-) TimerEvent: {}
[209.367215] (-) TimerEvent: {}
[209.467522] (-) TimerEvent: {}
[209.568903] (-) TimerEvent: {}
[209.669197] (-) TimerEvent: {}
[209.769494] (-) TimerEvent: {}
[209.869769] (-) TimerEvent: {}
[209.972852] (-) TimerEvent: {}
[209.990813] (cartographer) StdoutLine: {'line': b'[ 94%] \x1b[32m\x1b[1mLinking CXX executable cartographer.mapping.trajectory_node_test\x1b[0m\n'}
[210.072955] (-) TimerEvent: {}
[210.133618] (cartographer) StdoutLine: {'line': b'[ 94%] Built target cartographer.mapping.trajectory_node_test\n'}
[210.156358] (cartographer) StdoutLine: {'line': b'[ 94%] \x1b[32mBuilding CXX object CMakeFiles/cartographer.sensor.internal.trajectory_collator_test.dir/cartographer/sensor/internal/trajectory_collator_test.cc.o\x1b[0m\n'}
[210.173056] (-) TimerEvent: {}
[210.273381] (-) TimerEvent: {}
[210.373780] (-) TimerEvent: {}
[210.420966] (cartographer) StdoutLine: {'line': b'[ 94%] \x1b[32m\x1b[1mLinking CXX executable cartographer.sensor.compressed_point_cloud_test\x1b[0m\n'}
[210.473901] (-) TimerEvent: {}
[210.567238] (cartographer) StdoutLine: {'line': b'[ 94%] Built target cartographer.sensor.compressed_point_cloud_test\n'}
[210.573988] (-) TimerEvent: {}
[210.592777] (cartographer) StdoutLine: {'line': b'[ 95%] \x1b[32mBuilding CXX object CMakeFiles/cartographer.sensor.internal.voxel_filter_test.dir/cartographer/sensor/internal/voxel_filter_test.cc.o\x1b[0m\n'}
[210.674097] (-) TimerEvent: {}
[210.774384] (-) TimerEvent: {}
[210.874659] (-) TimerEvent: {}
[210.974973] (-) TimerEvent: {}
[211.075248] (-) TimerEvent: {}
[211.175530] (-) TimerEvent: {}
[211.277768] (-) TimerEvent: {}
[211.378081] (-) TimerEvent: {}
[211.385625] (cartographer) StdoutLine: {'line': b'[ 95%] \x1b[32m\x1b[1mLinking CXX executable cartographer.sensor.internal.ordered_multi_queue_test\x1b[0m\n'}
[211.478203] (-) TimerEvent: {}
[211.508008] (cartographer) StdoutLine: {'line': b'[ 95%] Built target cartographer.sensor.internal.ordered_multi_queue_test\n'}
[211.534910] (cartographer) StdoutLine: {'line': b'[ 95%] \x1b[32mBuilding CXX object CMakeFiles/cartographer.sensor.landmark_data_test.dir/cartographer/sensor/landmark_data_test.cc.o\x1b[0m\n'}
[211.578308] (-) TimerEvent: {}
[211.679941] (-) TimerEvent: {}
[211.780317] (-) TimerEvent: {}
[211.880699] (-) TimerEvent: {}
[211.981121] (-) TimerEvent: {}
[212.081476] (-) TimerEvent: {}
[212.184951] (-) TimerEvent: {}
[212.285370] (-) TimerEvent: {}
[212.367394] (cartographer) StdoutLine: {'line': b'[ 95%] \x1b[32m\x1b[1mLinking CXX executable cartographer.sensor.internal.collator_test\x1b[0m\n'}
[212.385471] (-) TimerEvent: {}
[212.485747] (-) TimerEvent: {}
[212.490020] (cartographer) StdoutLine: {'line': b'[ 95%] Built target cartographer.sensor.internal.collator_test\n'}
[212.515062] (cartographer) StdoutLine: {'line': b'[ 96%] \x1b[32mBuilding CXX object CMakeFiles/cartographer.sensor.map_by_time_test.dir/cartographer/sensor/map_by_time_test.cc.o\x1b[0m\n'}
[212.585878] (-) TimerEvent: {}
[212.686164] (-) TimerEvent: {}
[212.786448] (-) TimerEvent: {}
[212.886759] (-) TimerEvent: {}
[212.987091] (-) TimerEvent: {}
[213.089772] (-) TimerEvent: {}
[213.190061] (-) TimerEvent: {}
[213.290374] (-) TimerEvent: {}
[213.390672] (-) TimerEvent: {}
[213.491008] (-) TimerEvent: {}
[213.591298] (-) TimerEvent: {}
[213.691599] (-) TimerEvent: {}
[213.791907] (-) TimerEvent: {}
[213.892284] (-) TimerEvent: {}
[213.992576] (-) TimerEvent: {}
[214.094907] (-) TimerEvent: {}
[214.195203] (-) TimerEvent: {}
[214.295494] (-) TimerEvent: {}
[214.395779] (-) TimerEvent: {}
[214.407355] (cartographer) StdoutLine: {'line': b'[ 96%] \x1b[32m\x1b[1mLinking CXX executable cartographer.sensor.internal.voxel_filter_test\x1b[0m\n'}
[214.495886] (-) TimerEvent: {}
[214.553758] (cartographer) StdoutLine: {'line': b'[ 96%] Built target cartographer.sensor.internal.voxel_filter_test\n'}
[214.578886] (cartographer) StdoutLine: {'line': b'[ 96%] \x1b[32mBuilding CXX object CMakeFiles/cartographer.sensor.point_cloud_test.dir/cartographer/sensor/point_cloud_test.cc.o\x1b[0m\n'}
[214.598340] (-) TimerEvent: {}
[214.682424] (cartographer) StdoutLine: {'line': b'[ 96%] \x1b[32m\x1b[1mLinking CXX executable cartographer.sensor.internal.trajectory_collator_test\x1b[0m\n'}
[214.698446] (-) TimerEvent: {}
[214.798767] (-) TimerEvent: {}
[214.805946] (cartographer) StdoutLine: {'line': b'[ 96%] Built target cartographer.sensor.internal.trajectory_collator_test\n'}
[214.826757] (cartographer) StdoutLine: {'line': b'[ 96%] \x1b[32mBuilding CXX object CMakeFiles/cartographer.sensor.range_data_test.dir/cartographer/sensor/range_data_test.cc.o\x1b[0m\n'}
[214.898874] (-) TimerEvent: {}
[214.999252] (-) TimerEvent: {}
[215.089678] (cartographer) StdoutLine: {'line': b'[ 96%] \x1b[32m\x1b[1mLinking CXX executable cartographer.sensor.map_by_time_test\x1b[0m\n'}
[215.099354] (-) TimerEvent: {}
[215.199728] (-) TimerEvent: {}
[215.210440] (cartographer) StdoutLine: {'line': b'[ 96%] Built target cartographer.sensor.map_by_time_test\n'}
[215.232574] (cartographer) StdoutLine: {'line': b'[ 96%] \x1b[32mBuilding CXX object CMakeFiles/cartographer.transform.rigid_transform_test.dir/cartographer/transform/rigid_transform_test.cc.o\x1b[0m\n'}
[215.299880] (-) TimerEvent: {}
[215.401772] (-) TimerEvent: {}
[215.502151] (-) TimerEvent: {}
[215.602535] (-) TimerEvent: {}
[215.702915] (-) TimerEvent: {}
[215.803194] (-) TimerEvent: {}
[215.903593] (-) TimerEvent: {}
[216.003904] (-) TimerEvent: {}
[216.104893] (-) TimerEvent: {}
[216.205193] (-) TimerEvent: {}
[216.305592] (-) TimerEvent: {}
[216.407229] (-) TimerEvent: {}
[216.507559] (-) TimerEvent: {}
[216.607932] (-) TimerEvent: {}
[216.708278] (-) TimerEvent: {}
[216.809907] (-) TimerEvent: {}
[216.910215] (-) TimerEvent: {}
[217.010521] (-) TimerEvent: {}
[217.041766] (cartographer) StdoutLine: {'line': b'[ 96%] \x1b[32m\x1b[1mLinking CXX executable cartographer.sensor.landmark_data_test\x1b[0m\n'}
[217.110634] (-) TimerEvent: {}
[217.190088] (cartographer) StdoutLine: {'line': b'[ 96%] Built target cartographer.sensor.landmark_data_test\n'}
[217.210739] (-) TimerEvent: {}
[217.213090] (cartographer) StdoutLine: {'line': b'[ 96%] \x1b[32mBuilding CXX object CMakeFiles/cartographer.transform.timestamped_transform_test.dir/cartographer/transform/timestamped_transform_test.cc.o\x1b[0m\n'}
[217.310873] (-) TimerEvent: {}
[217.411161] (-) TimerEvent: {}
[217.511456] (-) TimerEvent: {}
[217.611748] (-) TimerEvent: {}
[217.712063] (-) TimerEvent: {}
[217.812355] (-) TimerEvent: {}
[217.912673] (-) TimerEvent: {}
[218.013000] (-) TimerEvent: {}
[218.113311] (-) TimerEvent: {}
[218.215769] (-) TimerEvent: {}
[218.316061] (-) TimerEvent: {}
[218.416370] (-) TimerEvent: {}
[218.516667] (-) TimerEvent: {}
[218.528360] (cartographer) StdoutLine: {'line': b'[ 96%] \x1b[32m\x1b[1mLinking CXX executable cartographer.sensor.range_data_test\x1b[0m\n'}
[218.616780] (-) TimerEvent: {}
[218.647657] (cartographer) StdoutLine: {'line': b'[ 96%] Built target cartographer.sensor.range_data_test\n'}
[218.671324] (cartographer) StdoutLine: {'line': b'[ 96%] \x1b[32mBuilding CXX object CMakeFiles/cartographer.transform.transform_interpolation_buffer_test.dir/cartographer/transform/transform_interpolation_buffer_test.cc.o\x1b[0m\n'}
[218.716890] (-) TimerEvent: {}
[218.817253] (-) TimerEvent: {}
[218.919925] (-) TimerEvent: {}
[219.020219] (-) TimerEvent: {}
[219.119787] (cartographer) StdoutLine: {'line': b'[ 97%] \x1b[32m\x1b[1mLinking CXX executable cartographer.sensor.point_cloud_test\x1b[0m\n'}
[219.120282] (-) TimerEvent: {}
[219.220616] (-) TimerEvent: {}
[219.243662] (cartographer) StdoutLine: {'line': b'[ 97%] Built target cartographer.sensor.point_cloud_test\n'}
[219.267987] (cartographer) StdoutLine: {'line': b'[ 97%] \x1b[32mBuilding CXX object CMakeFiles/cartographer.transform.transform_test.dir/cartographer/transform/transform_test.cc.o\x1b[0m\n'}
[219.320731] (-) TimerEvent: {}
[219.421137] (-) TimerEvent: {}
[219.523770] (-) TimerEvent: {}
[219.624148] (-) TimerEvent: {}
[219.724426] (-) TimerEvent: {}
[219.824775] (-) TimerEvent: {}
[219.925112] (-) TimerEvent: {}
[220.025506] (-) TimerEvent: {}
[220.125780] (-) TimerEvent: {}
[220.226074] (-) TimerEvent: {}
[220.326360] (-) TimerEvent: {}
[220.426664] (-) TimerEvent: {}
[220.527902] (-) TimerEvent: {}
[220.628197] (-) TimerEvent: {}
[220.728489] (-) TimerEvent: {}
[220.828776] (-) TimerEvent: {}
[220.929904] (-) TimerEvent: {}
[220.953821] (cartographer) StdoutLine: {'line': b'[ 97%] \x1b[32m\x1b[1mLinking CXX executable cartographer.transform.timestamped_transform_test\x1b[0m\n'}
[221.030023] (-) TimerEvent: {}
[221.095926] (cartographer) StdoutLine: {'line': b'[ 97%] Built target cartographer.transform.timestamped_transform_test\n'}
[221.130132] (-) TimerEvent: {}
[221.230452] (-) TimerEvent: {}
[221.330772] (-) TimerEvent: {}
[221.431074] (-) TimerEvent: {}
[221.531379] (-) TimerEvent: {}
[221.631684] (-) TimerEvent: {}
[221.733102] (-) TimerEvent: {}
[221.833502] (-) TimerEvent: {}
[221.934194] (-) TimerEvent: {}
[221.943329] (cartographer) StdoutLine: {'line': b'[ 98%] \x1b[32m\x1b[1mLinking CXX executable cartographer.transform.rigid_transform_test\x1b[0m\n'}
[222.034325] (-) TimerEvent: {}
[222.058582] (cartographer) StdoutLine: {'line': b'[ 98%] Built target cartographer.transform.rigid_transform_test\n'}
[222.134600] (-) TimerEvent: {}
[222.235037] (-) TimerEvent: {}
[222.335420] (-) TimerEvent: {}
[222.435992] (-) TimerEvent: {}
[222.536390] (-) TimerEvent: {}
[222.636693] (-) TimerEvent: {}
[222.737140] (-) TimerEvent: {}
[222.737539] (cartographer) StdoutLine: {'line': b'[100%] \x1b[32m\x1b[1mLinking CXX executable cartographer.transform.transform_interpolation_buffer_test\x1b[0m\n'}
[222.837271] (-) TimerEvent: {}
[222.859111] (cartographer) StdoutLine: {'line': b'[100%] Built target cartographer.transform.transform_interpolation_buffer_test\n'}
[222.937438] (-) TimerEvent: {}
[223.037709] (-) TimerEvent: {}
[223.138045] (-) TimerEvent: {}
[223.172132] (cartographer) StdoutLine: {'line': b'[100%] \x1b[32m\x1b[1mLinking CXX executable cartographer.transform.transform_test\x1b[0m\n'}
[223.238224] (-) TimerEvent: {}
[223.255804] (cartographer) StdoutLine: {'line': b'[100%] Built target cartographer.transform.transform_test\n'}
[223.266696] (cartographer) CommandEnded: {'returncode': 0}
[223.338294] (-) TimerEvent: {}
[223.438571] (-) TimerEvent: {}
[223.538894] (-) TimerEvent: {}
[223.639133] (-) TimerEvent: {}
[223.739425] (-) TimerEvent: {}
[223.839740] (-) TimerEvent: {}
[223.940005] (-) TimerEvent: {}
[224.040274] (-) TimerEvent: {}
[224.140504] (-) TimerEvent: {}
[224.173157] (cartographer) JobProgress: {'identifier': 'cartographer', 'progress': 'install'}
[224.174132] (cartographer) Command: {'cmd': ['/usr/bin/cmake', '--install', '/home/yahboom/5550_ros2_ws/build/cartographer'], 'cwd': '/home/yahboom/5550_ros2_ws/build/cartographer', 'env': OrderedDict([('LESSOPEN', '| /usr/bin/lesspipe %s'), ('USER', 'yahboom'), ('LC_TIME', 'en_AU.UTF-8'), ('XDG_SESSION_TYPE', 'wayland'), ('SHLVL', '1'), ('LD_LIBRARY_PATH', '/home/yahboom/5550_ros2_ws/install/cartographer_ros_msgs/lib:/home/yahboom/yahboomcar_ws/install/openslam_gmapping/lib:/usr/lib/x86_64-linux-gnu/gazebo-11/plugins:/opt/ros/humble/opt/rviz_ogre_vendor/lib:/opt/ros/humble/lib/x86_64-linux-gnu:/opt/ros/humble/lib'), ('HOME', '/home/yahboom'), ('OLDPWD', '/home/yahboom/5550_ros2_ws/src'), ('DESKTOP_SESSION', 'ubuntu'), ('ROS_PYTHON_VERSION', '3'), ('GNOME_SHELL_SESSION_MODE', 'ubuntu'), ('GTK_MODULES', 'gail:atk-bridge'), ('LC_MONETARY', 'en_AU.UTF-8'), ('DBUS_STARTER_BUS_TYPE', 'session'), ('SYSTEMD_EXEC_PID', '1207'), ('DBUS_SESSION_BUS_ADDRESS', 'unix:path=/run/user/1000/bus,guid=3b63875a28f7ace014de708968a2af05'), ('COLORTERM', 'truecolor'), ('IM_CONFIG_PHASE', '1'), ('WAYLAND_DISPLAY', 'wayland-0'), ('COLCON_PREFIX_PATH', '/home/yahboom/5550_ros2_ws/install:/home/yahboom/yahboomcar_ws/install'), ('ROS_DISTRO', 'humble'), ('LOGNAME', 'yahboom'), ('_', '/usr/bin/colcon'), ('ROS_VERSION', '2'), ('PKG_CONFIG_PATH', '/home/yahboom/5550_ros2_ws/install/cartographer/lib/x86_64-linux-gnu/pkgconfig:/home/yahboom/5550_ros2_ws/install/cartographer/lib/pkgconfig'), ('XDG_SESSION_CLASS', 'user'), ('USERNAME', 'yahboom'), ('TERM', 'xterm-256color'), ('GNOME_DESKTOP_SESSION_ID', 'this-is-deprecated'), ('ROS_LOCALHOST_ONLY', '0'), ('PATH', '/home/yahboom/5550_ros2_ws/install/cartographer/bin:/opt/ros/humble/bin:/usr/local/sbin:/usr/local/bin:/usr/sbin:/usr/bin:/sbin:/bin:/usr/games:/usr/local/games:/snap/bin:/snap/bin'), ('SESSION_MANAGER', 'local/676rb16:@/tmp/.ICE-unix/1207,unix/676rb16:/tmp/.ICE-unix/1207'), ('PAPERSIZE', 'a4'), ('XDG_MENU_PREFIX', 'gnome-'), ('LC_ADDRESS', 'en_AU.UTF-8'), ('GNOME_TERMINAL_SCREEN', '/org/gnome/Terminal/screen/71ee0731_dd8d_4273_80ff_3f9e8885a6d0'), ('GNOME_SETUP_DISPLAY', ':1'), ('XDG_RUNTIME_DIR', '/run/user/1000'), ('DISPLAY', ':0'), ('LANG', 'en_US.UTF-8'), ('XDG_CURRENT_DESKTOP', 'ubuntu:GNOME'), ('LC_TELEPHONE', 'en_AU.UTF-8'), ('XMODIFIERS', '@im=ibus'), ('XDG_SESSION_DESKTOP', 'ubuntu'), ('XAUTHORITY', '/run/user/1000/.mutter-Xwaylandauth.PDBPB3'), ('LS_COLORS', 'rs=0:di=01;34:ln=01;36:mh=00:pi=40;33:so=01;35:do=01;35:bd=40;33;01:cd=40;33;01:or=40;31;01:mi=00:su=37;41:sg=30;43:ca=30;41:tw=30;42:ow=34;42:st=37;44:ex=01;32:*.tar=01;31:*.tgz=01;31:*.arc=01;31:*.arj=01;31:*.taz=01;31:*.lha=01;31:*.lz4=01;31:*.lzh=01;31:*.lzma=01;31:*.tlz=01;31:*.txz=01;31:*.tzo=01;31:*.t7z=01;31:*.zip=01;31:*.z=01;31:*.dz=01;31:*.gz=01;31:*.lrz=01;31:*.lz=01;31:*.lzo=01;31:*.xz=01;31:*.zst=01;31:*.tzst=01;31:*.bz2=01;31:*.bz=01;31:*.tbz=01;31:*.tbz2=01;31:*.tz=01;31:*.deb=01;31:*.rpm=01;31:*.jar=01;31:*.war=01;31:*.ear=01;31:*.sar=01;31:*.rar=01;31:*.alz=01;31:*.ace=01;31:*.zoo=01;31:*.cpio=01;31:*.7z=01;31:*.rz=01;31:*.cab=01;31:*.wim=01;31:*.swm=01;31:*.dwm=01;31:*.esd=01;31:*.jpg=01;35:*.jpeg=01;35:*.mjpg=01;35:*.mjpeg=01;35:*.gif=01;35:*.bmp=01;35:*.pbm=01;35:*.pgm=01;35:*.ppm=01;35:*.tga=01;35:*.xbm=01;35:*.xpm=01;35:*.tif=01;35:*.tiff=01;35:*.png=01;35:*.svg=01;35:*.svgz=01;35:*.mng=01;35:*.pcx=01;35:*.mov=01;35:*.mpg=01;35:*.mpeg=01;35:*.m2v=01;35:*.mkv=01;35:*.webm=01;35:*.webp=01;35:*.ogm=01;35:*.mp4=01;35:*.m4v=01;35:*.mp4v=01;35:*.vob=01;35:*.qt=01;35:*.nuv=01;35:*.wmv=01;35:*.asf=01;35:*.rm=01;35:*.rmvb=01;35:*.flc=01;35:*.avi=01;35:*.fli=01;35:*.flv=01;35:*.gl=01;35:*.dl=01;35:*.xcf=01;35:*.xwd=01;35:*.yuv=01;35:*.cgm=01;35:*.emf=01;35:*.ogv=01;35:*.ogx=01;35:*.aac=00;36:*.au=00;36:*.flac=00;36:*.m4a=00;36:*.mid=00;36:*.midi=00;36:*.mka=00;36:*.mp3=00;36:*.mpc=00;36:*.ogg=00;36:*.ra=00;36:*.wav=00;36:*.oga=00;36:*.opus=00;36:*.spx=00;36:*.xspf=00;36:'), ('GNOME_TERMINAL_SERVICE', ':1.134'), ('SSH_AGENT_LAUNCHER', 'gnome-keyring'), ('SSH_AUTH_SOCK', '/run/user/1000/keyring/ssh'), ('AMENT_PREFIX_PATH', '/home/yahboom/5550_ros2_ws/install/example_cpp:/home/yahboom/5550_ros2_ws/install/drone_description:/home/yahboom/5550_ros2_ws/install/cartographer_ros_msgs:/home/yahboom/yahboomcar_ws/install/ydlidar_ros2_driver:/home/yahboom/yahboomcar_ws/install/slam_gmapping:/home/yahboom/yahboomcar_ws/install/rf2o_laser_odometry:/home/yahboom/yahboomcar_ws/install/openslam_gmapping:/opt/ros/humble'), ('SHELL', '/bin/bash'), ('LC_NAME', 'en_AU.UTF-8'), ('QT_ACCESSIBILITY', '1'), ('GDMSESSION', 'ubuntu'), ('LESSCLOSE', '/usr/bin/lesspipe %s %s'), ('LC_MEASUREMENT', 'en_AU.UTF-8'), ('LC_IDENTIFICATION', 'en_AU.UTF-8'), ('QT_IM_MODULE', 'ibus'), ('PWD', '/home/yahboom/5550_ros2_ws/build/cartographer'), ('LC_ALL', 'en_US.UTF-8'), ('XDG_CONFIG_DIRS', '/etc/xdg/xdg-ubuntu:/etc/xdg'), ('DBUS_STARTER_ADDRESS', 'unix:path=/run/user/1000/bus,guid=3b63875a28f7ace014de708968a2af05'), ('XDG_DATA_DIRS', '/usr/share/ubuntu:/usr/local/share/:/usr/share/:/var/lib/snapd/desktop'), ('PYTHONPATH', '/home/yahboom/5550_ros2_ws/build/drone_description:/home/yahboom/5550_ros2_ws/install/drone_description/lib/python3.10/site-packages:/home/yahboom/5550_ros2_ws/install/cartographer_ros_msgs/local/lib/python3.10/dist-packages:/opt/ros/humble/lib/python3.10/site-packages:/opt/ros/humble/local/lib/python3.10/dist-packages'), ('LC_NUMERIC', 'en_AU.UTF-8'), ('LC_PAPER', 'en_AU.UTF-8'), ('COLCON', '1'), ('VTE_VERSION', '6800'), ('CMAKE_PREFIX_PATH', '/home/yahboom/5550_ros2_ws/install/example_cpp:/home/yahboom/5550_ros2_ws/install/cartographer_ros_msgs:/home/yahboom/5550_ros2_ws/install/cartographer:/home/yahboom/yahboomcar_ws/install/ydlidar_ros2_driver:/home/yahboom/yahboomcar_ws/install/slam_gmapping:/home/yahboom/yahboomcar_ws/install/rf2o_laser_odometry:/home/yahboom/yahboomcar_ws/install/openslam_gmapping:/home/yahboom/5550_ros2_ws/install/drone_description:/opt/ros/humble')]), 'shell': False}
[224.180846] (cartographer) StdoutLine: {'line': b'-- Install configuration: "Release"\n'}
[224.181057] (cartographer) StdoutLine: {'line': b'-- Installing: /home/yahboom/5550_ros2_ws/install/cartographer/share/cartographer/package.xml\n'}
[224.181177] (cartographer) StdoutLine: {'line': b'-- Installing: /home/yahboom/5550_ros2_ws/install/cartographer/share/cartographer//configuration_files\n'}
[224.181271] (cartographer) StdoutLine: {'line': b'-- Installing: /home/yahboom/5550_ros2_ws/install/cartographer/share/cartographer//configuration_files/map_builder_server.lua\n'}
[224.181421] (cartographer) StdoutLine: {'line': b'-- Installing: /home/yahboom/5550_ros2_ws/install/cartographer/share/cartographer//configuration_files/map_builder.lua\n'}
[224.181570] (cartographer) StdoutLine: {'line': b'-- Installing: /home/yahboom/5550_ros2_ws/install/cartographer/share/cartographer//configuration_files/trajectory_builder.lua\n'}
[224.181735] (cartographer) StdoutLine: {'line': b'-- Installing: /home/yahboom/5550_ros2_ws/install/cartographer/share/cartographer//configuration_files/trajectory_builder_2d.lua\n'}
[224.181924] (cartographer) StdoutLine: {'line': b'-- Installing: /home/yahboom/5550_ros2_ws/install/cartographer/share/cartographer//configuration_files/trajectory_builder_3d.lua\n'}
[224.182104] (cartographer) StdoutLine: {'line': b'-- Installing: /home/yahboom/5550_ros2_ws/install/cartographer/share/cartographer//configuration_files/pose_graph.lua\n'}
[224.182270] (cartographer) StdoutLine: {'line': b'-- Installing: /home/yahboom/5550_ros2_ws/install/cartographer/share/cartographer//cmake\n'}
[224.182372] (cartographer) StdoutLine: {'line': b'-- Installing: /home/yahboom/5550_ros2_ws/install/cartographer/share/cartographer//cmake/modules\n'}
[224.182427] (cartographer) StdoutLine: {'line': b'-- Installing: /home/yahboom/5550_ros2_ws/install/cartographer/share/cartographer//cmake/modules/FindSphinx.cmake\n'}
[224.182515] (cartographer) StdoutLine: {'line': b'-- Installing: /home/yahboom/5550_ros2_ws/install/cartographer/share/cartographer//cmake/modules/FindLuaGoogle.cmake\n'}
[224.182689] (cartographer) StdoutLine: {'line': b'-- Installing: /home/yahboom/5550_ros2_ws/install/cartographer/share/cartographer//cmake/modules/FindEigen3.cmake\n'}
[224.182853] (cartographer) StdoutLine: {'line': b'-- Installing: /home/yahboom/5550_ros2_ws/install/cartographer/share/cartographer//cmake/modules/FindGMock.cmake\n'}
[224.183000] (cartographer) StdoutLine: {'line': b'-- Installing: /home/yahboom/5550_ros2_ws/install/cartographer/share/cartographer//cmake/functions.cmake\n'}
[224.183217] (cartographer) StdoutLine: {'line': b'-- Installing: /home/yahboom/5550_ros2_ws/install/cartographer/bin/cartographer_autogenerate_ground_truth\n'}
[224.184734] (cartographer) StdoutLine: {'line': b'-- Installing: /home/yahboom/5550_ros2_ws/install/cartographer/bin/cartographer_compute_relations_metrics\n'}
[224.186340] (cartographer) StdoutLine: {'line': b'-- Installing: /home/yahboom/5550_ros2_ws/install/cartographer/bin/cartographer_pbstream\n'}
[224.189248] (cartographer) StdoutLine: {'line': b'-- Installing: /home/yahboom/5550_ros2_ws/install/cartographer/bin/cartographer_print_configuration\n'}
[224.189383] (cartographer) StdoutLine: {'line': b'-- Installing: /home/yahboom/5550_ros2_ws/install/cartographer/lib/libcartographer.a\n'}
[224.197121] (cartographer) StdoutLine: {'line': b'-- Installing: /home/yahboom/5550_ros2_ws/install/cartographer/include/cartographer/common/configuration_file_resolver.h\n'}
[224.197258] (cartographer) StdoutLine: {'line': b'-- Installing: /home/yahboom/5550_ros2_ws/install/cartographer/include/cartographer/common/fixed_ratio_sampler.h\n'}
[224.197313] (cartographer) StdoutLine: {'line': b'-- Installing: /home/yahboom/5550_ros2_ws/install/cartographer/include/cartographer/common/histogram.h\n'}
[224.197405] (cartographer) StdoutLine: {'line': b'-- Installing: /home/yahboom/5550_ros2_ws/install/cartographer/include/cartographer/common/lua.h\n'}
[224.197464] (cartographer) StdoutLine: {'line': b'-- Installing: /home/yahboom/5550_ros2_ws/install/cartographer/include/cartographer/common/lua_parameter_dictionary.h\n'}
[224.197580] (cartographer) StdoutLine: {'line': b'-- Installing: /home/yahboom/5550_ros2_ws/install/cartographer/include/cartographer/common/math.h\n'}
[224.197633] (cartographer) StdoutLine: {'line': b'-- Installing: /home/yahboom/5550_ros2_ws/install/cartographer/include/cartographer/common/port.h\n'}
[224.197691] (cartographer) StdoutLine: {'line': b'-- Installing: /home/yahboom/5550_ros2_ws/install/cartographer/include/cartographer/common/task.h\n'}
[224.197828] (cartographer) StdoutLine: {'line': b'-- Installing: /home/yahboom/5550_ros2_ws/install/cartographer/include/cartographer/common/thread_pool.h\n'}
[224.197883] (cartographer) StdoutLine: {'line': b'-- Installing: /home/yahboom/5550_ros2_ws/install/cartographer/include/cartographer/common/time.h\n'}
[224.197926] (cartographer) StdoutLine: {'line': b'-- Installing: /home/yahboom/5550_ros2_ws/install/cartographer/include/cartographer/ground_truth/autogenerate_ground_truth.h\n'}
[224.198017] (cartographer) StdoutLine: {'line': b'-- Installing: /home/yahboom/5550_ros2_ws/install/cartographer/include/cartographer/ground_truth/relations_text_file.h\n'}
[224.198068] (cartographer) StdoutLine: {'line': b'-- Installing: /home/yahboom/5550_ros2_ws/install/cartographer/include/cartographer/io/color.h\n'}
[224.198218] (cartographer) StdoutLine: {'line': b'-- Installing: /home/yahboom/5550_ros2_ws/install/cartographer/include/cartographer/io/coloring_points_processor.h\n'}
[224.198496] (cartographer) StdoutLine: {'line': b'-- Installing: /home/yahboom/5550_ros2_ws/install/cartographer/include/cartographer/io/counting_points_processor.h\n'}
[224.198757] (cartographer) StdoutLine: {'line': b'-- Installing: /home/yahboom/5550_ros2_ws/install/cartographer/include/cartographer/io/draw_trajectories.h\n'}
[224.198906] (cartographer) StdoutLine: {'line': b'-- Installing: /home/yahboom/5550_ros2_ws/install/cartographer/include/cartographer/io/file_writer.h\n'}
[224.199117] (cartographer) StdoutLine: {'line': b'-- Installing: /home/yahboom/5550_ros2_ws/install/cartographer/include/cartographer/io/fixed_ratio_sampling_points_processor.h\n'}
[224.199295] (cartographer) StdoutLine: {'line': b'-- Installing: /home/yahboom/5550_ros2_ws/install/cartographer/include/cartographer/io/frame_id_filtering_points_processor.h\n'}
[224.199535] (cartographer) StdoutLine: {'line': b'-- Installing: /home/yahboom/5550_ros2_ws/install/cartographer/include/cartographer/io/hybrid_grid_points_processor.h\n'}
[224.199859] (cartographer) StdoutLine: {'line': b'-- Installing: /home/yahboom/5550_ros2_ws/install/cartographer/include/cartographer/io/image.h\n'}
[224.200030] (cartographer) StdoutLine: {'line': b'-- Installing: /home/yahboom/5550_ros2_ws/install/cartographer/include/cartographer/io/intensity_to_color_points_processor.h\n'}
[224.200244] (cartographer) StdoutLine: {'line': b'-- Installing: /home/yahboom/5550_ros2_ws/install/cartographer/include/cartographer/io/min_max_range_filtering_points_processor.h\n'}
[224.200536] (cartographer) StdoutLine: {'line': b'-- Installing: /home/yahboom/5550_ros2_ws/install/cartographer/include/cartographer/io/null_points_processor.h\n'}
[224.200872] (cartographer) StdoutLine: {'line': b'-- Installing: /home/yahboom/5550_ros2_ws/install/cartographer/include/cartographer/io/outlier_removing_points_processor.h\n'}
[224.201181] (cartographer) StdoutLine: {'line': b'-- Installing: /home/yahboom/5550_ros2_ws/install/cartographer/include/cartographer/io/pcd_writing_points_processor.h\n'}
[224.201704] (cartographer) StdoutLine: {'line': b'-- Installing: /home/yahboom/5550_ros2_ws/install/cartographer/include/cartographer/io/ply_writing_points_processor.h\n'}
[224.201856] (cartographer) StdoutLine: {'line': b'-- Installing: /home/yahboom/5550_ros2_ws/install/cartographer/include/cartographer/io/points_batch.h\n'}
[224.201964] (cartographer) StdoutLine: {'line': b'-- Installing: /home/yahboom/5550_ros2_ws/install/cartographer/include/cartographer/io/points_processor.h\n'}
[224.202127] (cartographer) StdoutLine: {'line': b'-- Installing: /home/yahboom/5550_ros2_ws/install/cartographer/include/cartographer/io/points_processor_pipeline_builder.h\n'}
[224.202218] (cartographer) StdoutLine: {'line': b'-- Installing: /home/yahboom/5550_ros2_ws/install/cartographer/include/cartographer/io/probability_grid_points_processor.h\n'}
[224.202358] (cartographer) StdoutLine: {'line': b'-- Installing: /home/yahboom/5550_ros2_ws/install/cartographer/include/cartographer/io/proto_stream.h\n'}
[224.202453] (cartographer) StdoutLine: {'line': b'-- Installing: /home/yahboom/5550_ros2_ws/install/cartographer/include/cartographer/io/proto_stream_deserializer.h\n'}
[224.202582] (cartographer) StdoutLine: {'line': b'-- Installing: /home/yahboom/5550_ros2_ws/install/cartographer/include/cartographer/io/proto_stream_interface.h\n'}
[224.202632] (cartographer) StdoutLine: {'line': b'-- Installing: /home/yahboom/5550_ros2_ws/install/cartographer/include/cartographer/io/serialization_format_migration.h\n'}
[224.202841] (cartographer) StdoutLine: {'line': b'-- Installing: /home/yahboom/5550_ros2_ws/install/cartographer/include/cartographer/io/submap_painter.h\n'}
[224.202912] (cartographer) StdoutLine: {'line': b'-- Installing: /home/yahboom/5550_ros2_ws/install/cartographer/include/cartographer/io/vertical_range_filtering_points_processor.h\n'}
[224.203102] (cartographer) StdoutLine: {'line': b'-- Installing: /home/yahboom/5550_ros2_ws/install/cartographer/include/cartographer/io/xray_points_processor.h\n'}
[224.203281] (cartographer) StdoutLine: {'line': b'-- Installing: /home/yahboom/5550_ros2_ws/install/cartographer/include/cartographer/io/xyz_writing_points_processor.h\n'}
[224.203382] (cartographer) StdoutLine: {'line': b'-- Installing: /home/yahboom/5550_ros2_ws/install/cartographer/include/cartographer/mapping/2d/grid_2d.h\n'}
[224.203479] (cartographer) StdoutLine: {'line': b'-- Installing: /home/yahboom/5550_ros2_ws/install/cartographer/include/cartographer/mapping/2d/map_limits.h\n'}
[224.203574] (cartographer) StdoutLine: {'line': b'-- Installing: /home/yahboom/5550_ros2_ws/install/cartographer/include/cartographer/mapping/2d/probability_grid.h\n'}
[224.203677] (cartographer) StdoutLine: {'line': b'-- Installing: /home/yahboom/5550_ros2_ws/install/cartographer/include/cartographer/mapping/2d/probability_grid_range_data_inserter_2d.h\n'}
[224.203808] (cartographer) StdoutLine: {'line': b'-- Installing: /home/yahboom/5550_ros2_ws/install/cartographer/include/cartographer/mapping/2d/submap_2d.h\n'}
[224.203957] (cartographer) StdoutLine: {'line': b'-- Installing: /home/yahboom/5550_ros2_ws/install/cartographer/include/cartographer/mapping/2d/xy_index.h\n'}
[224.204009] (cartographer) StdoutLine: {'line': b'-- Installing: /home/yahboom/5550_ros2_ws/install/cartographer/include/cartographer/mapping/3d/hybrid_grid.h\n'}
[224.204098] (cartographer) StdoutLine: {'line': b'-- Installing: /home/yahboom/5550_ros2_ws/install/cartographer/include/cartographer/mapping/3d/range_data_inserter_3d.h\n'}
[224.204150] (cartographer) StdoutLine: {'line': b'-- Installing: /home/yahboom/5550_ros2_ws/install/cartographer/include/cartographer/mapping/3d/submap_3d.h\n'}
[224.204236] (cartographer) StdoutLine: {'line': b'-- Installing: /home/yahboom/5550_ros2_ws/install/cartographer/include/cartographer/mapping/detect_floors.h\n'}
[224.204288] (cartographer) StdoutLine: {'line': b'-- Installing: /home/yahboom/5550_ros2_ws/install/cartographer/include/cartographer/mapping/grid_interface.h\n'}
[224.204377] (cartographer) StdoutLine: {'line': b'-- Installing: /home/yahboom/5550_ros2_ws/install/cartographer/include/cartographer/mapping/id.h\n'}
[224.204540] (cartographer) StdoutLine: {'line': b'-- Installing: /home/yahboom/5550_ros2_ws/install/cartographer/include/cartographer/mapping/imu_tracker.h\n'}
[224.204634] (cartographer) StdoutLine: {'line': b'-- Installing: /home/yahboom/5550_ros2_ws/install/cartographer/include/cartographer/mapping/map_builder.h\n'}
[224.204802] (cartographer) StdoutLine: {'line': b'-- Installing: /home/yahboom/5550_ros2_ws/install/cartographer/include/cartographer/mapping/map_builder_interface.h\n'}
[224.204878] (cartographer) StdoutLine: {'line': b'-- Installing: /home/yahboom/5550_ros2_ws/install/cartographer/include/cartographer/mapping/pose_extrapolator.h\n'}
[224.204972] (cartographer) StdoutLine: {'line': b'-- Installing: /home/yahboom/5550_ros2_ws/install/cartographer/include/cartographer/mapping/pose_extrapolator_interface.h\n'}
[224.205067] (cartographer) StdoutLine: {'line': b'-- Installing: /home/yahboom/5550_ros2_ws/install/cartographer/include/cartographer/mapping/pose_graph.h\n'}
[224.205221] (cartographer) StdoutLine: {'line': b'-- Installing: /home/yahboom/5550_ros2_ws/install/cartographer/include/cartographer/mapping/pose_graph_interface.h\n'}
[224.205316] (cartographer) StdoutLine: {'line': b'-- Installing: /home/yahboom/5550_ros2_ws/install/cartographer/include/cartographer/mapping/pose_graph_trimmer.h\n'}
[224.205418] (cartographer) StdoutLine: {'line': b'-- Installing: /home/yahboom/5550_ros2_ws/install/cartographer/include/cartographer/mapping/probability_values.h\n'}
[224.205506] (cartographer) StdoutLine: {'line': b'-- Installing: /home/yahboom/5550_ros2_ws/install/cartographer/include/cartographer/mapping/range_data_inserter_interface.h\n'}
[224.205603] (cartographer) StdoutLine: {'line': b'-- Installing: /home/yahboom/5550_ros2_ws/install/cartographer/include/cartographer/mapping/submaps.h\n'}
[224.205697] (cartographer) StdoutLine: {'line': b'-- Installing: /home/yahboom/5550_ros2_ws/install/cartographer/include/cartographer/mapping/trajectory_builder_interface.h\n'}
[224.205890] (cartographer) StdoutLine: {'line': b'-- Installing: /home/yahboom/5550_ros2_ws/install/cartographer/include/cartographer/mapping/trajectory_node.h\n'}
[224.205942] (cartographer) StdoutLine: {'line': b'-- Installing: /home/yahboom/5550_ros2_ws/install/cartographer/include/cartographer/mapping/value_conversion_tables.h\n'}
[224.205986] (cartographer) StdoutLine: {'line': b'-- Installing: /home/yahboom/5550_ros2_ws/install/cartographer/include/cartographer/metrics/counter.h\n'}
[224.206029] (cartographer) StdoutLine: {'line': b'-- Installing: /home/yahboom/5550_ros2_ws/install/cartographer/include/cartographer/metrics/family_factory.h\n'}
[224.206072] (cartographer) StdoutLine: {'line': b'-- Installing: /home/yahboom/5550_ros2_ws/install/cartographer/include/cartographer/metrics/gauge.h\n'}
[224.206114] (cartographer) StdoutLine: {'line': b'-- Installing: /home/yahboom/5550_ros2_ws/install/cartographer/include/cartographer/metrics/histogram.h\n'}
[224.206157] (cartographer) StdoutLine: {'line': b'-- Installing: /home/yahboom/5550_ros2_ws/install/cartographer/include/cartographer/metrics/register.h\n'}
[224.206308] (cartographer) StdoutLine: {'line': b'-- Installing: /home/yahboom/5550_ros2_ws/install/cartographer/include/cartographer/sensor/collator_interface.h\n'}
[224.206361] (cartographer) StdoutLine: {'line': b'-- Installing: /home/yahboom/5550_ros2_ws/install/cartographer/include/cartographer/sensor/compressed_point_cloud.h\n'}
[224.206406] (cartographer) StdoutLine: {'line': b'-- Installing: /home/yahboom/5550_ros2_ws/install/cartographer/include/cartographer/sensor/data.h\n'}
[224.206449] (cartographer) StdoutLine: {'line': b'-- Installing: /home/yahboom/5550_ros2_ws/install/cartographer/include/cartographer/sensor/fixed_frame_pose_data.h\n'}
[224.206493] (cartographer) StdoutLine: {'line': b'-- Installing: /home/yahboom/5550_ros2_ws/install/cartographer/include/cartographer/sensor/imu_data.h\n'}
[224.206576] (cartographer) StdoutLine: {'line': b'-- Installing: /home/yahboom/5550_ros2_ws/install/cartographer/include/cartographer/sensor/landmark_data.h\n'}
[224.206668] (cartographer) StdoutLine: {'line': b'-- Installing: /home/yahboom/5550_ros2_ws/install/cartographer/include/cartographer/sensor/map_by_time.h\n'}
[224.206759] (cartographer) StdoutLine: {'line': b'-- Installing: /home/yahboom/5550_ros2_ws/install/cartographer/include/cartographer/sensor/odometry_data.h\n'}
[224.206925] (cartographer) StdoutLine: {'line': b'-- Installing: /home/yahboom/5550_ros2_ws/install/cartographer/include/cartographer/sensor/point_cloud.h\n'}
[224.207020] (cartographer) StdoutLine: {'line': b'-- Installing: /home/yahboom/5550_ros2_ws/install/cartographer/include/cartographer/sensor/range_data.h\n'}
[224.207111] (cartographer) StdoutLine: {'line': b'-- Installing: /home/yahboom/5550_ros2_ws/install/cartographer/include/cartographer/sensor/rangefinder_point.h\n'}
[224.207203] (cartographer) StdoutLine: {'line': b'-- Installing: /home/yahboom/5550_ros2_ws/install/cartographer/include/cartographer/sensor/timed_point_cloud_data.h\n'}
[224.207372] (cartographer) StdoutLine: {'line': b'-- Installing: /home/yahboom/5550_ros2_ws/install/cartographer/include/cartographer/transform/rigid_transform.h\n'}
[224.207435] (cartographer) StdoutLine: {'line': b'-- Installing: /home/yahboom/5550_ros2_ws/install/cartographer/include/cartographer/transform/timestamped_transform.h\n'}
[224.207509] (cartographer) StdoutLine: {'line': b'-- Installing: /home/yahboom/5550_ros2_ws/install/cartographer/include/cartographer/transform/transform.h\n'}
[224.207577] (cartographer) StdoutLine: {'line': b'-- Installing: /home/yahboom/5550_ros2_ws/install/cartographer/include/cartographer/transform/transform_interpolation_buffer.h\n'}
[224.207668] (cartographer) StdoutLine: {'line': b'-- Installing: /home/yahboom/5550_ros2_ws/install/cartographer/include/cartographer/io/fake_file_writer.h\n'}
[224.207727] (cartographer) StdoutLine: {'line': b'-- Installing: /home/yahboom/5550_ros2_ws/install/cartographer/include/cartographer/transform/rigid_transform_test_helpers.h\n'}
[224.207782] (cartographer) StdoutLine: {'line': b'-- Installing: /home/yahboom/5550_ros2_ws/install/cartographer/include/cartographer/common/proto/ceres_solver_options.pb.h\n'}
[224.207893] (cartographer) StdoutLine: {'line': b'-- Installing: /home/yahboom/5550_ros2_ws/install/cartographer/include/cartographer/ground_truth/proto/relations.pb.h\n'}
[224.208006] (cartographer) StdoutLine: {'line': b'-- Installing: /home/yahboom/5550_ros2_ws/install/cartographer/include/cartographer/mapping/proto/cell_limits_2d.pb.h\n'}
[224.208131] (cartographer) StdoutLine: {'line': b'-- Installing: /home/yahboom/5550_ros2_ws/install/cartographer/include/cartographer/mapping/proto/connected_components.pb.h\n'}
[224.208182] (cartographer) StdoutLine: {'line': b'-- Installing: /home/yahboom/5550_ros2_ws/install/cartographer/include/cartographer/mapping/proto/grid_2d.pb.h\n'}
[224.208227] (cartographer) StdoutLine: {'line': b'-- Installing: /home/yahboom/5550_ros2_ws/install/cartographer/include/cartographer/mapping/proto/grid_2d_options.pb.h\n'}
[224.208270] (cartographer) StdoutLine: {'line': b'-- Installing: /home/yahboom/5550_ros2_ws/install/cartographer/include/cartographer/mapping/proto/hybrid_grid.pb.h\n'}
[224.208363] (cartographer) StdoutLine: {'line': b'-- Installing: /home/yahboom/5550_ros2_ws/install/cartographer/include/cartographer/mapping/proto/local_trajectory_builder_options_2d.pb.h\n'}
[224.208415] (cartographer) StdoutLine: {'line': b'-- Installing: /home/yahboom/5550_ros2_ws/install/cartographer/include/cartographer/mapping/proto/local_trajectory_builder_options_3d.pb.h\n'}
[224.208502] (cartographer) StdoutLine: {'line': b'-- Installing: /home/yahboom/5550_ros2_ws/install/cartographer/include/cartographer/mapping/proto/map_builder_options.pb.h\n'}
[224.208600] (cartographer) StdoutLine: {'line': b'-- Installing: /home/yahboom/5550_ros2_ws/install/cartographer/include/cartographer/mapping/proto/map_limits.pb.h\n'}
[224.208703] (cartographer) StdoutLine: {'line': b'-- Installing: /home/yahboom/5550_ros2_ws/install/cartographer/include/cartographer/mapping/proto/motion_filter_options.pb.h\n'}
[224.208793] (cartographer) StdoutLine: {'line': b'-- Installing: /home/yahboom/5550_ros2_ws/install/cartographer/include/cartographer/mapping/proto/normal_estimation_options_2d.pb.h\n'}
[224.208881] (cartographer) StdoutLine: {'line': b'-- Installing: /home/yahboom/5550_ros2_ws/install/cartographer/include/cartographer/mapping/proto/pose_extrapolator_options.pb.h\n'}
[224.208975] (cartographer) StdoutLine: {'line': b'-- Installing: /home/yahboom/5550_ros2_ws/install/cartographer/include/cartographer/mapping/proto/pose_graph.pb.h\n'}
[224.209128] (cartographer) StdoutLine: {'line': b'-- Installing: /home/yahboom/5550_ros2_ws/install/cartographer/include/cartographer/mapping/proto/pose_graph/constraint_builder_options.pb.h\n'}
[224.209245] (cartographer) StdoutLine: {'line': b'-- Installing: /home/yahboom/5550_ros2_ws/install/cartographer/include/cartographer/mapping/proto/pose_graph/optimization_problem_options.pb.h\n'}
[224.209364] (cartographer) StdoutLine: {'line': b'-- Installing: /home/yahboom/5550_ros2_ws/install/cartographer/include/cartographer/mapping/proto/pose_graph_options.pb.h\n'}
[224.209491] (cartographer) StdoutLine: {'line': b'-- Installing: /home/yahboom/5550_ros2_ws/install/cartographer/include/cartographer/mapping/proto/probability_grid.pb.h\n'}
[224.210336] (cartographer) StdoutLine: {'line': b'-- Installing: /home/yahboom/5550_ros2_ws/install/cartographer/include/cartographer/mapping/proto/probability_grid_range_data_inserter_options_2d.pb.h\n'}
[224.210401] (cartographer) StdoutLine: {'line': b'-- Installing: /home/yahboom/5550_ros2_ws/install/cartographer/include/cartographer/mapping/proto/range_data_inserter_options.pb.h\n'}
[224.210507] (cartographer) StdoutLine: {'line': b'-- Installing: /home/yahboom/5550_ros2_ws/install/cartographer/include/cartographer/mapping/proto/range_data_inserter_options_3d.pb.h\n'}
[224.210563] (cartographer) StdoutLine: {'line': b'-- Installing: /home/yahboom/5550_ros2_ws/install/cartographer/include/cartographer/mapping/proto/scan_matching/ceres_scan_matcher_options_2d.pb.h\n'}
[224.210609] (cartographer) StdoutLine: {'line': b'-- Installing: /home/yahboom/5550_ros2_ws/install/cartographer/include/cartographer/mapping/proto/scan_matching/ceres_scan_matcher_options_3d.pb.h\n'}
[224.210653] (cartographer) StdoutLine: {'line': b'-- Installing: /home/yahboom/5550_ros2_ws/install/cartographer/include/cartographer/mapping/proto/scan_matching/fast_correlative_scan_matcher_options_2d.pb.h\n'}
[224.210696] (cartographer) StdoutLine: {'line': b'-- Installing: /home/yahboom/5550_ros2_ws/install/cartographer/include/cartographer/mapping/proto/scan_matching/fast_correlative_scan_matcher_options_3d.pb.h\n'}
[224.210762] (cartographer) StdoutLine: {'line': b'-- Installing: /home/yahboom/5550_ros2_ws/install/cartographer/include/cartographer/mapping/proto/scan_matching/real_time_correlative_scan_matcher_options.pb.h\n'}
[224.210853] (cartographer) StdoutLine: {'line': b'-- Installing: /home/yahboom/5550_ros2_ws/install/cartographer/include/cartographer/mapping/proto/serialization.pb.h\n'}
[224.210981] (cartographer) StdoutLine: {'line': b'-- Installing: /home/yahboom/5550_ros2_ws/install/cartographer/include/cartographer/mapping/proto/submap.pb.h\n'}
[224.211071] (cartographer) StdoutLine: {'line': b'-- Installing: /home/yahboom/5550_ros2_ws/install/cartographer/include/cartographer/mapping/proto/submap_visualization.pb.h\n'}
[224.211211] (cartographer) StdoutLine: {'line': b'-- Installing: /home/yahboom/5550_ros2_ws/install/cartographer/include/cartographer/mapping/proto/submaps_options_2d.pb.h\n'}
[224.211262] (cartographer) StdoutLine: {'line': b'-- Installing: /home/yahboom/5550_ros2_ws/install/cartographer/include/cartographer/mapping/proto/submaps_options_3d.pb.h\n'}
[224.211810] (cartographer) StdoutLine: {'line': b'-- Installing: /home/yahboom/5550_ros2_ws/install/cartographer/include/cartographer/mapping/proto/trajectory.pb.h\n'}
[224.211864] (cartographer) StdoutLine: {'line': b'-- Installing: /home/yahboom/5550_ros2_ws/install/cartographer/include/cartographer/mapping/proto/trajectory_builder_options.pb.h\n'}
[224.211907] (cartographer) StdoutLine: {'line': b'-- Installing: /home/yahboom/5550_ros2_ws/install/cartographer/include/cartographer/mapping/proto/trajectory_node_data.pb.h\n'}
[224.211951] (cartographer) StdoutLine: {'line': b'-- Installing: /home/yahboom/5550_ros2_ws/install/cartographer/include/cartographer/mapping/proto/tsdf_2d.pb.h\n'}
[224.211993] (cartographer) StdoutLine: {'line': b'-- Installing: /home/yahboom/5550_ros2_ws/install/cartographer/include/cartographer/mapping/proto/tsdf_range_data_inserter_options_2d.pb.h\n'}
[224.212035] (cartographer) StdoutLine: {'line': b'-- Installing: /home/yahboom/5550_ros2_ws/install/cartographer/include/cartographer/sensor/proto/adaptive_voxel_filter_options.pb.h\n'}
[224.212077] (cartographer) StdoutLine: {'line': b'-- Installing: /home/yahboom/5550_ros2_ws/install/cartographer/include/cartographer/sensor/proto/sensor.pb.h\n'}
[224.212204] (cartographer) StdoutLine: {'line': b'-- Installing: /home/yahboom/5550_ros2_ws/install/cartographer/include/cartographer/transform/proto/timestamped_transform.pb.h\n'}
[224.212298] (cartographer) StdoutLine: {'line': b'-- Installing: /home/yahboom/5550_ros2_ws/install/cartographer/include/cartographer/transform/proto/transform.pb.h\n'}
[224.212421] (cartographer) StdoutLine: {'line': b'-- Installing: /home/yahboom/5550_ros2_ws/install/cartographer/share/cartographer/cmake/CartographerTargets.cmake\n'}
[224.212474] (cartographer) StdoutLine: {'line': b'-- Installing: /home/yahboom/5550_ros2_ws/install/cartographer/share/cartographer/cmake/CartographerTargets-release.cmake\n'}
[224.212519] (cartographer) StdoutLine: {'line': b'-- Installing: /home/yahboom/5550_ros2_ws/install/cartographer/share/cartographer/cartographer-config.cmake\n'}
[224.214039] (cartographer) CommandEnded: {'returncode': 0}
[224.240650] (-) TimerEvent: {}
[224.340869] (-) TimerEvent: {}
[224.441177] (-) TimerEvent: {}
[224.541470] (-) TimerEvent: {}
[224.641744] (-) TimerEvent: {}
[224.741952] (-) TimerEvent: {}
[224.842425] (-) TimerEvent: {}
[224.942650] (-) TimerEvent: {}
[225.042894] (-) TimerEvent: {}
[225.139764] (cartographer) JobEnded: {'identifier': 'cartographer', 'rc': 0}
[225.142820] (cartographer_ros) JobStarted: {'identifier': 'cartographer_ros'}
[225.143025] (-) TimerEvent: {}
[225.154242] (cartographer_ros) JobProgress: {'identifier': 'cartographer_ros', 'progress': 'cmake'}
[225.155183] (cartographer_ros) Command: {'cmd': ['/usr/bin/cmake', '/home/yahboom/5550_ros2_ws/src/cartographer_ros/cartographer_ros', '-DAMENT_CMAKE_SYMLINK_INSTALL=1', '-DCMAKE_INSTALL_PREFIX=/home/yahboom/5550_ros2_ws/install/cartographer_ros'], 'cwd': '/home/yahboom/5550_ros2_ws/build/cartographer_ros', 'env': OrderedDict([('LESSOPEN', '| /usr/bin/lesspipe %s'), ('USER', 'yahboom'), ('LC_TIME', 'en_AU.UTF-8'), ('XDG_SESSION_TYPE', 'wayland'), ('SHLVL', '1'), ('LD_LIBRARY_PATH', '/home/yahboom/5550_ros2_ws/install/cartographer_ros_msgs/lib:/home/yahboom/yahboomcar_ws/install/openslam_gmapping/lib:/usr/lib/x86_64-linux-gnu/gazebo-11/plugins:/opt/ros/humble/opt/rviz_ogre_vendor/lib:/opt/ros/humble/lib/x86_64-linux-gnu:/opt/ros/humble/lib'), ('HOME', '/home/yahboom'), ('OLDPWD', '/home/yahboom/5550_ros2_ws/src'), ('DESKTOP_SESSION', 'ubuntu'), ('ROS_PYTHON_VERSION', '3'), ('GNOME_SHELL_SESSION_MODE', 'ubuntu'), ('GTK_MODULES', 'gail:atk-bridge'), ('LC_MONETARY', 'en_AU.UTF-8'), ('DBUS_STARTER_BUS_TYPE', 'session'), ('SYSTEMD_EXEC_PID', '1207'), ('DBUS_SESSION_BUS_ADDRESS', 'unix:path=/run/user/1000/bus,guid=3b63875a28f7ace014de708968a2af05'), ('COLORTERM', 'truecolor'), ('IM_CONFIG_PHASE', '1'), ('WAYLAND_DISPLAY', 'wayland-0'), ('COLCON_PREFIX_PATH', '/home/yahboom/5550_ros2_ws/install:/home/yahboom/yahboomcar_ws/install'), ('ROS_DISTRO', 'humble'), ('LOGNAME', 'yahboom'), ('_', '/usr/bin/colcon'), ('ROS_VERSION', '2'), ('PKG_CONFIG_PATH', '/home/yahboom/5550_ros2_ws/install/cartographer/lib/x86_64-linux-gnu/pkgconfig:/home/yahboom/5550_ros2_ws/install/cartographer/lib/pkgconfig'), ('XDG_SESSION_CLASS', 'user'), ('USERNAME', 'yahboom'), ('TERM', 'xterm-256color'), ('GNOME_DESKTOP_SESSION_ID', 'this-is-deprecated'), ('ROS_LOCALHOST_ONLY', '0'), ('PATH', '/home/yahboom/5550_ros2_ws/install/cartographer/bin:/opt/ros/humble/bin:/usr/local/sbin:/usr/local/bin:/usr/sbin:/usr/bin:/sbin:/bin:/usr/games:/usr/local/games:/snap/bin:/snap/bin'), ('SESSION_MANAGER', 'local/676rb16:@/tmp/.ICE-unix/1207,unix/676rb16:/tmp/.ICE-unix/1207'), ('PAPERSIZE', 'a4'), ('XDG_MENU_PREFIX', 'gnome-'), ('LC_ADDRESS', 'en_AU.UTF-8'), ('GNOME_TERMINAL_SCREEN', '/org/gnome/Terminal/screen/71ee0731_dd8d_4273_80ff_3f9e8885a6d0'), ('GNOME_SETUP_DISPLAY', ':1'), ('XDG_RUNTIME_DIR', '/run/user/1000'), ('DISPLAY', ':0'), ('LANG', 'en_US.UTF-8'), ('XDG_CURRENT_DESKTOP', 'ubuntu:GNOME'), ('LC_TELEPHONE', 'en_AU.UTF-8'), ('XMODIFIERS', '@im=ibus'), ('XDG_SESSION_DESKTOP', 'ubuntu'), ('XAUTHORITY', '/run/user/1000/.mutter-Xwaylandauth.PDBPB3'), ('LS_COLORS', 'rs=0:di=01;34:ln=01;36:mh=00:pi=40;33:so=01;35:do=01;35:bd=40;33;01:cd=40;33;01:or=40;31;01:mi=00:su=37;41:sg=30;43:ca=30;41:tw=30;42:ow=34;42:st=37;44:ex=01;32:*.tar=01;31:*.tgz=01;31:*.arc=01;31:*.arj=01;31:*.taz=01;31:*.lha=01;31:*.lz4=01;31:*.lzh=01;31:*.lzma=01;31:*.tlz=01;31:*.txz=01;31:*.tzo=01;31:*.t7z=01;31:*.zip=01;31:*.z=01;31:*.dz=01;31:*.gz=01;31:*.lrz=01;31:*.lz=01;31:*.lzo=01;31:*.xz=01;31:*.zst=01;31:*.tzst=01;31:*.bz2=01;31:*.bz=01;31:*.tbz=01;31:*.tbz2=01;31:*.tz=01;31:*.deb=01;31:*.rpm=01;31:*.jar=01;31:*.war=01;31:*.ear=01;31:*.sar=01;31:*.rar=01;31:*.alz=01;31:*.ace=01;31:*.zoo=01;31:*.cpio=01;31:*.7z=01;31:*.rz=01;31:*.cab=01;31:*.wim=01;31:*.swm=01;31:*.dwm=01;31:*.esd=01;31:*.jpg=01;35:*.jpeg=01;35:*.mjpg=01;35:*.mjpeg=01;35:*.gif=01;35:*.bmp=01;35:*.pbm=01;35:*.pgm=01;35:*.ppm=01;35:*.tga=01;35:*.xbm=01;35:*.xpm=01;35:*.tif=01;35:*.tiff=01;35:*.png=01;35:*.svg=01;35:*.svgz=01;35:*.mng=01;35:*.pcx=01;35:*.mov=01;35:*.mpg=01;35:*.mpeg=01;35:*.m2v=01;35:*.mkv=01;35:*.webm=01;35:*.webp=01;35:*.ogm=01;35:*.mp4=01;35:*.m4v=01;35:*.mp4v=01;35:*.vob=01;35:*.qt=01;35:*.nuv=01;35:*.wmv=01;35:*.asf=01;35:*.rm=01;35:*.rmvb=01;35:*.flc=01;35:*.avi=01;35:*.fli=01;35:*.flv=01;35:*.gl=01;35:*.dl=01;35:*.xcf=01;35:*.xwd=01;35:*.yuv=01;35:*.cgm=01;35:*.emf=01;35:*.ogv=01;35:*.ogx=01;35:*.aac=00;36:*.au=00;36:*.flac=00;36:*.m4a=00;36:*.mid=00;36:*.midi=00;36:*.mka=00;36:*.mp3=00;36:*.mpc=00;36:*.ogg=00;36:*.ra=00;36:*.wav=00;36:*.oga=00;36:*.opus=00;36:*.spx=00;36:*.xspf=00;36:'), ('GNOME_TERMINAL_SERVICE', ':1.134'), ('SSH_AGENT_LAUNCHER', 'gnome-keyring'), ('SSH_AUTH_SOCK', '/run/user/1000/keyring/ssh'), ('AMENT_PREFIX_PATH', '/home/yahboom/5550_ros2_ws/install/example_cpp:/home/yahboom/5550_ros2_ws/install/drone_description:/home/yahboom/5550_ros2_ws/install/cartographer_ros_msgs:/home/yahboom/yahboomcar_ws/install/ydlidar_ros2_driver:/home/yahboom/yahboomcar_ws/install/slam_gmapping:/home/yahboom/yahboomcar_ws/install/rf2o_laser_odometry:/home/yahboom/yahboomcar_ws/install/openslam_gmapping:/opt/ros/humble'), ('SHELL', '/bin/bash'), ('LC_NAME', 'en_AU.UTF-8'), ('QT_ACCESSIBILITY', '1'), ('GDMSESSION', 'ubuntu'), ('LESSCLOSE', '/usr/bin/lesspipe %s %s'), ('LC_MEASUREMENT', 'en_AU.UTF-8'), ('LC_IDENTIFICATION', 'en_AU.UTF-8'), ('QT_IM_MODULE', 'ibus'), ('PWD', '/home/yahboom/5550_ros2_ws/build/cartographer_ros'), ('LC_ALL', 'en_US.UTF-8'), ('XDG_CONFIG_DIRS', '/etc/xdg/xdg-ubuntu:/etc/xdg'), ('DBUS_STARTER_ADDRESS', 'unix:path=/run/user/1000/bus,guid=3b63875a28f7ace014de708968a2af05'), ('XDG_DATA_DIRS', '/usr/share/ubuntu:/usr/local/share/:/usr/share/:/var/lib/snapd/desktop'), ('PYTHONPATH', '/home/yahboom/5550_ros2_ws/build/drone_description:/home/yahboom/5550_ros2_ws/install/drone_description/lib/python3.10/site-packages:/home/yahboom/5550_ros2_ws/install/cartographer_ros_msgs/local/lib/python3.10/dist-packages:/opt/ros/humble/lib/python3.10/site-packages:/opt/ros/humble/local/lib/python3.10/dist-packages'), ('LC_NUMERIC', 'en_AU.UTF-8'), ('LC_PAPER', 'en_AU.UTF-8'), ('COLCON', '1'), ('VTE_VERSION', '6800'), ('CMAKE_PREFIX_PATH', '/home/yahboom/5550_ros2_ws/install/cartographer_ros_msgs:/home/yahboom/5550_ros2_ws/install/cartographer:/home/yahboom/5550_ros2_ws/install/example_cpp:/home/yahboom/yahboomcar_ws/install/ydlidar_ros2_driver:/home/yahboom/yahboomcar_ws/install/slam_gmapping:/home/yahboom/yahboomcar_ws/install/rf2o_laser_odometry:/home/yahboom/yahboomcar_ws/install/openslam_gmapping:/home/yahboom/5550_ros2_ws/install/drone_description:/opt/ros/humble')]), 'shell': False}
[225.201970] (cartographer_ros) StdoutLine: {'line': b'-- The C compiler identification is GNU 11.4.0\n'}
[225.243200] (-) TimerEvent: {}
[225.248853] (cartographer_ros) StdoutLine: {'line': b'-- The CXX compiler identification is GNU 11.4.0\n'}
[225.254302] (cartographer_ros) StdoutLine: {'line': b'-- Detecting C compiler ABI info\n'}
[225.308775] (cartographer_ros) StdoutLine: {'line': b'-- Detecting C compiler ABI info - done\n'}
[225.312772] (cartographer_ros) StdoutLine: {'line': b'-- Check for working C compiler: /usr/bin/cc - skipped\n'}
[225.312950] (cartographer_ros) StdoutLine: {'line': b'-- Detecting C compile features\n'}
[225.313063] (cartographer_ros) StdoutLine: {'line': b'-- Detecting C compile features - done\n'}
[225.314996] (cartographer_ros) StdoutLine: {'line': b'-- Detecting CXX compiler ABI info\n'}
[225.343334] (-) TimerEvent: {}
[225.373885] (cartographer_ros) StdoutLine: {'line': b'-- Detecting CXX compiler ABI info - done\n'}
[225.378289] (cartographer_ros) StdoutLine: {'line': b'-- Check for working CXX compiler: /usr/bin/c++ - skipped\n'}
[225.378530] (cartographer_ros) StdoutLine: {'line': b'-- Detecting CXX compile features\n'}
[225.378972] (cartographer_ros) StdoutLine: {'line': b'-- Detecting CXX compile features - done\n'}
[225.387455] (cartographer_ros) StdoutLine: {'line': b'-- Found ament_cmake: 1.3.8 (/opt/ros/humble/share/ament_cmake/cmake)\n'}
[225.443492] (-) TimerEvent: {}
[225.508599] (cartographer_ros) StdoutLine: {'line': b'-- Found Python3: /usr/bin/python3 (found version "3.10.12") found components: Interpreter \n'}
[225.543588] (-) TimerEvent: {}
[225.561627] (cartographer_ros) StdoutLine: {'line': b'-- Override CMake install command with custom implementation using symlinks instead of copying resources\n'}
[225.591118] (cartographer_ros) StdoutLine: {'line': b'-- Looking for pthread.h\n'}
[225.643740] (-) TimerEvent: {}
[225.646268] (cartographer_ros) StdoutLine: {'line': b'-- Looking for pthread.h - found\n'}
[225.646501] (cartographer_ros) StdoutLine: {'line': b'-- Performing Test CMAKE_HAVE_LIBC_PTHREAD\n'}
[225.704463] (cartographer_ros) StdoutLine: {'line': b'-- Performing Test CMAKE_HAVE_LIBC_PTHREAD - Success\n'}
[225.705119] (cartographer_ros) StdoutLine: {'line': b'-- Found Threads: TRUE  \n'}
[225.710328] (cartographer_ros) StdoutLine: {'line': b'-- Found builtin_interfaces: 1.2.1 (/opt/ros/humble/share/builtin_interfaces/cmake)\n'}
[225.743859] (-) TimerEvent: {}
[225.746271] (cartographer_ros) StdoutLine: {'line': b'-- Found rosidl_generator_c: 3.1.5 (/opt/ros/humble/share/rosidl_generator_c/cmake)\n'}
[225.750952] (cartographer_ros) StdoutLine: {'line': b'-- Found rosidl_adapter: 3.1.5 (/opt/ros/humble/share/rosidl_adapter/cmake)\n'}
[225.758207] (cartographer_ros) StdoutLine: {'line': b'-- Found rosidl_generator_cpp: 3.1.5 (/opt/ros/humble/share/rosidl_generator_cpp/cmake)\n'}
[225.770076] (cartographer_ros) StdoutLine: {'line': b'-- Using all available rosidl_typesupport_c: rosidl_typesupport_fastrtps_c;rosidl_typesupport_introspection_c\n'}
[225.786236] (cartographer_ros) StdoutLine: {'line': b'-- Using all available rosidl_typesupport_cpp: rosidl_typesupport_fastrtps_cpp;rosidl_typesupport_introspection_cpp\n'}
[225.809155] (cartographer_ros) StdoutLine: {'line': b'-- Found required Ceres dependency: Eigen version 3.4.0 in /usr/include/eigen3\n'}
[225.813651] (cartographer_ros) StdoutLine: {'line': b'-- Found required Ceres dependency: glog\n'}
[225.813966] (cartographer_ros) StdoutLine: {'line': b'-- Found required Ceres dependency: gflags\n'}
[225.814081] (cartographer_ros) StdoutLine: {'line': b'-- Found Ceres version: 2.0.0 installed in: /usr with components: [EigenSparse, SparseLinearAlgebraLibrary, LAPACK, SuiteSparse, CXSparse, SchurSpecializations, Multithreading]\n'}
[225.816902] (cartographer_ros) StdoutLine: {'line': b'-- Found cartographer_ros_msgs: 2.0.9003 (/home/yahboom/5550_ros2_ws/install/cartographer_ros_msgs/share/cartographer_ros_msgs/cmake)\n'}
[225.843941] (-) TimerEvent: {}
[225.944205] (-) TimerEvent: {}
[225.953006] (cartographer_ros) StdoutLine: {'line': b'-- Found nav_msgs: 4.2.3 (/opt/ros/humble/share/nav_msgs/cmake)\n'}
[226.024791] (cartographer_ros) StdoutLine: {'line': b"-- Checking for module 'eigen3'\n"}
[226.035226] (cartographer_ros) StdoutLine: {'line': b'--   Found eigen3, version 3.4.0\n'}
[226.044339] (-) TimerEvent: {}
[226.060358] (cartographer_ros) StdoutLine: {'line': b'-- Found Eigen: /usr/include/eigen3 (Required is at least version "3.1") \n'}
[226.060443] (cartographer_ros) StdoutLine: {'line': b'-- Eigen found (include: /usr/include/eigen3, version: 3.4.0)\n'}
[226.081986] (cartographer_ros) StdoutLine: {'line': b'-- Found Boost: /usr/lib/x86_64-linux-gnu/cmake/Boost-1.74.0/BoostConfig.cmake (found suitable version "1.74.0", minimum required is "1.65.0") found components: system filesystem date_time iostreams serialization \n'}
[226.082700] (cartographer_ros) StdoutLine: {'line': b'-- looking for PCL_COMMON\n'}
[226.083349] (cartographer_ros) StdoutLine: {'line': b'-- Found PCL_COMMON: /usr/lib/x86_64-linux-gnu/libpcl_common.so  \n'}
[226.083546] (cartographer_ros) StdoutLine: {'line': b'-- Found PCL: pcl_common;Boost::system;Boost::filesystem;Boost::date_time;Boost::iostreams;Boost::serialization  \n'}
[226.085465] (cartographer_ros) StdoutLine: {'line': b'-- Found pcl_conversions: 2.4.0 (/opt/ros/humble/share/pcl_conversions/cmake)\n'}
[226.140729] (cartographer_ros) StdoutLine: {'line': b'-- Found rmw_implementation_cmake: 6.1.1 (/opt/ros/humble/share/rmw_implementation_cmake/cmake)\n'}
[226.142972] (cartographer_ros) StdoutLine: {'line': b'-- Found rmw_fastrtps_cpp: 6.2.6 (/opt/ros/humble/share/rmw_fastrtps_cpp/cmake)\n'}
[226.144447] (-) TimerEvent: {}
[226.231157] (cartographer_ros) StdoutLine: {'line': b'-- Found OpenSSL: /usr/lib/x86_64-linux-gnu/libcrypto.so (found version "3.0.2")  \n'}
[226.244790] (-) TimerEvent: {}
[226.251196] (cartographer_ros) StdoutLine: {'line': b'-- Found FastRTPS: /opt/ros/humble/include  \n'}
[226.282842] (cartographer_ros) StdoutLine: {'line': b"-- Using RMW implementation 'rmw_fastrtps_cpp' as default\n"}
[226.344901] (-) TimerEvent: {}
[226.445199] (-) TimerEvent: {}
[226.545514] (-) TimerEvent: {}
[226.567482] (cartographer_ros) StdoutLine: {'line': b'-- Found ros_environment: 3.2.2 (/opt/ros/humble/share/ros_environment/cmake)\n'}
[226.569948] (cartographer_ros) StdoutLine: {'line': b'-- Found rosbag2_cpp: 0.15.9 (/opt/ros/humble/share/rosbag2_cpp/cmake)\n'}
[226.618071] (cartographer_ros) StdoutLine: {'line': b'-- Found tf2: 0.25.6 (/opt/ros/humble/share/tf2/cmake)\n'}
[226.625840] (cartographer_ros) StdoutLine: {'line': b'-- Found tf2_eigen: 0.25.6 (/opt/ros/humble/share/tf2_eigen/cmake)\n'}
[226.645624] (-) TimerEvent: {}
[226.745883] (-) TimerEvent: {}
[226.846430] (-) TimerEvent: {}
[226.889254] (cartographer_ros) StdoutLine: {'line': b'-- Found urdf: 2.6.0 (/opt/ros/humble/share/urdf/cmake)\n'}
[226.900913] (cartographer_ros) StdoutLine: {'line': b'-- Found visualization_msgs: 4.2.3 (/opt/ros/humble/share/visualization_msgs/cmake)\n'}
[226.946565] (-) TimerEvent: {}
[226.986355] (cartographer_ros) StdoutLine: {'line': b'-- Found PkgConfig: /usr/bin/pkg-config (found version "0.29.2") \n'}
[226.987546] (cartographer_ros) StdoutLine: {'line': b"-- Checking for one of the modules 'cairo>=1.12.16'\n"}
[227.046679] (-) TimerEvent: {}
[227.099004] (cartographer_ros) StdoutLine: {'line': b'-- Configuring done\n'}
[227.147415] (-) TimerEvent: {}
[227.178841] (cartographer_ros) StdoutLine: {'line': b'-- Generating done\n'}
[227.180563] (cartographer_ros) StdoutLine: {'line': b'-- Build files have been written to: /home/yahboom/5550_ros2_ws/build/cartographer_ros\n'}
[227.190443] (cartographer_ros) CommandEnded: {'returncode': 0}
[227.190915] (cartographer_ros) JobProgress: {'identifier': 'cartographer_ros', 'progress': 'build'}
[227.191273] (cartographer_ros) Command: {'cmd': ['/usr/bin/cmake', '--build', '/home/yahboom/5550_ros2_ws/build/cartographer_ros', '--', '-j4', '-l4'], 'cwd': '/home/yahboom/5550_ros2_ws/build/cartographer_ros', 'env': OrderedDict([('LESSOPEN', '| /usr/bin/lesspipe %s'), ('USER', 'yahboom'), ('LC_TIME', 'en_AU.UTF-8'), ('XDG_SESSION_TYPE', 'wayland'), ('SHLVL', '1'), ('LD_LIBRARY_PATH', '/home/yahboom/5550_ros2_ws/install/cartographer_ros_msgs/lib:/home/yahboom/yahboomcar_ws/install/openslam_gmapping/lib:/usr/lib/x86_64-linux-gnu/gazebo-11/plugins:/opt/ros/humble/opt/rviz_ogre_vendor/lib:/opt/ros/humble/lib/x86_64-linux-gnu:/opt/ros/humble/lib'), ('HOME', '/home/yahboom'), ('OLDPWD', '/home/yahboom/5550_ros2_ws/src'), ('DESKTOP_SESSION', 'ubuntu'), ('ROS_PYTHON_VERSION', '3'), ('GNOME_SHELL_SESSION_MODE', 'ubuntu'), ('GTK_MODULES', 'gail:atk-bridge'), ('LC_MONETARY', 'en_AU.UTF-8'), ('DBUS_STARTER_BUS_TYPE', 'session'), ('SYSTEMD_EXEC_PID', '1207'), ('DBUS_SESSION_BUS_ADDRESS', 'unix:path=/run/user/1000/bus,guid=3b63875a28f7ace014de708968a2af05'), ('COLORTERM', 'truecolor'), ('IM_CONFIG_PHASE', '1'), ('WAYLAND_DISPLAY', 'wayland-0'), ('COLCON_PREFIX_PATH', '/home/yahboom/5550_ros2_ws/install:/home/yahboom/yahboomcar_ws/install'), ('ROS_DISTRO', 'humble'), ('LOGNAME', 'yahboom'), ('_', '/usr/bin/colcon'), ('ROS_VERSION', '2'), ('PKG_CONFIG_PATH', '/home/yahboom/5550_ros2_ws/install/cartographer/lib/x86_64-linux-gnu/pkgconfig:/home/yahboom/5550_ros2_ws/install/cartographer/lib/pkgconfig'), ('XDG_SESSION_CLASS', 'user'), ('USERNAME', 'yahboom'), ('TERM', 'xterm-256color'), ('GNOME_DESKTOP_SESSION_ID', 'this-is-deprecated'), ('ROS_LOCALHOST_ONLY', '0'), ('PATH', '/home/yahboom/5550_ros2_ws/install/cartographer/bin:/opt/ros/humble/bin:/usr/local/sbin:/usr/local/bin:/usr/sbin:/usr/bin:/sbin:/bin:/usr/games:/usr/local/games:/snap/bin:/snap/bin'), ('SESSION_MANAGER', 'local/676rb16:@/tmp/.ICE-unix/1207,unix/676rb16:/tmp/.ICE-unix/1207'), ('PAPERSIZE', 'a4'), ('XDG_MENU_PREFIX', 'gnome-'), ('LC_ADDRESS', 'en_AU.UTF-8'), ('GNOME_TERMINAL_SCREEN', '/org/gnome/Terminal/screen/71ee0731_dd8d_4273_80ff_3f9e8885a6d0'), ('GNOME_SETUP_DISPLAY', ':1'), ('XDG_RUNTIME_DIR', '/run/user/1000'), ('DISPLAY', ':0'), ('LANG', 'en_US.UTF-8'), ('XDG_CURRENT_DESKTOP', 'ubuntu:GNOME'), ('LC_TELEPHONE', 'en_AU.UTF-8'), ('XMODIFIERS', '@im=ibus'), ('XDG_SESSION_DESKTOP', 'ubuntu'), ('XAUTHORITY', '/run/user/1000/.mutter-Xwaylandauth.PDBPB3'), ('LS_COLORS', 'rs=0:di=01;34:ln=01;36:mh=00:pi=40;33:so=01;35:do=01;35:bd=40;33;01:cd=40;33;01:or=40;31;01:mi=00:su=37;41:sg=30;43:ca=30;41:tw=30;42:ow=34;42:st=37;44:ex=01;32:*.tar=01;31:*.tgz=01;31:*.arc=01;31:*.arj=01;31:*.taz=01;31:*.lha=01;31:*.lz4=01;31:*.lzh=01;31:*.lzma=01;31:*.tlz=01;31:*.txz=01;31:*.tzo=01;31:*.t7z=01;31:*.zip=01;31:*.z=01;31:*.dz=01;31:*.gz=01;31:*.lrz=01;31:*.lz=01;31:*.lzo=01;31:*.xz=01;31:*.zst=01;31:*.tzst=01;31:*.bz2=01;31:*.bz=01;31:*.tbz=01;31:*.tbz2=01;31:*.tz=01;31:*.deb=01;31:*.rpm=01;31:*.jar=01;31:*.war=01;31:*.ear=01;31:*.sar=01;31:*.rar=01;31:*.alz=01;31:*.ace=01;31:*.zoo=01;31:*.cpio=01;31:*.7z=01;31:*.rz=01;31:*.cab=01;31:*.wim=01;31:*.swm=01;31:*.dwm=01;31:*.esd=01;31:*.jpg=01;35:*.jpeg=01;35:*.mjpg=01;35:*.mjpeg=01;35:*.gif=01;35:*.bmp=01;35:*.pbm=01;35:*.pgm=01;35:*.ppm=01;35:*.tga=01;35:*.xbm=01;35:*.xpm=01;35:*.tif=01;35:*.tiff=01;35:*.png=01;35:*.svg=01;35:*.svgz=01;35:*.mng=01;35:*.pcx=01;35:*.mov=01;35:*.mpg=01;35:*.mpeg=01;35:*.m2v=01;35:*.mkv=01;35:*.webm=01;35:*.webp=01;35:*.ogm=01;35:*.mp4=01;35:*.m4v=01;35:*.mp4v=01;35:*.vob=01;35:*.qt=01;35:*.nuv=01;35:*.wmv=01;35:*.asf=01;35:*.rm=01;35:*.rmvb=01;35:*.flc=01;35:*.avi=01;35:*.fli=01;35:*.flv=01;35:*.gl=01;35:*.dl=01;35:*.xcf=01;35:*.xwd=01;35:*.yuv=01;35:*.cgm=01;35:*.emf=01;35:*.ogv=01;35:*.ogx=01;35:*.aac=00;36:*.au=00;36:*.flac=00;36:*.m4a=00;36:*.mid=00;36:*.midi=00;36:*.mka=00;36:*.mp3=00;36:*.mpc=00;36:*.ogg=00;36:*.ra=00;36:*.wav=00;36:*.oga=00;36:*.opus=00;36:*.spx=00;36:*.xspf=00;36:'), ('GNOME_TERMINAL_SERVICE', ':1.134'), ('SSH_AGENT_LAUNCHER', 'gnome-keyring'), ('SSH_AUTH_SOCK', '/run/user/1000/keyring/ssh'), ('AMENT_PREFIX_PATH', '/home/yahboom/5550_ros2_ws/install/example_cpp:/home/yahboom/5550_ros2_ws/install/drone_description:/home/yahboom/5550_ros2_ws/install/cartographer_ros_msgs:/home/yahboom/yahboomcar_ws/install/ydlidar_ros2_driver:/home/yahboom/yahboomcar_ws/install/slam_gmapping:/home/yahboom/yahboomcar_ws/install/rf2o_laser_odometry:/home/yahboom/yahboomcar_ws/install/openslam_gmapping:/opt/ros/humble'), ('SHELL', '/bin/bash'), ('LC_NAME', 'en_AU.UTF-8'), ('QT_ACCESSIBILITY', '1'), ('GDMSESSION', 'ubuntu'), ('LESSCLOSE', '/usr/bin/lesspipe %s %s'), ('LC_MEASUREMENT', 'en_AU.UTF-8'), ('LC_IDENTIFICATION', 'en_AU.UTF-8'), ('QT_IM_MODULE', 'ibus'), ('PWD', '/home/yahboom/5550_ros2_ws/build/cartographer_ros'), ('LC_ALL', 'en_US.UTF-8'), ('XDG_CONFIG_DIRS', '/etc/xdg/xdg-ubuntu:/etc/xdg'), ('DBUS_STARTER_ADDRESS', 'unix:path=/run/user/1000/bus,guid=3b63875a28f7ace014de708968a2af05'), ('XDG_DATA_DIRS', '/usr/share/ubuntu:/usr/local/share/:/usr/share/:/var/lib/snapd/desktop'), ('PYTHONPATH', '/home/yahboom/5550_ros2_ws/build/drone_description:/home/yahboom/5550_ros2_ws/install/drone_description/lib/python3.10/site-packages:/home/yahboom/5550_ros2_ws/install/cartographer_ros_msgs/local/lib/python3.10/dist-packages:/opt/ros/humble/lib/python3.10/site-packages:/opt/ros/humble/local/lib/python3.10/dist-packages'), ('LC_NUMERIC', 'en_AU.UTF-8'), ('LC_PAPER', 'en_AU.UTF-8'), ('COLCON', '1'), ('VTE_VERSION', '6800'), ('CMAKE_PREFIX_PATH', '/home/yahboom/5550_ros2_ws/install/cartographer_ros_msgs:/home/yahboom/5550_ros2_ws/install/cartographer:/home/yahboom/5550_ros2_ws/install/example_cpp:/home/yahboom/yahboomcar_ws/install/ydlidar_ros2_driver:/home/yahboom/yahboomcar_ws/install/slam_gmapping:/home/yahboom/yahboomcar_ws/install/rf2o_laser_odometry:/home/yahboom/yahboomcar_ws/install/openslam_gmapping:/home/yahboom/5550_ros2_ws/install/drone_description:/opt/ros/humble')]), 'shell': False}
[227.232205] (cartographer_ros) StdoutLine: {'line': b'[  2%] \x1b[32mBuilding CXX object CMakeFiles/cartographer_ros.dir/src/assets_writer.cpp.o\x1b[0m\n'}
[227.232901] (cartographer_ros) StdoutLine: {'line': b'[  5%] \x1b[32mBuilding CXX object CMakeFiles/cartographer_ros.dir/src/map_builder_bridge.cpp.o\x1b[0m\n'}
[227.247894] (-) TimerEvent: {}
[227.348313] (-) TimerEvent: {}
[227.448715] (-) TimerEvent: {}
[227.549320] (-) TimerEvent: {}
[227.649687] (-) TimerEvent: {}
[227.750123] (-) TimerEvent: {}
[227.850479] (-) TimerEvent: {}
[227.950822] (-) TimerEvent: {}
[228.051214] (-) TimerEvent: {}
[228.151551] (-) TimerEvent: {}
[228.242660] (cartographer_ros) StdoutLine: {'line': b'[  8%] \x1b[32mBuilding CXX object CMakeFiles/cartographer_ros.dir/src/msg_conversion.cpp.o\x1b[0m\n'}
[228.242833] (cartographer_ros) StdoutLine: {'line': b'[ 11%] \x1b[32mBuilding CXX object CMakeFiles/cartographer_ros.dir/src/node_constants.cpp.o\x1b[0m\n'}
[228.251774] (-) TimerEvent: {}
[228.352068] (-) TimerEvent: {}
[228.453778] (-) TimerEvent: {}
[228.554077] (-) TimerEvent: {}
[228.623329] (cartographer_ros) StdoutLine: {'line': b'[ 14%] \x1b[32mBuilding CXX object CMakeFiles/cartographer_ros.dir/src/node.cpp.o\x1b[0m\n'}
[228.654181] (-) TimerEvent: {}
[228.754465] (-) TimerEvent: {}
[228.854762] (-) TimerEvent: {}
[228.955067] (-) TimerEvent: {}
[229.057890] (-) TimerEvent: {}
[229.158189] (-) TimerEvent: {}
[229.258485] (-) TimerEvent: {}
[229.358781] (-) TimerEvent: {}
[229.459139] (-) TimerEvent: {}
[229.559443] (-) TimerEvent: {}
[229.659728] (-) TimerEvent: {}
[229.760035] (-) TimerEvent: {}
[229.860331] (-) TimerEvent: {}
[229.960626] (-) TimerEvent: {}
[230.062921] (-) TimerEvent: {}
[230.163213] (-) TimerEvent: {}
[230.263490] (-) TimerEvent: {}
[230.363883] (-) TimerEvent: {}
[230.464164] (-) TimerEvent: {}
[230.564553] (-) TimerEvent: {}
[230.664937] (-) TimerEvent: {}
[230.767777] (-) TimerEvent: {}
[230.868161] (-) TimerEvent: {}
[230.968547] (-) TimerEvent: {}
[231.068940] (-) TimerEvent: {}
[231.169243] (-) TimerEvent: {}
[231.269520] (-) TimerEvent: {}
[231.369773] (-) TimerEvent: {}
[231.470084] (-) TimerEvent: {}
[231.570379] (-) TimerEvent: {}
[231.670678] (-) TimerEvent: {}
[231.771035] (-) TimerEvent: {}
[231.872950] (-) TimerEvent: {}
[231.973238] (-) TimerEvent: {}
[232.073558] (-) TimerEvent: {}
[232.173966] (-) TimerEvent: {}
[232.274349] (-) TimerEvent: {}
[232.377883] (-) TimerEvent: {}
[232.478186] (-) TimerEvent: {}
[232.578626] (-) TimerEvent: {}
[232.679895] (-) TimerEvent: {}
[232.780210] (-) TimerEvent: {}
[232.880737] (-) TimerEvent: {}
[232.981199] (-) TimerEvent: {}
[233.082063] (-) TimerEvent: {}
[233.182798] (-) TimerEvent: {}
[233.283369] (-) TimerEvent: {}
[233.386765] (-) TimerEvent: {}
[233.487130] (-) TimerEvent: {}
[233.589772] (-) TimerEvent: {}
[233.690198] (-) TimerEvent: {}
[233.791090] (-) TimerEvent: {}
[233.891408] (-) TimerEvent: {}
[233.994258] (-) TimerEvent: {}
[234.301782] (-) TimerEvent: {}
[234.405341] (-) TimerEvent: {}
[234.508881] (-) TimerEvent: {}
[234.609260] (-) TimerEvent: {}
[234.709653] (-) TimerEvent: {}
[234.810048] (-) TimerEvent: {}
[234.910327] (-) TimerEvent: {}
[235.010728] (-) TimerEvent: {}
[235.111098] (-) TimerEvent: {}
[235.211509] (-) TimerEvent: {}
[235.311993] (-) TimerEvent: {}
[235.412422] (-) TimerEvent: {}
[235.512775] (-) TimerEvent: {}
[235.613170] (-) TimerEvent: {}
[235.714777] (-) TimerEvent: {}
[235.815053] (-) TimerEvent: {}
[235.915316] (-) TimerEvent: {}
[236.016786] (-) TimerEvent: {}
[236.117109] (-) TimerEvent: {}
[236.219143] (cartographer_ros) StdoutLine: {'line': b'[ 17%] \x1b[32mBuilding CXX object CMakeFiles/cartographer_ros.dir/src/node_options.cpp.o\x1b[0m\n'}
[236.245216] (-) TimerEvent: {}
[236.345540] (-) TimerEvent: {}
[236.445775] (-) TimerEvent: {}
[236.546170] (-) TimerEvent: {}
[236.646548] (-) TimerEvent: {}
[236.747537] (-) TimerEvent: {}
[236.847766] (-) TimerEvent: {}
[236.948041] (-) TimerEvent: {}
[237.048740] (-) TimerEvent: {}
[237.069776] (cartographer_ros) StdoutLine: {'line': b'[ 20%] \x1b[32mBuilding CXX object CMakeFiles/cartographer_ros.dir/src/offline_node.cpp.o\x1b[0m\n'}
[237.150767] (-) TimerEvent: {}
[237.251069] (-) TimerEvent: {}
[237.352021] (-) TimerEvent: {}
[237.453536] (-) TimerEvent: {}
[237.554660] (-) TimerEvent: {}
[237.655041] (-) TimerEvent: {}
[237.755408] (-) TimerEvent: {}
[237.856285] (-) TimerEvent: {}
[237.956640] (-) TimerEvent: {}
[238.057872] (-) TimerEvent: {}
[238.158227] (-) TimerEvent: {}
[238.258584] (-) TimerEvent: {}
[238.358949] (-) TimerEvent: {}
[238.461915] (-) TimerEvent: {}
[238.474236] (cartographer_ros) StdoutLine: {'line': b'[ 22%] \x1b[32mBuilding CXX object CMakeFiles/cartographer_ros.dir/src/playable_bag.cpp.o\x1b[0m\n'}
[238.562068] (-) TimerEvent: {}
[238.662431] (-) TimerEvent: {}
[238.763607] (-) TimerEvent: {}
[238.863985] (-) TimerEvent: {}
[238.964352] (-) TimerEvent: {}
[239.067930] (-) TimerEvent: {}
[239.168322] (-) TimerEvent: {}
[239.268638] (-) TimerEvent: {}
[239.369025] (-) TimerEvent: {}
[239.469397] (-) TimerEvent: {}
[239.569771] (-) TimerEvent: {}
[239.670144] (-) TimerEvent: {}
[239.770519] (-) TimerEvent: {}
[239.807834] (cartographer_ros) StdoutLine: {'line': b'[ 25%] \x1b[32mBuilding CXX object CMakeFiles/cartographer_ros.dir/src/ros_log_sink.cpp.o\x1b[0m\n'}
[239.870627] (-) TimerEvent: {}
[239.970942] (-) TimerEvent: {}
[240.071268] (-) TimerEvent: {}
[240.171564] (-) TimerEvent: {}
[240.271882] (-) TimerEvent: {}
[240.372157] (-) TimerEvent: {}
[240.472446] (-) TimerEvent: {}
[240.572762] (-) TimerEvent: {}
[240.675781] (-) TimerEvent: {}
[240.776094] (-) TimerEvent: {}
[240.876425] (-) TimerEvent: {}
[240.976769] (-) TimerEvent: {}
[241.077147] (-) TimerEvent: {}
[241.177488] (-) TimerEvent: {}
[241.277893] (-) TimerEvent: {}
[241.378215] (-) TimerEvent: {}
[241.478547] (-) TimerEvent: {}
[241.580805] (-) TimerEvent: {}
[241.681136] (-) TimerEvent: {}
[241.781461] (-) TimerEvent: {}
[241.881785] (-) TimerEvent: {}
[241.982097] (-) TimerEvent: {}
[242.082437] (-) TimerEvent: {}
[242.182764] (-) TimerEvent: {}
[242.284798] (-) TimerEvent: {}
[242.385145] (-) TimerEvent: {}
[242.485496] (-) TimerEvent: {}
[242.585794] (-) TimerEvent: {}
[242.686124] (-) TimerEvent: {}
[242.786445] (-) TimerEvent: {}
[242.854358] (cartographer_ros) StdoutLine: {'line': b'[ 28%] \x1b[32mBuilding CXX object CMakeFiles/cartographer_ros.dir/src/ros_map.cpp.o\x1b[0m\n'}
[242.886560] (-) TimerEvent: {}
[242.986961] (-) TimerEvent: {}
[243.087362] (-) TimerEvent: {}
[243.188944] (-) TimerEvent: {}
[243.289330] (-) TimerEvent: {}
[243.389723] (-) TimerEvent: {}
[243.490125] (-) TimerEvent: {}
[243.590565] (-) TimerEvent: {}
[243.692993] (-) TimerEvent: {}
[243.793380] (-) TimerEvent: {}
[243.893759] (-) TimerEvent: {}
[243.994153] (-) TimerEvent: {}
[244.072820] (cartographer_ros) StdoutLine: {'line': b'[ 31%] \x1b[32mBuilding CXX object CMakeFiles/cartographer_ros.dir/src/ros_map_writing_points_processor.cpp.o\x1b[0m\n'}
[244.094264] (-) TimerEvent: {}
[244.194538] (-) TimerEvent: {}
[244.294883] (-) TimerEvent: {}
[244.395179] (-) TimerEvent: {}
[244.495489] (-) TimerEvent: {}
[244.596901] (-) TimerEvent: {}
[244.697178] (-) TimerEvent: {}
[244.797476] (-) TimerEvent: {}
[244.897777] (-) TimerEvent: {}
[244.999894] (-) TimerEvent: {}
[245.100255] (-) TimerEvent: {}
[245.200623] (-) TimerEvent: {}
[245.300950] (-) TimerEvent: {}
[245.401245] (-) TimerEvent: {}
[245.501536] (-) TimerEvent: {}
[245.601779] (-) TimerEvent: {}
[245.702081] (-) TimerEvent: {}
[245.804951] (-) TimerEvent: {}
[245.906123] (-) TimerEvent: {}
[246.006588] (-) TimerEvent: {}
[246.106980] (-) TimerEvent: {}
[246.207357] (-) TimerEvent: {}
[246.307773] (-) TimerEvent: {}
[246.408150] (-) TimerEvent: {}
[246.508471] (-) TimerEvent: {}
[246.608812] (-) TimerEvent: {}
[246.643750] (cartographer_ros) StdoutLine: {'line': b'[ 34%] \x1b[32mBuilding CXX object CMakeFiles/cartographer_ros.dir/src/sensor_bridge.cpp.o\x1b[0m\n'}
[246.708926] (-) TimerEvent: {}
[246.809243] (-) TimerEvent: {}
[246.910141] (-) TimerEvent: {}
[247.010623] (-) TimerEvent: {}
[247.111099] (-) TimerEvent: {}
[247.211650] (-) TimerEvent: {}
[247.312136] (-) TimerEvent: {}
[247.412690] (-) TimerEvent: {}
[247.513413] (-) TimerEvent: {}
[247.614024] (-) TimerEvent: {}
[247.715138] (-) TimerEvent: {}
[247.815511] (-) TimerEvent: {}
[247.915966] (-) TimerEvent: {}
[247.928985] (cartographer_ros) StdoutLine: {'line': b'[ 37%] \x1b[32mBuilding CXX object CMakeFiles/cartographer_ros.dir/src/submap.cpp.o\x1b[0m\n'}
[248.016766] (-) TimerEvent: {}
[248.117085] (-) TimerEvent: {}
[248.217367] (-) TimerEvent: {}
[248.318079] (-) TimerEvent: {}
[248.418587] (-) TimerEvent: {}
[248.518931] (-) TimerEvent: {}
[248.619765] (-) TimerEvent: {}
[248.721195] (-) TimerEvent: {}
[248.821547] (-) TimerEvent: {}
[248.921795] (-) TimerEvent: {}
[249.022342] (-) TimerEvent: {}
[249.123186] (-) TimerEvent: {}
[249.226886] (-) TimerEvent: {}
[249.327680] (-) TimerEvent: {}
[249.430264] (-) TimerEvent: {}
[249.530556] (-) TimerEvent: {}
[249.602809] (cartographer_ros) StdoutLine: {'line': b'[ 40%] \x1b[32mBuilding CXX object CMakeFiles/cartographer_ros.dir/src/tf_bridge.cpp.o\x1b[0m\n'}
[249.630674] (-) TimerEvent: {}
[249.730967] (-) TimerEvent: {}
[249.831245] (-) TimerEvent: {}
[249.931518] (-) TimerEvent: {}
[250.031773] (-) TimerEvent: {}
[250.132062] (-) TimerEvent: {}
[250.232898] (-) TimerEvent: {}
[250.335767] (-) TimerEvent: {}
[250.436197] (-) TimerEvent: {}
[250.538341] (-) TimerEvent: {}
[250.638694] (-) TimerEvent: {}
[250.739062] (-) TimerEvent: {}
[250.839446] (-) TimerEvent: {}
[250.939774] (-) TimerEvent: {}
[251.041614] (-) TimerEvent: {}
[251.142691] (-) TimerEvent: {}
[251.243079] (-) TimerEvent: {}
[251.343556] (-) TimerEvent: {}
[251.444938] (-) TimerEvent: {}
[251.545345] (-) TimerEvent: {}
[251.645771] (-) TimerEvent: {}
[251.746126] (-) TimerEvent: {}
[251.848945] (-) TimerEvent: {}
[251.949282] (-) TimerEvent: {}
[252.049683] (-) TimerEvent: {}
[252.150118] (-) TimerEvent: {}
[252.250501] (-) TimerEvent: {}
[252.350955] (-) TimerEvent: {}
[252.451299] (-) TimerEvent: {}
[252.551672] (-) TimerEvent: {}
[252.652084] (-) TimerEvent: {}
[252.753334] (-) TimerEvent: {}
[252.853628] (-) TimerEvent: {}
[252.954008] (-) TimerEvent: {}
[253.054400] (-) TimerEvent: {}
[253.155274] (-) TimerEvent: {}
[253.258027] (-) TimerEvent: {}
[253.362146] (-) TimerEvent: {}
[253.464947] (-) TimerEvent: {}
[253.565279] (-) TimerEvent: {}
[253.665658] (-) TimerEvent: {}
[253.766070] (-) TimerEvent: {}
[253.866486] (-) TimerEvent: {}
[253.968325] (-) TimerEvent: {}
[254.068677] (-) TimerEvent: {}
[254.169115] (-) TimerEvent: {}
[254.269499] (-) TimerEvent: {}
[254.370390] (-) TimerEvent: {}
[254.470919] (-) TimerEvent: {}
[254.571418] (-) TimerEvent: {}
[254.673775] (-) TimerEvent: {}
[254.774061] (-) TimerEvent: {}
[254.874342] (-) TimerEvent: {}
[254.975078] (-) TimerEvent: {}
[255.075421] (-) TimerEvent: {}
[255.184645] (-) TimerEvent: {}
[255.247259] (cartographer_ros) StdoutLine: {'line': b'[ 42%] \x1b[32mBuilding CXX object CMakeFiles/cartographer_ros.dir/src/time_conversion.cpp.o\x1b[0m\n'}
[255.284831] (-) TimerEvent: {}
[255.385958] (-) TimerEvent: {}
[255.486311] (-) TimerEvent: {}
[255.525498] (cartographer_ros) StdoutLine: {'line': b'[ 45%] \x1b[32mBuilding CXX object CMakeFiles/cartographer_ros.dir/src/trajectory_options.cpp.o\x1b[0m\n'}
[255.586418] (-) TimerEvent: {}
[255.686938] (-) TimerEvent: {}
[255.787914] (-) TimerEvent: {}
[255.888258] (-) TimerEvent: {}
[255.990762] (-) TimerEvent: {}
[256.091080] (-) TimerEvent: {}
[256.191339] (-) TimerEvent: {}
[256.291595] (-) TimerEvent: {}
[256.391930] (-) TimerEvent: {}
[256.492200] (-) TimerEvent: {}
[256.594633] (-) TimerEvent: {}
[256.622555] (cartographer_ros) StdoutLine: {'line': b'[ 48%] \x1b[32mBuilding CXX object CMakeFiles/cartographer_ros.dir/src/urdf_reader.cpp.o\x1b[0m\n'}
[256.694736] (-) TimerEvent: {}
[256.795119] (-) TimerEvent: {}
[256.895461] (-) TimerEvent: {}
[256.995769] (-) TimerEvent: {}
[257.096449] (-) TimerEvent: {}
[257.198158] (-) TimerEvent: {}
[257.298512] (-) TimerEvent: {}
[257.398886] (-) TimerEvent: {}
[257.499249] (-) TimerEvent: {}
[257.599603] (-) TimerEvent: {}
[257.700567] (-) TimerEvent: {}
[257.800921] (-) TimerEvent: {}
[257.901207] (-) TimerEvent: {}
[258.003723] (-) TimerEvent: {}
[258.104111] (-) TimerEvent: {}
[258.205044] (-) TimerEvent: {}
[258.305407] (-) TimerEvent: {}
[258.405757] (-) TimerEvent: {}
[258.506150] (-) TimerEvent: {}
[258.606414] (-) TimerEvent: {}
[258.706850] (-) TimerEvent: {}
[258.807221] (-) TimerEvent: {}
[258.907341] (cartographer_ros) StdoutLine: {'line': b'[ 51%] \x1b[32mBuilding CXX object CMakeFiles/cartographer_ros.dir/src/metrics/family_factory.cpp.o\x1b[0m\n'}
[258.907504] (-) TimerEvent: {}
[259.009338] (-) TimerEvent: {}
[259.109700] (-) TimerEvent: {}
[259.210088] (-) TimerEvent: {}
[259.311768] (-) TimerEvent: {}
[259.412043] (-) TimerEvent: {}
[259.512322] (-) TimerEvent: {}
[259.612603] (-) TimerEvent: {}
[259.712923] (-) TimerEvent: {}
[259.813278] (-) TimerEvent: {}
[259.916931] (-) TimerEvent: {}
[259.990040] (cartographer_ros) StdoutLine: {'line': b'[ 54%] \x1b[32mBuilding CXX object CMakeFiles/cartographer_ros.dir/src/metrics/internal/family.cpp.o\x1b[0m\n'}
[260.014532] (-) TimerEvent: {}
[260.114780] (-) TimerEvent: {}
[260.215765] (-) TimerEvent: {}
[260.316122] (-) TimerEvent: {}
[260.416527] (-) TimerEvent: {}
[260.516889] (-) TimerEvent: {}
[260.613228] (cartographer_ros) StdoutLine: {'line': b'[ 57%] \x1b[32mBuilding CXX object CMakeFiles/cartographer_ros.dir/src/metrics/internal/histogram.cpp.o\x1b[0m\n'}
[260.616975] (-) TimerEvent: {}
[260.717467] (-) TimerEvent: {}
[260.818229] (-) TimerEvent: {}
[260.918601] (-) TimerEvent: {}
[261.019482] (-) TimerEvent: {}
[261.119825] (-) TimerEvent: {}
[261.220248] (-) TimerEvent: {}
[261.320628] (-) TimerEvent: {}
[261.420934] (-) TimerEvent: {}
[261.521226] (-) TimerEvent: {}
[261.621586] (-) TimerEvent: {}
[261.721929] (-) TimerEvent: {}
[261.822310] (-) TimerEvent: {}
[261.922681] (-) TimerEvent: {}
[262.022962] (-) TimerEvent: {}
[262.123361] (-) TimerEvent: {}
[262.223745] (-) TimerEvent: {}
[262.324084] (-) TimerEvent: {}
[262.424394] (-) TimerEvent: {}
[262.524642] (-) TimerEvent: {}
[262.624922] (-) TimerEvent: {}
[262.725263] (-) TimerEvent: {}
[262.825634] (-) TimerEvent: {}
[262.925994] (-) TimerEvent: {}
[263.026272] (-) TimerEvent: {}
[263.126554] (-) TimerEvent: {}
[263.226837] (-) TimerEvent: {}
[263.327125] (-) TimerEvent: {}
[263.427376] (-) TimerEvent: {}
[263.527626] (-) TimerEvent: {}
[263.627912] (-) TimerEvent: {}
[263.728184] (-) TimerEvent: {}
[263.828425] (-) TimerEvent: {}
[263.928740] (-) TimerEvent: {}
[264.029011] (-) TimerEvent: {}
[264.129267] (-) TimerEvent: {}
[264.229515] (-) TimerEvent: {}
[264.329770] (-) TimerEvent: {}
[264.430020] (-) TimerEvent: {}
[264.530271] (-) TimerEvent: {}
[264.630535] (-) TimerEvent: {}
[264.730793] (-) TimerEvent: {}
[264.831048] (-) TimerEvent: {}
[264.931301] (-) TimerEvent: {}
[265.031571] (-) TimerEvent: {}
[265.131855] (-) TimerEvent: {}
[265.232107] (-) TimerEvent: {}
[265.332353] (-) TimerEvent: {}
[265.432610] (-) TimerEvent: {}
[265.532876] (-) TimerEvent: {}
[265.633149] (-) TimerEvent: {}
[265.733481] (-) TimerEvent: {}
[265.833754] (-) TimerEvent: {}
[265.934020] (-) TimerEvent: {}
[266.034275] (-) TimerEvent: {}
[266.134580] (-) TimerEvent: {}
[266.234887] (-) TimerEvent: {}
[266.335169] (-) TimerEvent: {}
[266.435453] (-) TimerEvent: {}
[266.535709] (-) TimerEvent: {}
[266.635969] (-) TimerEvent: {}
[266.736219] (-) TimerEvent: {}
[266.836491] (-) TimerEvent: {}
[266.936740] (-) TimerEvent: {}
[267.037039] (-) TimerEvent: {}
[267.137293] (-) TimerEvent: {}
[267.237558] (-) TimerEvent: {}
[267.337827] (-) TimerEvent: {}
[267.438315] (-) TimerEvent: {}
[267.538789] (-) TimerEvent: {}
[267.639325] (-) TimerEvent: {}
[267.739820] (-) TimerEvent: {}
[267.840304] (-) TimerEvent: {}
[267.940847] (-) TimerEvent: {}
[268.041515] (-) TimerEvent: {}
[268.141915] (-) TimerEvent: {}
[268.242405] (-) TimerEvent: {}
[268.343099] (-) TimerEvent: {}
[268.443647] (-) TimerEvent: {}
[268.544168] (-) TimerEvent: {}
[268.644501] (-) TimerEvent: {}
[268.744967] (-) TimerEvent: {}
[268.845474] (-) TimerEvent: {}
[268.946002] (-) TimerEvent: {}
[269.046452] (-) TimerEvent: {}
[269.146966] (-) TimerEvent: {}
[269.247366] (-) TimerEvent: {}
[269.347822] (-) TimerEvent: {}
[269.448237] (-) TimerEvent: {}
[269.548742] (-) TimerEvent: {}
[269.649171] (-) TimerEvent: {}
[269.749615] (-) TimerEvent: {}
[269.850008] (-) TimerEvent: {}
[269.950428] (-) TimerEvent: {}
[270.050946] (-) TimerEvent: {}
[270.151386] (-) TimerEvent: {}
[270.251764] (-) TimerEvent: {}
[270.352304] (-) TimerEvent: {}
[270.453072] (-) TimerEvent: {}
[270.553560] (-) TimerEvent: {}
[270.654118] (-) TimerEvent: {}
[270.754490] (-) TimerEvent: {}
[270.854969] (-) TimerEvent: {}
[270.955476] (-) TimerEvent: {}
[271.055772] (-) TimerEvent: {}
[271.156128] (-) TimerEvent: {}
[271.256519] (-) TimerEvent: {}
[271.356865] (-) TimerEvent: {}
[271.457211] (-) TimerEvent: {}
[271.557509] (-) TimerEvent: {}
[271.657795] (-) TimerEvent: {}
[271.758098] (-) TimerEvent: {}
[271.858592] (-) TimerEvent: {}
[271.958957] (-) TimerEvent: {}
[272.059278] (-) TimerEvent: {}
[272.159678] (-) TimerEvent: {}
[272.260019] (-) TimerEvent: {}
[272.360349] (-) TimerEvent: {}
[272.460672] (-) TimerEvent: {}
[272.560988] (-) TimerEvent: {}
[272.661331] (-) TimerEvent: {}
[272.761681] (-) TimerEvent: {}
[272.861960] (-) TimerEvent: {}
[272.962254] (-) TimerEvent: {}
[273.062559] (-) TimerEvent: {}
[273.162885] (-) TimerEvent: {}
[273.263284] (-) TimerEvent: {}
[273.363622] (-) TimerEvent: {}
[273.463989] (-) TimerEvent: {}
[273.564300] (-) TimerEvent: {}
[273.664627] (-) TimerEvent: {}
[273.764976] (-) TimerEvent: {}
[273.865248] (-) TimerEvent: {}
[273.965604] (-) TimerEvent: {}
[274.065899] (-) TimerEvent: {}
[274.166205] (-) TimerEvent: {}
[274.266469] (-) TimerEvent: {}
[274.366780] (-) TimerEvent: {}
[274.467027] (-) TimerEvent: {}
[274.567330] (-) TimerEvent: {}
[274.667754] (-) TimerEvent: {}
[274.768165] (-) TimerEvent: {}
[274.868437] (-) TimerEvent: {}
[274.968753] (-) TimerEvent: {}
[275.069025] (-) TimerEvent: {}
[275.169315] (-) TimerEvent: {}
[275.269760] (-) TimerEvent: {}
[275.370527] (-) TimerEvent: {}
[275.470928] (-) TimerEvent: {}
[275.571229] (-) TimerEvent: {}
[275.671623] (-) TimerEvent: {}
[275.771920] (-) TimerEvent: {}
[275.872180] (-) TimerEvent: {}
[275.972429] (-) TimerEvent: {}
[276.072812] (-) TimerEvent: {}
[276.173059] (-) TimerEvent: {}
[276.273419] (-) TimerEvent: {}
[276.373835] (-) TimerEvent: {}
[276.474133] (-) TimerEvent: {}
[276.574449] (-) TimerEvent: {}
[276.674711] (-) TimerEvent: {}
[276.775136] (-) TimerEvent: {}
[276.875679] (-) TimerEvent: {}
[276.976015] (-) TimerEvent: {}
[277.076469] (-) TimerEvent: {}
[277.126654] (cartographer_ros) StdoutLine: {'line': b'[ 60%] \x1b[32m\x1b[1mLinking CXX shared library libcartographer_ros.so\x1b[0m\n'}
[277.176568] (-) TimerEvent: {}
[277.276775] (-) TimerEvent: {}
[277.377084] (-) TimerEvent: {}
[277.477356] (-) TimerEvent: {}
[277.577624] (-) TimerEvent: {}
[277.677898] (-) TimerEvent: {}
[277.778223] (-) TimerEvent: {}
[277.878539] (-) TimerEvent: {}
[277.978805] (-) TimerEvent: {}
[278.079152] (-) TimerEvent: {}
[278.179491] (-) TimerEvent: {}
[278.279795] (-) TimerEvent: {}
[278.380112] (-) TimerEvent: {}
[278.480450] (-) TimerEvent: {}
[278.580786] (-) TimerEvent: {}
[278.681168] (-) TimerEvent: {}
[278.781444] (-) TimerEvent: {}
[278.881781] (-) TimerEvent: {}
[278.982075] (-) TimerEvent: {}
[279.082410] (-) TimerEvent: {}
[279.182728] (-) TimerEvent: {}
[279.283022] (-) TimerEvent: {}
[279.383335] (-) TimerEvent: {}
[279.483680] (-) TimerEvent: {}
[279.584031] (-) TimerEvent: {}
[279.684296] (-) TimerEvent: {}
[279.784553] (-) TimerEvent: {}
[279.851751] (cartographer_ros) StdoutLine: {'line': b'[ 60%] Built target cartographer_ros\n'}
[279.878535] (cartographer_ros) StdoutLine: {'line': b'[ 62%] \x1b[32mBuilding CXX object CMakeFiles/cartographer_assets_writer.dir/src/assets_writer_main.cpp.o\x1b[0m\n'}
[279.879892] (cartographer_ros) StdoutLine: {'line': b'[ 65%] \x1b[32mBuilding CXX object CMakeFiles/cartographer_node.dir/src/node_main.cpp.o\x1b[0m\n'}
[279.880262] (cartographer_ros) StdoutLine: {'line': b'[ 68%] \x1b[32mBuilding CXX object CMakeFiles/cartographer_occupancy_grid_node.dir/src/occupancy_grid_node_main.cpp.o\x1b[0m\n'}
[279.880315] (cartographer_ros) StdoutLine: {'line': b'[ 71%] \x1b[32mBuilding CXX object CMakeFiles/cartographer_offline_node.dir/src/offline_node_main.cpp.o\x1b[0m\n'}
[279.884668] (-) TimerEvent: {}
[279.986759] (-) TimerEvent: {}
[280.087010] (-) TimerEvent: {}
[280.187272] (-) TimerEvent: {}
[280.287532] (-) TimerEvent: {}
[280.387767] (-) TimerEvent: {}
[280.488080] (-) TimerEvent: {}
[280.588438] (-) TimerEvent: {}
[280.688721] (-) TimerEvent: {}
[280.789035] (-) TimerEvent: {}
[280.890882] (-) TimerEvent: {}
[280.991239] (-) TimerEvent: {}
[281.091621] (-) TimerEvent: {}
[281.191992] (-) TimerEvent: {}
[281.292284] (-) TimerEvent: {}
[281.392562] (-) TimerEvent: {}
[281.492874] (-) TimerEvent: {}
[281.594897] (-) TimerEvent: {}
[281.695184] (-) TimerEvent: {}
[281.795482] (-) TimerEvent: {}
[281.895795] (-) TimerEvent: {}
[281.996099] (-) TimerEvent: {}
[282.096379] (-) TimerEvent: {}
[282.196669] (-) TimerEvent: {}
[282.297898] (-) TimerEvent: {}
[282.398216] (-) TimerEvent: {}
[282.498482] (-) TimerEvent: {}
[282.598761] (-) TimerEvent: {}
[282.700771] (-) TimerEvent: {}
[282.801120] (-) TimerEvent: {}
[282.901490] (-) TimerEvent: {}
[283.001776] (-) TimerEvent: {}
[283.102057] (-) TimerEvent: {}
[283.202337] (-) TimerEvent: {}
[283.302622] (-) TimerEvent: {}
[283.402941] (-) TimerEvent: {}
[283.504900] (-) TimerEvent: {}
[283.605236] (-) TimerEvent: {}
[283.705541] (-) TimerEvent: {}
[283.805879] (-) TimerEvent: {}
[283.906259] (-) TimerEvent: {}
[284.006629] (-) TimerEvent: {}
[284.107926] (-) TimerEvent: {}
[284.208198] (-) TimerEvent: {}
[284.308567] (-) TimerEvent: {}
[284.408936] (-) TimerEvent: {}
[284.509909] (-) TimerEvent: {}
[284.610217] (-) TimerEvent: {}
[284.712941] (-) TimerEvent: {}
[284.813297] (-) TimerEvent: {}
[284.913682] (-) TimerEvent: {}
[285.014061] (-) TimerEvent: {}
[285.114404] (-) TimerEvent: {}
[285.214814] (-) TimerEvent: {}
[285.524165] (-) TimerEvent: {}
[285.596887] (cartographer_ros) StdoutLine: {'line': b'[ 74%] \x1b[32m\x1b[1mLinking CXX executable cartographer_offline_node\x1b[0m\n'}
[285.624254] (-) TimerEvent: {}
[285.724625] (-) TimerEvent: {}
[285.825001] (-) TimerEvent: {}
[285.925888] (-) TimerEvent: {}
[286.026252] (-) TimerEvent: {}
[286.130771] (-) TimerEvent: {}
[286.231073] (-) TimerEvent: {}
[286.331381] (-) TimerEvent: {}
[286.431670] (-) TimerEvent: {}
[286.531978] (-) TimerEvent: {}
[286.632282] (-) TimerEvent: {}
[286.732600] (-) TimerEvent: {}
[286.767298] (cartographer_ros) StdoutLine: {'line': b'[ 77%] \x1b[32m\x1b[1mLinking CXX executable cartographer_assets_writer\x1b[0m\n'}
[286.812604] (cartographer_ros) StdoutLine: {'line': b'[ 80%] \x1b[32m\x1b[1mLinking CXX executable cartographer_node\x1b[0m\n'}
[286.832719] (-) TimerEvent: {}
[286.935959] (-) TimerEvent: {}
[287.036338] (-) TimerEvent: {}
[287.057653] (cartographer_ros) StdoutLine: {'line': b'[ 80%] Built target cartographer_offline_node\n'}
[287.092448] (cartographer_ros) StdoutLine: {'line': b'[ 82%] \x1b[32mBuilding CXX object CMakeFiles/cartographer_pbstream_map_publisher.dir/src/pbstream_map_publisher_main.cpp.o\x1b[0m\n'}
[287.136459] (-) TimerEvent: {}
[287.236882] (-) TimerEvent: {}
[287.337294] (-) TimerEvent: {}
[287.437659] (-) TimerEvent: {}
[287.538045] (-) TimerEvent: {}
[287.638379] (-) TimerEvent: {}
[287.741950] (-) TimerEvent: {}
[287.842290] (-) TimerEvent: {}
[287.942634] (-) TimerEvent: {}
[288.042976] (-) TimerEvent: {}
[288.143280] (-) TimerEvent: {}
[288.163796] (cartographer_ros) StdoutLine: {'line': b'[ 82%] Built target cartographer_assets_writer\n'}
[288.196105] (cartographer_ros) StdoutLine: {'line': b'[ 85%] \x1b[32mBuilding CXX object CMakeFiles/cartographer_pbstream_to_ros_map.dir/src/pbstream_to_ros_map_main.cpp.o\x1b[0m\n'}
[288.212516] (cartographer_ros) StdoutLine: {'line': b'[ 85%] Built target cartographer_node\n'}
[288.237519] (cartographer_ros) StdoutLine: {'line': b'[ 88%] \x1b[32mBuilding CXX object CMakeFiles/cartographer_rosbag_validate.dir/src/rosbag_validate_main.cpp.o\x1b[0m\n'}
[288.243374] (-) TimerEvent: {}
[288.343945] (-) TimerEvent: {}
[288.444889] (-) TimerEvent: {}
[288.545158] (-) TimerEvent: {}
[288.645430] (-) TimerEvent: {}
[288.747269] (-) TimerEvent: {}
[288.847821] (-) TimerEvent: {}
[288.948158] (-) TimerEvent: {}
[289.048526] (-) TimerEvent: {}
[289.150806] (-) TimerEvent: {}
[289.251080] (-) TimerEvent: {}
[289.351342] (-) TimerEvent: {}
[289.451609] (-) TimerEvent: {}
[289.551897] (-) TimerEvent: {}
[289.652164] (-) TimerEvent: {}
[289.732541] (cartographer_ros) StderrLine: {'line': b'\x1b[01m\x1b[K/home/yahboom/5550_ros2_ws/src/cartographer_ros/cartographer_ros/src/rosbag_validate_main.cpp:44:10:\x1b[m\x1b[K \x1b[01;31m\x1b[Kfatal error: \x1b[m\x1b[Ktf2/utils.hpp: No such file or directory\n'}
[289.736359] (cartographer_ros) StderrLine: {'line': b'   44 | #include \x1b[01;31m\x1b[K<tf2/utils.hpp>\x1b[m\x1b[K\n'}
[289.736477] (cartographer_ros) StderrLine: {'line': b'      |          \x1b[01;31m\x1b[K^~~~~~~~~~~~~~~\x1b[m\x1b[K\n'}
[289.736540] (cartographer_ros) StderrLine: {'line': b'compilation terminated.\n'}
[289.740248] (cartographer_ros) StderrLine: {'line': b'gmake[2]: *** [CMakeFiles/cartographer_rosbag_validate.dir/build.make:76: CMakeFiles/cartographer_rosbag_validate.dir/src/rosbag_validate_main.cpp.o] Error 1\n'}
[289.741076] (cartographer_ros) StderrLine: {'line': b'gmake[1]: *** [CMakeFiles/Makefile2:333: CMakeFiles/cartographer_rosbag_validate.dir/all] Error 2\n'}
[289.741380] (cartographer_ros) StderrLine: {'line': b'gmake[1]: *** Waiting for unfinished jobs....\n'}
[289.752238] (-) TimerEvent: {}
[289.852464] (-) TimerEvent: {}
[289.952771] (-) TimerEvent: {}
[290.053027] (-) TimerEvent: {}
[290.154101] (-) TimerEvent: {}
[290.254613] (-) TimerEvent: {}
[290.357766] (-) TimerEvent: {}
[290.458106] (-) TimerEvent: {}
[290.558591] (-) TimerEvent: {}
[290.658889] (-) TimerEvent: {}
[290.759313] (-) TimerEvent: {}
[290.851565] (cartographer_ros) StdoutLine: {'line': b'[ 91%] \x1b[32m\x1b[1mLinking CXX executable cartographer_occupancy_grid_node\x1b[0m\n'}
[290.859458] (-) TimerEvent: {}
[290.959837] (-) TimerEvent: {}
[291.060436] (-) TimerEvent: {}
[291.160906] (-) TimerEvent: {}
[291.261424] (-) TimerEvent: {}
[291.361889] (-) TimerEvent: {}
[291.462181] (-) TimerEvent: {}
[291.562474] (-) TimerEvent: {}
[291.662799] (-) TimerEvent: {}
[291.763179] (-) TimerEvent: {}
[291.863652] (-) TimerEvent: {}
[291.964528] (-) TimerEvent: {}
[292.065080] (-) TimerEvent: {}
[292.165457] (-) TimerEvent: {}
[292.215302] (cartographer_ros) StdoutLine: {'line': b'[ 91%] Built target cartographer_occupancy_grid_node\n'}
[292.265687] (-) TimerEvent: {}
[292.366084] (-) TimerEvent: {}
[292.466418] (-) TimerEvent: {}
[292.566849] (-) TimerEvent: {}
[292.667188] (-) TimerEvent: {}
[292.767586] (-) TimerEvent: {}
[292.868025] (-) TimerEvent: {}
[292.968423] (-) TimerEvent: {}
[293.069066] (-) TimerEvent: {}
[293.169681] (-) TimerEvent: {}
[293.269959] (-) TimerEvent: {}
[293.370372] (-) TimerEvent: {}
[293.470891] (-) TimerEvent: {}
[293.571139] (-) TimerEvent: {}
[293.665068] (cartographer_ros) StdoutLine: {'line': b'[ 94%] \x1b[32m\x1b[1mLinking CXX executable cartographer_pbstream_to_ros_map\x1b[0m\n'}
[293.671270] (-) TimerEvent: {}
[293.771640] (-) TimerEvent: {}
[293.872164] (-) TimerEvent: {}
[293.972573] (-) TimerEvent: {}
[294.072895] (-) TimerEvent: {}
[294.173299] (-) TimerEvent: {}
[294.273707] (-) TimerEvent: {}
[294.374223] (-) TimerEvent: {}
[294.474554] (-) TimerEvent: {}
[294.556625] (cartographer_ros) StdoutLine: {'line': b'[ 94%] Built target cartographer_pbstream_to_ros_map\n'}
[294.574772] (-) TimerEvent: {}
[294.675104] (-) TimerEvent: {}
[294.775386] (-) TimerEvent: {}
[294.814187] (cartographer_ros) StdoutLine: {'line': b'[ 97%] \x1b[32m\x1b[1mLinking CXX executable cartographer_pbstream_map_publisher\x1b[0m\n'}
[294.875663] (-) TimerEvent: {}
[294.976090] (-) TimerEvent: {}
[295.076464] (-) TimerEvent: {}
[295.176896] (-) TimerEvent: {}
[295.277332] (-) TimerEvent: {}
[295.377849] (-) TimerEvent: {}
[295.478148] (-) TimerEvent: {}
[295.578477] (-) TimerEvent: {}
[295.660622] (cartographer_ros) StdoutLine: {'line': b'[ 97%] Built target cartographer_pbstream_map_publisher\n'}
[295.665190] (cartographer_ros) StderrLine: {'line': b'gmake: *** [Makefile:146: all] Error 2\n'}
[295.678559] (-) TimerEvent: {}
[295.715933] (cartographer_ros) CommandEnded: {'returncode': 2}
[295.778690] (-) TimerEvent: {}
[295.881220] (-) TimerEvent: {}
[295.913947] (cartographer_ros) JobEnded: {'identifier': 'cartographer_ros', 'rc': 2}
[295.930823] (cartographer_rviz) JobSkipped: {'identifier': 'cartographer_rviz'}
[295.930871] (-) EventReactorShutdown: {}
